Car_ID,Brand,Model,Year,Fuel_Type,Transmission,KM_Driven,Owner,Engine_CC,Mileage_KMPL,Max_Power_BHP,Seats,Seller_Type,Selling_Price_IDR,Vehicle_Age,KM_Per_Year
CAR00001,Maruti,Baleno,2018,Petrol,Automatic,98376,1,1197,14.7,57,5,Individual,72184040,7,12297
CAR00002,Volkswagen,Polo,2016,Diesel,Manual,57194,3,999,15.8,45,7,Individual,44444990,9,5719.4
CAR00003,Kia,Sonet,2020,Petrol,Manual,58910,1,1197,17.3,65,7,Individual,95880460,5,9818.33
CAR00004,Toyota,Glanza,2021,Petrol,Automatic,62497,1,1197,15.8,56,5,Dealer,82176330,4,12499.4
CAR00005,Toyota,Urban Cruiser,2017,Diesel,Manual,67569,1,1462,18.9,78,5,Individual,66317030,8,7507.67
CAR00006,Renault,Triber,2023,Diesel,Manual,52001,1,999,22,45,5,Dealer,125304810,2,17333.67
CAR00007,Maruti,Dzire,2021,Electric,Automatic,71939,1,1197,17.6,62,7,Dealer,80036550,4,14387.8
CAR00008,Kia,Carens,2015,CNG,Manual,90824,1,1497,20.7,122,5,Dealer,91314950,10,8256.73
CAR00009,Tata,Tiago,2025,Diesel,Automatic,16195,2,1199,17.5,45,5,Individual,97808580,0,16195
CAR00010,Maruti,Baleno,2014,Diesel,Automatic,97184,1,1197,19.4,74,5,Individual,38804270,11,8098.67
CAR00011,Mahindra,Bolero,2021,Diesel,Manual,48786,2,1493,17.5,76,5,Dealer,100750540,4,9757.2
CAR00012,Skoda,Rapid,2019,Diesel,Manual,48784,1,1498,15.8,62,7,Dealer,88101100,6,6969.14
CAR00013,Volkswagen,Taigun,2021,Petrol,Manual,27706,1,1498,18.7,113,5,Dealer,174506260,4,5541.2
CAR00014,Volkswagen,Virtus,2023,Diesel,Automatic,32313,1,1498,27.6,111,7,Individual,196792310,2,10771
CAR00015,Volkswagen,Taigun,2022,Diesel,Manual,55972,1,1498,19,107,5,Individual,188531490,3,13993
CAR00016,Volkswagen,Virtus,2021,Petrol,Automatic,44435,1,1498,15.3,90,5,Individual,186605460,4,8887
CAR00017,Mahindra,XUV500,2024,CNG,Manual,38821,1,2179,18.8,92,7,Individual,214190990,1,19410.5
CAR00018,Hyundai,Grand i10,2022,Diesel,Manual,46144,1,1197,22.1,48,7,Individual,80435930,3,11536
CAR00019,Renault,Triber,2023,Petrol,Manual,39117,1,999,14.9,66,5,Dealer,108747830,2,13039
CAR00020,Toyota,Glanza,2018,Petrol,Manual,75879,2,1197,21.4,71,7,Dealer,70775190,7,9484.88
CAR00021,Mahindra,Bolero,2016,Petrol,Manual,129056,1,1493,12.6,69,7,Individual,56309350,9,12905.6
CAR00022,Honda,Amaze,2016,Petrol,Manual,106784,1,1199,18.1,57,7,Individual,47546930,9,10678.4
CAR00023,Hyundai,Verna,2021,Petrol,Automatic,91460,1,1497,19.5,70,7,Individual,119867010,4,18292
CAR00024,Skoda,Kushaq,2020,Petrol,Manual,91225,1,1498,19.8,120,5,Individual,120107740,5,15204.17
CAR00025,Volkswagen,Virtus,2014,Petrol,Manual,135591,2,1498,19.6,101,5,Dealer,76019380,11,11299.25
CAR00026,Kia,Seltos,2016,Petrol,Manual,60683,1,1497,18.3,91,5,Dealer,95227620,9,6068.3
CAR00027,Toyota,Fortuner,2025,Diesel,Automatic,16846,3,2755,22.8,247,5,Individual,562227100,0,16846
CAR00028,Renault,Kwid,2022,Diesel,Manual,38605,2,999,16.3,45,5,Dealer,62639960,3,9651.25
CAR00029,Mahindra,Thar,2023,Petrol,Manual,33148,1,1997,15.6,120,5,Individual,243308110,2,11049.33
CAR00030,Toyota,Innova,2016,Petrol,Manual,127804,1,2393,16.3,134,5,Dealer,126653050,9,12780.4
CAR00031,Toyota,Fortuner,2014,Petrol,Manual,147094,1,2755,22,332,5,Dealer,156536820,11,12257.83
CAR00032,Tata,Safari,2017,Petrol,Manual,119505,2,1956,18.9,129,5,Individual,97622570,8,13278.33
CAR00033,Maruti,Wagon R,2024,Petrol,Manual,35178,1,1197,19.5,45,5,Dealer,91637950,1,17589
CAR00034,Mahindra,XUV500,2020,Petrol,Manual,95396,1,2179,17,111,5,Individual,121581760,5,15899.33
CAR00035,Renault,Kwid,2023,Petrol,Manual,17269,1,999,20,45,5,Dealer,77325060,2,5756.33
CAR00036,Maruti,Baleno,2019,Electric,Automatic,96147,2,1197,17.8,63,5,Individual,57637260,6,13735.29
CAR00037,Renault,Triber,2019,Petrol,Manual,104646,1,999,16.3,57,7,Individual,55595520,6,14949.43
CAR00038,Renault,Duster,2021,CNG,Manual,74051,1,1498,20.3,60,5,Dealer,121538060,4,14810.2
CAR00039,Tata,Safari,2025,Petrol,Automatic,23061,1,1956,16.1,188,5,Individual,391809260,0,23061
CAR00040,Kia,Seltos,2019,Petrol,Manual,86216,2,1497,16.5,105,7,Individual,106815720,6,12316.57
CAR00041,Hyundai,Venue,2021,CNG,Manual,78533,3,1197,22.6,76,5,Dealer,88956860,4,15706.6
CAR00042,Volkswagen,Polo,2025,Petrol,Manual,21420,1,999,18.2,62,5,Individual,140493030,0,21420
CAR00043,Volkswagen,Vento,2018,Diesel,Manual,47343,1,1498,22.9,55,5,Individual,79449450,7,5917.88
CAR00044,Honda,Jazz,2024,Electric,Manual,29742,1,1199,16.2,56,5,Individual,123354460,1,14871
CAR00045,Maruti,Ertiga,2020,Diesel,Manual,123316,1,1462,23.8,67,5,Individual,92134230,5,20552.67
CAR00046,Skoda,Kushaq,2024,Petrol,Automatic,30185,1,1498,15.6,107,5,Dealer,267597520,1,15092.5
CAR00047,Toyota,Urban Cruiser,2019,Diesel,Automatic,78882,1,1462,23.2,60,5,Individual,100767640,6,11268.86
CAR00048,Renault,Duster,2021,Petrol,Manual,81115,2,1498,16.2,76,7,Individual,84939690,4,16223
CAR00049,Kia,Seltos,2017,Petrol,Manual,55144,1,1497,18.6,113,5,Individual,106757200,8,6127.11
CAR00050,Volkswagen,Virtus,2021,Petrol,Manual,46149,1,1498,14.3,120,7,Individual,183263360,4,9229.8
CAR00051,Volkswagen,Vento,2017,CNG,Manual,62474,1,1498,17.4,70,5,Individual,70193410,8,6941.56
CAR00052,Hyundai,i20,2021,Diesel,Manual,98631,1,1197,21,65,5,Individual,104663400,4,19726.2
CAR00053,Honda,WR-V,2023,Petrol,Manual,74977,1,1498,9.5,63,5,Individual,114598500,2,24992.33
CAR00054,Toyota,Urban Cruiser,2019,Petrol,Manual,65091,1,1462,13.9,78,5,Dealer,77989680,6,9298.71
CAR00055,Toyota,Innova,2019,Diesel,Automatic,110082,1,2393,21.6,138,5,Individual,150698690,6,15726
CAR00056,Maruti,Celerio,2017,CNG,Manual,125893,1,998,19.8,45,7,Individual,36482660,8,13988.11
CAR00057,Mahindra,Bolero,2022,Petrol,Manual,39754,2,1493,14.9,68,5,Individual,126233910,3,9938.5
CAR00058,Hyundai,Verna,2021,Petrol,Manual,32986,2,1497,22.1,85,5,Individual,125385370,4,6597.2
CAR00059,Volkswagen,Vento,2020,CNG,Manual,129753,1,1498,26.6,57,5,Dealer,79195420,5,21625.5
CAR00060,Kia,Sonet,2014,CNG,Manual,57966,1,1197,21,63,5,Individual,58991960,11,4830.5
CAR00061,Skoda,Slavia,2015,CNG,Manual,149702,1,1498,24.8,102,5,Individual,82465510,10,13609.27
CAR00062,Volkswagen,Taigun,2014,Petrol,Manual,113650,2,1498,22.1,76,5,Individual,60189150,11,9470.83
CAR00063,Honda,Jazz,2024,Petrol,Automatic,33238,2,1199,17.5,65,7,Individual,127447820,1,16619
CAR00064,Skoda,Slavia,2024,Petrol,Automatic,33533,1,1498,16,114,5,Individual,231756490,1,16766.5
CAR00065,Toyota,Glanza,2014,Petrol,Manual,87263,1,1197,17.8,67,7,Individual,37926090,11,7271.92
CAR00066,Honda,Jazz,2014,CNG,Manual,111276,1,1199,16.6,61,5,Dealer,33322770,11,9273
CAR00067,Skoda,Slavia,2023,Petrol,Manual,29166,1,1498,19.2,93,5,Dealer,242708660,2,9722
CAR00068,Honda,City,2020,Diesel,Manual,75501,1,1498,18.3,68,5,Individual,97984900,5,12583.5
CAR00069,Maruti,Swift,2017,CNG,Automatic,138685,1,1197,21.2,52,5,Individual,42611490,8,15409.44
CAR00070,Toyota,Urban Cruiser,2021,Electric,Manual,50126,1,1462,22.6,80,5,Individual,118545560,4,10025.2
CAR00071,Volkswagen,Virtus,2016,Diesel,Manual,114463,1,1498,16.8,90,5,Dealer,77824950,9,11446.3
CAR00072,Hyundai,Grand i10,2016,CNG,Automatic,180149,1,1197,20.9,45,5,Individual,29385970,9,18014.9
CAR00073,Toyota,Innova,2018,Petrol,Manual,122262,1,2393,13.4,140,7,Individual,133467210,7,15282.75
CAR00074,Hyundai,Verna,2024,Petrol,Manual,38588,2,1497,16.1,78,7,Individual,145226120,1,19294
CAR00075,Kia,Seltos,2023,Petrol,Manual,9960,1,1497,14.2,110,5,Individual,175741830,2,3320
CAR00076,Toyota,Fortuner,2016,Electric,Manual,144667,1,2755,19.9,266,5,Dealer,199217090,9,14466.7
CAR00077,Honda,Amaze,2020,CNG,Manual,82328,2,1199,14.2,55,5,Individual,64458070,5,13721.33
CAR00078,Tata,Nexon,2024,Petrol,Automatic,13958,1,1199,16.2,87,5,Individual,188832260,1,6979
CAR00079,Mahindra,Bolero,2025,Petrol,Manual,11847,1,1493,19,70,5,Individual,182957270,0,11847
CAR00080,Kia,Sonet,2023,Petrol,Manual,43671,1,1197,18,71,5,Dealer,159353950,2,14557
CAR00081,Skoda,Kushaq,2015,Petrol,Manual,66689,1,1498,20.8,116,5,Dealer,94850660,10,6062.64
CAR00082,Toyota,Glanza,2016,CNG,Manual,84639,3,1197,18.1,67,5,Individual,41381620,9,8463.9
CAR00083,Hyundai,i20,2016,Petrol,Manual,93244,1,1197,16.1,71,7,Individual,60412590,9,9324.4
CAR00084,Renault,Duster,2015,Diesel,Automatic,149022,1,1498,22.1,68,5,Individual,47579420,10,13547.45
CAR00085,Kia,Sonet,2016,Diesel,Manual,92346,1,1197,19,74,5,Dealer,60497520,9,9234.6
CAR00086,Volkswagen,Vento,2017,Petrol,Manual,97711,3,1498,18.1,59,5,Dealer,50488890,8,10856.78
CAR00087,Maruti,Ertiga,2020,Petrol,Manual,96032,2,1462,23.8,86,5,Individual,68543070,5,16005.33
CAR00088,Honda,City,2018,Electric,Manual,52280,1,1498,21.7,74,5,Individual,87443510,7,6535
CAR00089,Volkswagen,Polo,2019,Diesel,Manual,93197,1,999,17.8,45,5,Individual,66519570,6,13313.86
CAR00090,Renault,Duster,2016,Petrol,Automatic,127438,1,1498,14.5,66,5,Individual,50792510,9,12743.8
CAR00091,Toyota,Urban Cruiser,2015,Petrol,Manual,140366,1,1462,16.6,65,5,Dealer,60824890,10,12760.55
CAR00092,Renault,Duster,2025,CNG,Automatic,13224,1,1498,24.1,46,5,Dealer,150588490,0,13224
CAR00093,Renault,Kwid,2021,CNG,Automatic,39949,1,999,22.7,45,5,Individual,60750220,4,7989.8
CAR00094,Honda,WR-V,2016,Diesel,Manual,168973,1,1498,23.6,73,5,Dealer,39991010,9,16897.3
CAR00095,Renault,Duster,2023,Diesel,Manual,24515,2,1498,20.4,74,7,Dealer,147454060,2,8171.67
CAR00096,Tata,Punch,2023,CNG,Automatic,26312,1,1199,14.3,63,5,Individual,135533080,2,8770.67
CAR00097,Tata,Harrier,2025,Petrol,Automatic,25727,1,1956,19.4,149,5,Individual,317574930,0,25727
CAR00098,Kia,Seltos,2015,Diesel,Manual,100924,3,1497,19.6,91,5,Dealer,57873810,10,9174.91
CAR00099,Kia,Carens,2021,Petrol,Manual,73361,1,1497,17.5,90,5,Individual,134691380,4,14672.2
CAR00100,Hyundai,Creta,2025,Diesel,Manual,20834,1,1497,23,104,7,Dealer,253420100,0,20834
CAR00101,Renault,Duster,2023,Electric,Automatic,57582,1,1498,21.7,73,5,Individual,129372140,2,19194
CAR00102,Hyundai,Grand i10,2016,Electric,Automatic,129294,1,1197,24.2,45,5,Dealer,37316570,9,12929.4
CAR00103,Renault,Kwid,2024,Petrol,Automatic,17045,1,999,14.3,45,5,Individual,91807620,1,8522.5
CAR00104,Maruti,Dzire,2019,Diesel,Manual,106207,1,1197,14.7,56,5,Individual,55437440,6,15172.43
CAR00105,Volkswagen,Polo,2019,CNG,Manual,61312,1,999,19.2,58,7,Dealer,59765830,6,8758.86
CAR00106,Volkswagen,Taigun,2020,Electric,Automatic,64879,1,1498,21.6,115,5,Individual,133192280,5,10813.17
CAR00107,Volkswagen,Virtus,2023,Diesel,Manual,49565,2,1498,20.9,96,5,Individual,159411710,2,16521.67
CAR00108,Kia,Carens,2015,Petrol,Automatic,154668,1,1497,14.2,86,7,Individual,68180550,10,14060.73
CAR00109,Toyota,Fortuner,2020,Petrol,Manual,51589,1,2755,22,216,5,Individual,346352520,5,8598.17
CAR00110,Volkswagen,Vento,2023,CNG,Automatic,20833,1,1498,18.1,74,5,Individual,144723570,2,6944.33
CAR00111,Tata,Harrier,2020,Diesel,Automatic,75172,1,1956,19,143,5,Individual,200797320,5,12528.67
CAR00112,Volkswagen,Taigun,2017,Diesel,Manual,70488,1,1498,19.3,103,5,Individual,90605300,8,7832
CAR00113,Mahindra,Bolero,2014,Diesel,Manual,142636,1,1493,20.2,88,5,Individual,46459560,11,11886.33
CAR00114,Toyota,Innova,2020,Petrol,Automatic,66132,1,2393,18.9,137,5,Individual,188132870,5,11022
CAR00115,Mahindra,XUV700,2022,Petrol,Manual,49170,1,1997,24.3,144,5,Dealer,327031420,3,12292.5
CAR00116,Mahindra,XUV700,2020,Diesel,Automatic,69193,1,1997,17.5,158,5,Individual,220484360,5,11532.17
CAR00117,Maruti,Baleno,2025,Petrol,Manual,11779,2,1197,18.4,55,5,Dealer,126966740,0,11779
CAR00118,Hyundai,Venue,2021,Diesel,Manual,73949,1,1197,19,84,5,Individual,109890870,4,14789.8
CAR00119,Tata,Safari,2020,Diesel,Manual,74821,2,1956,22.2,163,5,Individual,175795980,5,12470.17
CAR00120,Hyundai,i20,2014,CNG,Automatic,238653,1,1197,22.3,72,5,Individual,27786360,11,19887.75
CAR00121,Toyota,Urban Cruiser,2020,Petrol,Automatic,84299,1,1462,18.2,78,5,Individual,108257630,5,14049.83
CAR00122,Kia,Sonet,2016,Diesel,Automatic,98939,1,1197,14.8,89,5,Individual,77256850,9,9893.9
CAR00123,Kia,Sonet,2022,Petrol,Automatic,45396,2,1197,16.1,64,5,Dealer,144676640,3,11349
CAR00124,Toyota,Glanza,2015,Petrol,Manual,152723,1,1197,14.6,69,5,Individual,38252700,10,13883.91
CAR00125,Renault,Kwid,2024,Petrol,Automatic,28711,3,999,16.2,45,7,Individual,91746060,1,14355.5
CAR00126,Mahindra,Thar,2017,Petrol,Manual,149544,1,1997,15,115,5,Dealer,97408250,8,16616
CAR00127,Maruti,Baleno,2019,CNG,Manual,65664,1,1197,19.4,46,7,Individual,61298180,6,9380.57
CAR00128,Volkswagen,Taigun,2015,CNG,Manual,180976,2,1498,19.8,110,5,Dealer,60601640,10,16452.36
CAR00129,Mahindra,Thar,2016,Petrol,Manual,105721,3,1997,16.3,129,5,Individual,78647270,9,10572.1
CAR00130,Kia,Sonet,2025,CNG,Automatic,23551,2,1197,20.1,53,7,Individual,168747360,0,23551
CAR00131,Mahindra,XUV700,2017,Petrol,Manual,98606,1,1997,14.7,170,5,Individual,147830640,8,10956.22
CAR00132,Mahindra,XUV700,2020,Diesel,Automatic,103486,2,1997,19.4,109,5,Individual,153769850,5,17247.67
CAR00133,Maruti,Dzire,2025,CNG,Automatic,18950,1,1197,18.3,45,5,Individual,160224910,0,18950
CAR00134,Mahindra,XUV500,2021,Diesel,Manual,43032,2,2179,17.5,97,5,Dealer,158782240,4,8606.4
CAR00135,Volkswagen,Taigun,2014,Petrol,Manual,82396,3,1498,17.3,126,5,Individual,54247850,11,6866.33
CAR00136,Honda,City,2018,Petrol,Manual,61389,1,1498,9.8,79,5,Dealer,100358760,7,7673.62
CAR00137,Kia,Sonet,2018,Petrol,Manual,85470,1,1197,25,78,7,Individual,81455850,7,10683.75
CAR00138,Maruti,Brezza,2017,CNG,Automatic,114086,1,1462,22.6,62,5,Individual,77160900,8,12676.22
CAR00139,Honda,City,2016,Diesel,Manual,84880,3,1498,20.3,78,5,Individual,71789030,9,8488
CAR00140,Toyota,Urban Cruiser,2020,Petrol,Manual,67846,2,1462,15.9,73,7,Dealer,114044650,5,11307.67
CAR00141,Skoda,Kushaq,2018,Petrol,Manual,118169,2,1498,17.8,127,5,Individual,92087680,7,14771.12
CAR00142,Tata,Nexon,2017,CNG,Manual,158098,3,1199,17.4,70,7,Dealer,56643370,8,17566.44
CAR00143,Tata,Harrier,2018,Petrol,Manual,140695,1,1956,19,115,5,Individual,108242050,7,17586.88
CAR00144,Toyota,Glanza,2018,Diesel,Manual,52974,2,1197,14.2,68,5,Dealer,73188570,7,6621.75
CAR00145,Skoda,Slavia,2016,Diesel,Manual,177482,1,1498,15.5,102,5,Dealer,56412330,9,17748.2
CAR00146,Renault,Triber,2019,Petrol,Automatic,92205,1,999,15.4,60,7,Dealer,66826040,6,13172.14
CAR00147,Maruti,Dzire,2025,Petrol,Manual,11119,1,1197,22,55,5,Individual,124510420,0,11119
CAR00148,Tata,Tiago,2020,Petrol,Manual,95392,1,1199,14.2,45,7,Individual,56476550,5,15898.67
CAR00149,Renault,Duster,2021,Petrol,Manual,83442,1,1498,18.5,52,5,Dealer,105025350,4,16688.4
CAR00150,Maruti,Dzire,2025,Diesel,Manual,4387,2,1197,13.1,60,5,Individual,138945290,0,4387
CAR00151,Renault,Kwid,2021,Diesel,Manual,48969,1,999,19.4,45,5,Individual,55821050,4,9793.8
CAR00152,Tata,Harrier,2016,Petrol,Automatic,95688,2,1956,22.7,105,5,Dealer,98114860,9,9568.8
CAR00153,Skoda,Kushaq,2018,Diesel,Manual,62318,1,1498,20.8,116,5,Dealer,118425860,7,7789.75
CAR00154,Tata,Tiago,2019,Petrol,Manual,110338,2,1199,11.3,57,5,Individual,43386880,6,15762.57
CAR00155,Toyota,Urban Cruiser,2019,Petrol,Manual,125396,1,1462,17.6,85,5,Dealer,83986270,6,17913.71
CAR00156,Kia,Carens,2015,Diesel,Manual,129289,2,1497,17.9,133,5,Individual,79378580,10,11753.55
CAR00157,Hyundai,i10,2015,Diesel,Manual,138618,1,1197,23,45,5,Individual,30074150,10,12601.64
CAR00158,Mahindra,XUV500,2018,Diesel,Automatic,90339,1,2179,19,101,5,Individual,122910810,7,11292.38
CAR00159,Mahindra,XUV500,2024,Petrol,Automatic,44118,1,2179,13.2,102,5,Dealer,216696330,1,22059
CAR00160,Volkswagen,Virtus,2022,Diesel,Manual,64472,1,1498,18.9,103,5,Dealer,176266990,3,16118
CAR00161,Skoda,Kushaq,2024,Petrol,Automatic,20760,1,1498,15.4,101,5,Dealer,271256920,1,10380
CAR00162,Kia,Seltos,2016,Electric,Manual,140158,1,1497,16,61,5,Individual,67613020,9,14015.8
CAR00163,Toyota,Fortuner,2018,Diesel,Manual,91247,1,2755,18.8,298,7,Dealer,248226830,7,11405.88
CAR00164,Toyota,Urban Cruiser,2020,CNG,Automatic,59707,2,1462,21,58,5,Individual,105446960,5,9951.17
CAR00165,Toyota,Fortuner,2019,Petrol,Manual,70599,1,2755,18.6,273,7,Individual,256843520,6,10085.57
CAR00166,Renault,Kwid,2019,Petrol,Manual,132758,1,999,20.6,45,5,Dealer,45207080,6,18965.43
CAR00167,Honda,Jazz,2018,Diesel,Manual,56206,1,1199,18.5,59,5,Dealer,68054580,7,7025.75
CAR00168,Hyundai,Creta,2014,Petrol,Automatic,125510,1,1497,13,95,5,Dealer,75094650,11,10459.17
CAR00169,Honda,Amaze,2024,Diesel,Manual,38043,1,1199,16.8,57,5,Dealer,125929910,1,19021.5
CAR00170,Maruti,Swift,2025,Petrol,Automatic,15301,1,1197,17.4,53,5,Individual,146261240,0,15301
CAR00171,Hyundai,Grand i10,2014,Electric,Manual,126624,1,1197,26.1,51,5,Individual,23094500,11,10552
CAR00172,Maruti,Dzire,2018,Petrol,Automatic,101702,1,1197,17.5,52,5,Dealer,67391480,7,12712.75
CAR00173,Volkswagen,Virtus,2020,CNG,Manual,78680,1,1498,20.6,89,5,Individual,154210460,5,13113.33
CAR00174,Volkswagen,Vento,2023,Petrol,Manual,28043,1,1498,16.8,56,5,Dealer,140269400,2,9347.67
CAR00175,Kia,Seltos,2025,Petrol,Manual,13109,1,1497,17.5,111,5,Individual,254479540,0,13109
CAR00176,Toyota,Innova,2018,Diesel,Manual,114560,1,2393,25,135,5,Individual,145020350,7,14320
CAR00177,Volkswagen,Polo,2022,Petrol,Manual,38432,2,999,17.2,49,5,Dealer,86505670,3,9608
CAR00178,Hyundai,Venue,2025,Electric,Manual,31007,1,1197,21.7,66,5,Dealer,182060660,0,31007
CAR00179,Skoda,Rapid,2023,CNG,Manual,48320,1,1498,21.1,62,5,Individual,128857240,2,16106.67
CAR00180,Mahindra,Scorpio,2017,Electric,Manual,51591,1,2179,20.5,105,5,Individual,109023710,8,5732.33
CAR00181,Skoda,Octavia,2023,Electric,Automatic,51274,2,1984,17.8,174,5,Individual,344159730,2,17091.33
CAR00182,Hyundai,Verna,2018,Diesel,Manual,85475,1,1497,14.1,89,7,Individual,82422950,7,10684.38
CAR00183,Toyota,Glanza,2014,Petrol,Manual,180439,1,1197,15.3,59,5,Dealer,35457990,11,15036.58
CAR00184,Kia,Carens,2023,CNG,Manual,54561,2,1497,24.5,81,5,Individual,158074680,2,18187
CAR00185,Toyota,Urban Cruiser,2024,Petrol,Manual,31463,1,1462,21,82,5,Individual,146346550,1,15731.5
CAR00186,Toyota,Glanza,2018,CNG,Manual,92352,1,1197,17.7,68,5,Dealer,55467080,7,11544
CAR00187,Hyundai,i10,2019,Petrol,Automatic,64560,1,1197,17,45,5,Dealer,45838070,6,9222.86
CAR00188,Honda,City,2018,Diesel,Manual,63592,1,1498,19.7,81,7,Individual,98009600,7,7949
CAR00189,Tata,Tiago,2015,Petrol,Manual,78777,2,1199,15.3,59,5,Dealer,33761480,10,7161.55
CAR00190,Honda,Amaze,2025,Petrol,Manual,8877,1,1199,21.4,61,5,Individual,130294210,0,8877
CAR00191,Kia,Carens,2014,Petrol,Manual,90434,1,1497,19.8,145,5,Individual,83373900,11,7536.17
CAR00192,Kia,Carens,2020,Petrol,Manual,91725,1,1497,18.6,123,5,Dealer,133076760,5,15287.5
CAR00193,Kia,Sonet,2014,Petrol,Automatic,125979,3,1197,17.7,85,5,Individual,48657860,11,10498.25
CAR00194,Honda,City,2022,Petrol,Manual,20433,1,1498,12.8,74,5,Dealer,136825840,3,5108.25
CAR00195,Skoda,Kushaq,2024,Petrol,Manual,29612,1,1498,21.6,92,5,Individual,218996090,1,14806
CAR00196,Maruti,Wagon R,2021,Diesel,Automatic,7965,2,1197,21,45,5,Dealer,68350410,4,1593
CAR00197,Honda,WR-V,2021,Petrol,Automatic,72040,1,1498,18.7,65,5,Individual,110791280,4,14408
CAR00198,Hyundai,i10,2023,CNG,Automatic,43550,2,1197,18.8,45,5,Individual,72169220,2,14516.67
CAR00199,Honda,Jazz,2025,Petrol,Automatic,17640,2,1199,15.5,59,5,Dealer,163456620,0,17640
CAR00200,Skoda,Octavia,2024,Diesel,Manual,27235,1,1984,20.8,171,5,Dealer,401608320,1,13617.5
CAR00201,Honda,Amaze,2016,Petrol,Manual,85863,2,1199,20.8,51,5,Dealer,38367270,9,8586.3
CAR00202,Skoda,Kushaq,2020,Diesel,Automatic,63938,3,1498,24.5,114,5,Individual,129759360,5,10656.33
CAR00203,Toyota,Urban Cruiser,2023,Diesel,Automatic,63146,1,1462,17.1,66,5,Individual,121593160,2,21048.67
CAR00204,Kia,Carens,2017,Diesel,Manual,99587,1,1497,18.8,104,5,Individual,100829010,8,11065.22
CAR00205,Toyota,Glanza,2022,Petrol,Manual,42086,2,1197,11.2,50,5,Individual,101582170,3,10521.5
CAR00206,Tata,Altroz,2014,Petrol,Automatic,131411,1,1199,10.1,60,5,Individual,43519880,11,10950.92
CAR00207,Volkswagen,Taigun,2024,Petrol,Manual,35182,1,1498,19.1,108,5,Dealer,230061500,1,17591
CAR00208,Skoda,Octavia,2021,Petrol,Manual,61183,1,1984,14.9,153,5,Individual,220244010,4,12236.6
CAR00209,Tata,Altroz,2022,Petrol,Manual,47634,2,1199,11.6,60,7,Individual,96934390,3,11908.5
CAR00210,Volkswagen,Polo,2023,Diesel,Manual,39844,2,999,15.8,55,5,Dealer,108434710,2,13281.33
CAR00211,Tata,Nexon,2016,Petrol,Manual,60140,3,1199,18.5,72,5,Dealer,63827840,9,6014
CAR00212,Volkswagen,Polo,2019,Diesel,Manual,70383,1,999,20.5,53,5,Individual,68602540,6,10054.71
CAR00213,Volkswagen,Vento,2024,Petrol,Manual,44670,3,1498,12.6,70,5,Dealer,101215660,1,22335
CAR00214,Toyota,Glanza,2015,Petrol,Manual,118301,1,1197,21.2,60,5,Dealer,45305500,10,10754.64
CAR00215,Volkswagen,Virtus,2023,Petrol,Manual,22607,1,1498,15.4,118,5,Individual,207420340,2,7535.67
CAR00216,Tata,Punch,2017,Petrol,Manual,119810,1,1199,18.3,52,5,Dealer,47610200,8,13312.22
CAR00217,Maruti,Ertiga,2020,Diesel,Manual,70547,1,1462,19.4,75,7,Dealer,112610340,5,11757.83
CAR00218,Maruti,Brezza,2020,CNG,Automatic,84080,1,1462,21,64,7,Dealer,96306630,5,14013.33
CAR00219,Toyota,Innova,2022,Diesel,Manual,48395,1,2393,16.5,141,5,Individual,244550140,3,12098.75
CAR00220,Skoda,Kushaq,2024,Petrol,Manual,36211,1,1498,17.4,109,7,Individual,234227630,1,18105.5
CAR00221,Hyundai,Creta,2018,Petrol,Manual,71653,1,1497,18.3,83,5,Dealer,115941230,7,8956.62
CAR00222,Toyota,Urban Cruiser,2016,CNG,Manual,75778,1,1462,20.4,79,5,Individual,57319960,9,7577.8
CAR00223,Volkswagen,Virtus,2019,Petrol,Manual,105689,1,1498,17.8,134,5,Individual,111369640,6,15098.43
CAR00224,Tata,Tiago,2021,Petrol,Automatic,23591,1,1199,20.8,46,5,Individual,98212140,4,4718.2
CAR00225,Volkswagen,Taigun,2023,CNG,Manual,36357,1,1498,19.6,93,5,Dealer,240697130,2,12119
CAR00226,Honda,Amaze,2023,Petrol,Manual,40414,1,1199,19.5,54,5,Individual,116173980,2,13471.33
CAR00227,Renault,Kwid,2018,Petrol,Automatic,40263,1,999,16.9,45,5,Dealer,52944260,7,5032.88
CAR00228,Mahindra,Thar,2025,Petrol,Manual,26019,3,1997,21.8,102,5,Individual,209272460,0,26019
CAR00229,Mahindra,XUV500,2014,Diesel,Manual,85650,3,2179,15.1,107,5,Dealer,62963150,11,7137.5
CAR00230,Hyundai,Creta,2015,Petrol,Manual,60350,1,1497,21.4,75,7,Individual,80002160,10,5486.36
CAR00231,Toyota,Innova,2014,Diesel,Automatic,102167,1,2393,17.7,145,5,Dealer,108073710,11,8513.92
CAR00232,Renault,Duster,2025,Petrol,Manual,7148,1,1498,23.8,82,5,Dealer,155821470,0,7148
CAR00233,Maruti,Wagon R,2016,Petrol,Manual,94031,2,1197,18.8,49,5,Individual,36784950,9,9403.1
CAR00234,Volkswagen,Polo,2021,Petrol,Automatic,67631,1,999,20.1,63,5,Individual,65435050,4,13526.2
CAR00235,Toyota,Fortuner,2023,CNG,Automatic,35856,2,2755,20.5,224,5,Dealer,539646550,2,11952
CAR00236,Volkswagen,Virtus,2023,Petrol,Automatic,36765,3,1498,19.5,125,5,Dealer,214498220,2,12255
CAR00237,Kia,Sonet,2025,Diesel,Manual,13870,1,1197,21.3,77,5,Individual,223227010,0,13870
CAR00238,Toyota,Urban Cruiser,2014,Petrol,Automatic,139338,1,1462,17.1,87,5,Individual,47970250,11,11611.5
CAR00239,Honda,WR-V,2018,Petrol,Manual,145684,1,1498,19.8,76,7,Dealer,58247730,7,18210.5
CAR00240,Kia,Carens,2020,Petrol,Automatic,53012,1,1497,8,109,7,Dealer,166698210,5,8835.33
CAR00241,Hyundai,Venue,2022,Petrol,Automatic,60571,1,1197,15.6,71,5,Individual,138851430,3,15142.75
CAR00242,Mahindra,Bolero,2021,Petrol,Manual,37369,2,1493,17.6,96,7,Individual,108359280,4,7473.8
CAR00243,Maruti,Celerio,2020,Diesel,Manual,97177,1,998,20.8,45,5,Individual,49847640,5,16196.17
CAR00244,Kia,Carens,2017,CNG,Manual,132472,2,1497,23.9,103,7,Dealer,90596940,8,14719.11
CAR00245,Kia,Sonet,2015,Diesel,Automatic,108575,1,1197,18.5,60,5,Dealer,61777740,10,9870.45
CAR00246,Maruti,Baleno,2019,Diesel,Manual,61594,1,1197,18.1,57,5,Individual,62562630,6,8799.14
CAR00247,Volkswagen,Taigun,2017,Diesel,Automatic,71131,2,1498,21.9,110,5,Individual,88805050,8,7903.44
CAR00248,Toyota,Urban Cruiser,2020,Diesel,Manual,70618,2,1462,22.8,67,5,Individual,114104500,5,11769.67
CAR00249,Volkswagen,Virtus,2023,Petrol,Manual,46171,1,1498,19.7,97,7,Individual,214749020,2,15390.33
CAR00250,Maruti,Dzire,2020,Diesel,Manual,76023,1,1197,18.8,45,5,Dealer,75908420,5,12670.5
CAR00251,Hyundai,i20,2020,CNG,Automatic,96781,1,1197,28.6,67,5,Dealer,87044320,5,16130.17
CAR00252,Toyota,Fortuner,2014,Petrol,Manual,105992,1,2755,17.7,230,7,Individual,179499650,11,8832.67
CAR00253,Hyundai,Verna,2021,CNG,Manual,29180,3,1497,21.6,81,5,Individual,96968590,4,5836
CAR00254,Honda,Jazz,2019,CNG,Manual,150968,1,1199,25.9,55,5,Individual,58250770,6,21566.86
CAR00255,Kia,Sonet,2015,Petrol,Automatic,149558,1,1197,22.1,76,5,Dealer,55786850,10,13596.18
CAR00256,Hyundai,Venue,2016,CNG,Automatic,128219,2,1197,23.1,80,5,Individual,51544340,9,12821.9
CAR00257,Kia,Seltos,2023,Petrol,Manual,33731,1,1497,14.8,104,5,Individual,188681590,2,11243.67
CAR00258,Hyundai,Creta,2025,Petrol,Manual,7243,2,1497,17.8,101,5,Dealer,228007980,0,7243
CAR00259,Hyundai,Verna,2020,Petrol,Manual,69148,1,1497,19.1,76,5,Individual,95298110,5,11524.67
CAR00260,Mahindra,XUV700,2025,Diesel,Manual,17155,1,1997,25.2,163,7,Dealer,370701780,0,17155
CAR00261,Volkswagen,Virtus,2016,Petrol,Automatic,103109,1,1498,26.3,97,5,Individual,78586280,9,10310.9
CAR00262,Hyundai,i20,2017,CNG,Manual,138181,1,1197,19.2,61,5,Individual,57652460,8,15353.44
CAR00263,Tata,Harrier,2025,Petrol,Manual,20376,2,1956,20.1,132,5,Dealer,343165840,0,20376
CAR00264,Skoda,Kushaq,2016,Petrol,Automatic,140710,1,1498,15.1,126,5,Dealer,79885310,9,14071
CAR00265,Skoda,Octavia,2021,Diesel,Manual,76075,1,1984,18.9,161,5,Dealer,292713430,4,15215
CAR00266,Mahindra,Bolero,2016,Petrol,Manual,123913,1,1493,14.9,65,5,Individual,57597930,9,12391.3
CAR00267,Toyota,Glanza,2017,Diesel,Manual,47183,1,1197,24.3,62,5,Individual,63311040,8,5242.56
CAR00268,Honda,Jazz,2019,Petrol,Manual,66189,1,1199,18.2,69,5,Individual,63597940,6,9455.57
CAR00269,Kia,Carens,2018,Electric,Manual,151904,1,1497,23.4,116,7,Individual,86273300,7,18988
CAR00270,Mahindra,Scorpio,2024,Diesel,Manual,21547,1,2179,19.4,126,5,Individual,292167560,1,10773.5
CAR00271,Tata,Punch,2025,Petrol,Manual,23262,2,1199,18.6,69,5,Individual,120764000,0,23262
CAR00272,Maruti,Dzire,2020,Petrol,Manual,87107,1,1197,18.7,45,5,Individual,62097510,5,14517.83
CAR00273,Hyundai,Creta,2020,Petrol,Automatic,55883,1,1497,15.4,111,5,Individual,139253660,5,9313.83
CAR00274,Skoda,Kushaq,2014,Electric,Manual,89866,1,1498,17.4,101,5,Individual,49638260,11,7488.83
CAR00275,Toyota,Glanza,2016,Diesel,Manual,126155,2,1197,15.3,64,5,Individual,44754880,9,12615.5
CAR00276,Toyota,Innova,2014,Petrol,Manual,192469,1,2393,12.7,158,5,Dealer,79841230,11,16039.08
CAR00277,Toyota,Innova,2024,Petrol,Manual,25081,1,2393,18.1,143,5,Dealer,329640310,1,12540.5
CAR00278,Volkswagen,Virtus,2016,CNG,Manual,129181,1,1498,18.6,106,5,Individual,88890740,9,12918.1
CAR00279,Maruti,Wagon R,2018,Petrol,Manual,49253,1,1197,20.4,45,7,Individual,46770970,7,6156.62
CAR00280,Maruti,Baleno,2024,Diesel,Automatic,21531,1,1197,20,68,7,Dealer,163621540,1,10765.5
CAR00281,Tata,Tiago,2022,Diesel,Manual,25672,1,1199,13.8,48,5,Individual,75114410,3,6418
CAR00282,Toyota,Glanza,2021,Petrol,Automatic,66099,2,1197,16.3,61,5,Dealer,90533480,4,13219.8
CAR00283,Kia,Carens,2014,Petrol,Manual,114338,1,1497,11.1,125,5,Individual,67969650,11,9528.17
CAR00284,Toyota,Urban Cruiser,2020,Petrol,Manual,98644,3,1462,14.1,69,7,Dealer,83414940,5,16440.67
CAR00285,Toyota,Urban Cruiser,2020,Petrol,Manual,61054,1,1462,16,71,5,Individual,98150010,5,10175.67
CAR00286,Skoda,Slavia,2017,Electric,Manual,86717,1,1498,19.7,118,5,Dealer,103984340,8,9635.22
CAR00287,Hyundai,Creta,2022,Diesel,Automatic,26694,1,1497,25,120,5,Individual,177478050,3,6673.5
CAR00288,Mahindra,Bolero,2025,CNG,Automatic,22557,1,1493,23.2,74,5,Individual,183315230,0,22557
CAR00289,Mahindra,XUV700,2017,Diesel,Automatic,122792,2,1997,18.3,162,5,Individual,104497340,8,13643.56
CAR00290,Toyota,Fortuner,2017,Petrol,Manual,139138,1,2755,21.8,195,7,Individual,218265350,8,15459.78
CAR00291,Renault,Triber,2017,Diesel,Manual,135878,2,999,16.4,69,5,Dealer,43191750,8,15097.56
CAR00292,Tata,Safari,2024,Petrol,Manual,30849,1,1956,16.5,121,5,Individual,286790180,1,15424.5
CAR00293,Skoda,Kushaq,2014,Petrol,Manual,159616,1,1498,20.1,98,5,Individual,54438800,11,13301.33
CAR00294,Honda,Jazz,2024,Petrol,Manual,34450,1,1199,14.2,61,5,Individual,134325250,1,17225
CAR00295,Mahindra,Bolero,2023,Diesel,Manual,41099,1,1493,21.4,67,5,Individual,132866620,2,13699.67
CAR00296,Mahindra,Thar,2019,Diesel,Manual,48011,1,1997,20.2,84,5,Dealer,113186610,6,6858.71
CAR00297,Renault,Kwid,2021,Petrol,Automatic,38406,2,999,19.3,45,5,Dealer,66000300,4,7681.2
CAR00298,Toyota,Glanza,2024,CNG,Manual,19528,1,1197,26.4,60,5,Individual,121765870,1,9764
CAR00299,Tata,Punch,2023,Petrol,Manual,45039,1,1199,18.9,71,5,Individual,112391840,2,15013
CAR00300,Maruti,Ertiga,2017,Petrol,Manual,153320,2,1462,17.9,91,5,Dealer,63747660,8,17035.56
CAR00301,Honda,City,2014,Petrol,Automatic,176178,1,1498,13,84,5,Individual,42887560,11,14681.5
CAR00302,Renault,Triber,2021,Diesel,Manual,51541,2,999,19.9,61,5,Dealer,88513400,4,10308.2
CAR00303,Maruti,Baleno,2015,Petrol,Manual,159375,1,1197,16.1,62,5,Individual,32983240,10,14488.64
CAR00304,Renault,Duster,2015,Petrol,Manual,135801,2,1498,17.1,82,5,Individual,49437240,10,12345.55
CAR00305,Mahindra,XUV700,2025,Petrol,Manual,21350,1,1997,16.1,156,5,Individual,375931720,0,21350
CAR00306,Hyundai,Verna,2019,Diesel,Manual,58781,3,1497,20.8,78,5,Individual,83190550,6,8397.29
CAR00307,Honda,Amaze,2021,Diesel,Automatic,74443,1,1199,16.3,57,7,Dealer,80099630,4,14888.6
CAR00308,Mahindra,Thar,2016,Petrol,Automatic,73254,2,1997,18.1,127,5,Individual,109956420,9,7325.4
CAR00309,Honda,City,2015,CNG,Automatic,118574,1,1498,17.9,66,5,Dealer,71473630,10,10779.45
CAR00310,Hyundai,Venue,2014,Petrol,Manual,180173,2,1197,12.1,74,5,Individual,34150790,11,15014.42
CAR00311,Kia,Carens,2018,Petrol,Automatic,76676,2,1497,16.5,110,5,Dealer,121397650,7,9584.5
CAR00312,Kia,Carens,2014,Diesel,Manual,148215,2,1497,20.7,79,5,Individual,62457180,11,12351.25
CAR00313,Hyundai,Creta,2019,Diesel,Manual,89730,1,1497,17,110,5,Individual,138114610,6,12818.57
CAR00314,Tata,Altroz,2017,Petrol,Manual,121362,1,1199,17.9,68,5,Individual,53862720,8,13484.67
CAR00315,Tata,Altroz,2020,Diesel,Manual,61943,2,1199,18.2,45,5,Individual,75751290,5,10323.83
CAR00316,Kia,Sonet,2021,Petrol,Manual,59618,1,1197,14.4,70,5,Individual,109256840,4,11923.6
CAR00317,Volkswagen,Taigun,2017,Diesel,Automatic,98590,1,1498,21,100,5,Individual,104528690,8,10954.44
CAR00318,Volkswagen,Polo,2019,Diesel,Automatic,63354,1,999,17.3,50,5,Individual,80546890,6,9050.57
CAR00319,Skoda,Octavia,2014,Electric,Manual,78986,1,1984,23.6,158,5,Individual,117832680,11,6582.17
CAR00320,Volkswagen,Polo,2017,Petrol,Manual,135552,1,999,13.1,52,5,Individual,51064780,8,15061.33
CAR00321,Honda,Amaze,2025,Diesel,Manual,24033,1,1199,19.7,60,5,Dealer,118623460,0,24033
CAR00322,Hyundai,i10,2025,Diesel,Manual,17063,1,1197,21.2,45,5,Dealer,104502660,0,17063
CAR00323,Kia,Carens,2019,Petrol,Manual,94294,1,1497,18.6,112,5,Dealer,136190290,6,13470.57
CAR00324,Skoda,Kushaq,2025,Petrol,Manual,16741,2,1498,20.2,93,5,Dealer,269507400,0,16741
CAR00325,Skoda,Octavia,2020,Electric,Manual,16304,1,1984,24.4,193,5,Dealer,284930650,5,2717.33
CAR00326,Tata,Altroz,2015,Petrol,Automatic,116805,2,1199,18.4,64,5,Individual,45497970,10,10618.64
CAR00327,Tata,Harrier,2024,Diesel,Automatic,22135,1,1956,21.8,78,5,Individual,287199250,1,11067.5
CAR00328,Maruti,Baleno,2018,Petrol,Manual,104651,1,1197,16.4,65,5,Individual,50000970,7,13081.38
CAR00329,Hyundai,Creta,2021,Diesel,Automatic,89068,1,1497,20.9,100,5,Individual,151593020,4,17813.6
CAR00330,Mahindra,Scorpio,2021,Petrol,Manual,39270,1,2179,17.6,129,5,Dealer,209580640,4,7854
CAR00331,Mahindra,Scorpio,2017,Electric,Manual,83956,1,2179,28.1,98,5,Dealer,138758520,8,9328.44
CAR00332,Honda,WR-V,2022,Diesel,Manual,34206,1,1498,20.1,80,7,Individual,115866370,3,8551.5
CAR00333,Honda,Amaze,2020,Petrol,Manual,84332,1,1199,13.6,58,5,Dealer,76188670,5,14055.33
CAR00334,Renault,Triber,2018,Diesel,Manual,91083,1,999,20.1,65,5,Dealer,66553010,7,11385.38
CAR00335,Toyota,Glanza,2017,Diesel,Manual,81218,1,1197,16.4,49,5,Individual,61405150,8,9024.22
CAR00336,Renault,Kwid,2022,Petrol,Manual,62831,2,999,19.7,45,7,Individual,64750290,3,15707.75
CAR00337,Skoda,Slavia,2016,Petrol,Automatic,215073,1,1498,19.7,112,5,Dealer,60772450,9,21507.3
CAR00338,Honda,Jazz,2015,Diesel,Manual,163708,1,1199,17.5,58,5,Dealer,41661110,10,14882.55
CAR00339,Tata,Altroz,2024,Diesel,Manual,22111,1,1199,16.2,50,5,Individual,128455960,1,11055.5
CAR00340,Skoda,Kushaq,2017,Petrol,Automatic,95028,2,1498,17.9,104,5,Individual,105814420,8,10558.67
CAR00341,Kia,Seltos,2021,CNG,Manual,61559,1,1497,18.3,86,5,Dealer,175851650,4,12311.8
CAR00342,Tata,Harrier,2022,Petrol,Manual,43647,1,1956,15,115,5,Dealer,178726160,3,10911.75
CAR00343,Kia,Sonet,2024,Petrol,Automatic,47512,2,1197,16,84,5,Individual,171825740,1,23756
CAR00344,Mahindra,Scorpio,2021,Diesel,Manual,91739,1,2179,21.2,127,5,Dealer,179693640,4,18347.8
CAR00345,Skoda,Kushaq,2022,Petrol,Manual,39246,2,1498,13,104,5,Individual,156374560,3,9811.5
CAR00346,Tata,Altroz,2024,Petrol,Manual,36293,1,1199,15.2,51,7,Dealer,125880700,1,18146.5
CAR00347,Skoda,Kushaq,2025,Petrol,Manual,38689,2,1498,24.7,104,5,Dealer,212464080,0,38689
CAR00348,Skoda,Kushaq,2014,Petrol,Automatic,139402,1,1498,23.4,103,5,Dealer,76819850,11,11616.83
CAR00349,Hyundai,Creta,2022,Petrol,Manual,43917,1,1497,21.1,86,5,Dealer,157816090,3,10979.25
CAR00350,Hyundai,Grand i10,2016,Diesel,Manual,141072,1,1197,19.4,52,5,Dealer,39533680,9,14107.2
CAR00351,Mahindra,XUV700,2024,Diesel,Automatic,27029,1,1997,21.6,175,5,Individual,386530490,1,13514.5
CAR00352,Maruti,Dzire,2014,CNG,Automatic,165343,1,1197,19.8,47,5,Dealer,34307730,11,13778.58
CAR00353,Tata,Nexon,2016,Diesel,Manual,122589,1,1199,11.2,81,5,Individual,48401930,9,12258.9
CAR00354,Toyota,Fortuner,2016,Petrol,Manual,130358,1,2755,15.8,187,5,Individual,163878230,9,13035.8
CAR00355,Skoda,Octavia,2021,Petrol,Automatic,47155,2,1984,16.1,182,5,Dealer,283383860,4,9431
CAR00356,Skoda,Octavia,2014,Diesel,Manual,98452,1,1984,19.4,193,7,Individual,122218450,11,8204.33
CAR00357,Hyundai,Verna,2014,Petrol,Manual,80915,2,1497,18.9,66,5,Individual,57720860,11,6742.92
CAR00358,Renault,Triber,2020,Petrol,Manual,89035,1,999,22.5,60,7,Individual,53592730,5,14839.17
CAR00359,Maruti,Swift,2025,CNG,Automatic,21534,1,1197,21.1,50,5,Individual,118391090,0,21534
CAR00360,Volkswagen,Vento,2020,Diesel,Manual,83950,1,1498,16.3,91,7,Individual,92860980,5,13991.67
CAR00361,Renault,Duster,2019,Diesel,Manual,58433,2,1498,18.7,93,7,Dealer,82205400,6,8347.57
CAR00362,Renault,Triber,2021,Petrol,Automatic,56016,2,999,19.4,62,5,Individual,87058570,4,11203.2
CAR00363,Tata,Harrier,2020,Petrol,Manual,71603,1,1956,17.2,115,5,Dealer,146403360,5,11933.83
CAR00364,Renault,Triber,2018,Petrol,Manual,134436,1,999,15.1,61,5,Individual,60561360,7,16804.5
CAR00365,Hyundai,Creta,2021,Diesel,Manual,72671,2,1497,20.9,112,5,Individual,126984980,4,14534.2
CAR00366,Mahindra,XUV500,2014,Petrol,Automatic,100863,1,2179,14.1,77,5,Individual,81656490,11,8405.25
CAR00367,Toyota,Innova,2016,Petrol,Manual,146236,1,2393,14.9,102,5,Individual,117675170,9,14623.6
CAR00368,Honda,Jazz,2022,Petrol,Automatic,36927,1,1199,18.7,51,5,Dealer,132853700,3,9231.75
CAR00369,Maruti,Brezza,2018,Diesel,Manual,19600,1,1462,16.9,77,5,Dealer,90783710,7,2450
CAR00370,Volkswagen,Vento,2014,Diesel,Manual,217524,2,1498,18.2,74,5,Individual,27507060,11,18127
CAR00371,Honda,WR-V,2015,Petrol,Automatic,112016,2,1498,17.5,70,5,Individual,46872430,10,10183.27
CAR00372,Kia,Carens,2024,Petrol,Manual,41466,2,1497,17.4,120,5,Individual,246164950,1,20733
CAR00373,Toyota,Fortuner,2017,Petrol,Manual,78719,1,2755,14.6,239,7,Individual,235655100,8,8746.56
CAR00374,Honda,City,2014,Petrol,Automatic,112378,1,1498,18.5,78,5,Individual,64654150,11,9364.83
CAR00375,Renault,Triber,2022,Diesel,Manual,47964,1,999,16.5,62,5,Individual,106620400,3,11991
CAR00376,Maruti,Brezza,2020,Petrol,Manual,77584,1,1462,22.5,85,5,Dealer,91526230,5,12930.67
CAR00377,Volkswagen,Polo,2019,Diesel,Automatic,85959,1,999,18.1,59,5,Individual,68700770,6,12279.86
CAR00378,Volkswagen,Vento,2024,Diesel,Manual,33457,2,1498,21.1,66,5,Dealer,154504200,1,16728.5
CAR00379,Honda,Amaze,2017,Electric,Manual,87361,1,1199,24.7,59,5,Individual,53932830,8,9706.78
CAR00380,Tata,Harrier,2020,CNG,Manual,74203,1,1956,19.9,149,7,Individual,159064770,5,12367.17
CAR00381,Maruti,Baleno,2022,Petrol,Manual,32802,1,1197,14.6,53,5,Dealer,94976630,3,8200.5
CAR00382,Skoda,Octavia,2021,Petrol,Automatic,80546,1,1984,19.7,165,5,Individual,278915250,4,16109.2
CAR00383,Skoda,Kushaq,2016,Petrol,Manual,67586,1,1498,13.2,99,5,Individual,91620470,9,6758.6
CAR00384,Tata,Altroz,2022,Diesel,Automatic,51059,1,1199,15.5,66,5,Individual,115488840,3,12764.75
CAR00385,Maruti,Swift,2022,Petrol,Automatic,40985,1,1197,19.3,45,5,Dealer,120092730,3,10246.25
CAR00386,Hyundai,i10,2015,Petrol,Automatic,213434,1,1197,16.9,45,5,Individual,22800760,10,19403.09
CAR00387,Maruti,Baleno,2015,Petrol,Manual,153921,2,1197,15.4,45,5,Individual,40076700,10,13992.82
CAR00388,Renault,Triber,2022,Petrol,Manual,49488,1,999,16,58,5,Individual,94088950,3,12372
CAR00389,Renault,Duster,2015,Diesel,Automatic,167043,2,1498,16.9,69,5,Individual,46832150,10,15185.73
CAR00390,Hyundai,i10,2024,Diesel,Manual,27504,1,1197,25.8,47,7,Individual,94087430,1,13752
CAR00391,Volkswagen,Polo,2015,Diesel,Automatic,144617,1,999,22.4,63,5,Individual,46123070,10,13147
CAR00392,Hyundai,i20,2025,CNG,Automatic,29099,1,1197,18.5,60,7,Individual,182548960,0,29099
CAR00393,Honda,WR-V,2022,Petrol,Manual,52840,3,1498,16.6,62,5,Individual,97358280,3,13210
CAR00394,Mahindra,Bolero,2019,Petrol,Manual,86677,1,1493,19.3,67,7,Dealer,96860670,6,12382.43
CAR00395,Volkswagen,Taigun,2017,Petrol,Manual,59179,1,1498,14.6,90,5,Dealer,101440050,8,6575.44
CAR00396,Renault,Kwid,2018,Diesel,Manual,139883,3,999,17.6,46,5,Individual,34988310,7,17485.38
CAR00397,Maruti,Celerio,2022,Diesel,Manual,39345,3,998,18.4,45,5,Individual,62192510,3,9836.25
CAR00398,Hyundai,Venue,2023,Petrol,Manual,8140,1,1197,14.9,90,5,Individual,170726970,2,2713.33
CAR00399,Tata,Safari,2016,Electric,Automatic,94405,2,1956,25.8,142,5,Individual,133363850,9,9440.5
CAR00400,Honda,WR-V,2020,Petrol,Manual,57882,1,1498,15.4,66,5,Individual,101228200,5,9647
CAR00401,Skoda,Octavia,2025,Petrol,Manual,19225,1,1984,17.2,177,5,Dealer,534670450,0,19225
CAR00402,Volkswagen,Taigun,2017,Diesel,Automatic,123278,1,1498,19.7,121,5,Individual,108560870,8,13697.56
CAR00403,Honda,Jazz,2022,CNG,Automatic,58300,3,1199,25.8,53,5,Individual,80356130,3,14575
CAR00404,Skoda,Slavia,2016,Diesel,Automatic,46993,1,1498,19,112,5,Dealer,121075410,9,4699.3
CAR00405,Toyota,Innova,2024,Electric,Manual,15401,2,2393,28.9,139,5,Individual,236461270,1,7700.5
CAR00406,Mahindra,XUV700,2016,Petrol,Automatic,117156,1,1997,16.4,162,5,Individual,132210930,9,11715.6
CAR00407,Toyota,Glanza,2017,Diesel,Automatic,93465,1,1197,18.6,58,5,Dealer,60454390,8,10385
CAR00408,Hyundai,Verna,2019,CNG,Automatic,115392,1,1497,23.8,73,5,Individual,94864910,6,16484.57
CAR00409,Skoda,Slavia,2018,Petrol,Manual,69253,2,1498,23.3,112,5,Individual,99563800,7,8656.62
CAR00410,Maruti,Brezza,2016,Petrol,Manual,180072,2,1462,16.7,58,7,Individual,39230440,9,18007.2
CAR00411,Hyundai,i20,2021,Electric,Manual,60223,2,1197,26.2,74,5,Individual,93030650,4,12044.6
CAR00412,Tata,Altroz,2014,Petrol,Manual,210413,2,1199,20,60,5,Individual,29769390,11,17534.42
CAR00413,Tata,Harrier,2025,Petrol,Manual,14301,1,1956,15.2,117,5,Dealer,322752240,0,14301
CAR00414,Hyundai,i10,2014,CNG,Automatic,116857,3,1197,20.9,45,7,Dealer,30632370,11,9738.08
CAR00415,Maruti,Wagon R,2018,CNG,Manual,94747,1,1197,20.9,45,5,Individual,41958650,7,11843.38
CAR00416,Kia,Seltos,2025,Electric,Automatic,19854,1,1497,19.4,99,5,Dealer,285813200,0,19854
CAR00417,Skoda,Kushaq,2015,CNG,Manual,131506,1,1498,21.5,106,7,Dealer,78909470,10,11955.09
CAR00418,Hyundai,Creta,2014,Petrol,Automatic,151247,1,1497,17.7,114,5,Individual,60957130,11,12603.92
CAR00419,Tata,Harrier,2022,CNG,Manual,67340,1,1956,22.1,131,5,Individual,232029330,3,16835
CAR00420,Mahindra,Thar,2014,Petrol,Manual,101916,1,1997,17.7,96,5,Individual,70744220,11,8493
CAR00421,Skoda,Octavia,2024,Diesel,Manual,30050,1,1984,17.3,188,5,Individual,299292180,1,15025
CAR00422,Kia,Carens,2019,Petrol,Automatic,59226,2,1497,24.8,115,7,Dealer,135809530,6,8460.86
CAR00423,Volkswagen,Polo,2024,Diesel,Manual,43287,2,999,20,45,5,Dealer,110706350,1,21643.5
CAR00424,Mahindra,XUV700,2016,Diesel,Manual,130038,1,1997,23.2,130,5,Dealer,136766940,9,13003.8
CAR00425,Toyota,Fortuner,2015,CNG,Automatic,161101,3,2755,22.3,308,7,Individual,127131850,10,14645.55
CAR00426,Hyundai,Creta,2025,Petrol,Manual,19838,1,1497,19.1,94,5,Individual,250657500,0,19838
CAR00427,Renault,Triber,2023,Petrol,Manual,46309,1,999,15.2,57,5,Individual,116827580,2,15436.33
CAR00428,Renault,Kwid,2024,Petrol,Manual,34491,2,999,17.2,45,5,Individual,79165020,1,17245.5
CAR00429,Maruti,Swift,2017,Petrol,Manual,59000,1,1197,16.2,45,5,Individual,55968870,8,6555.56
CAR00430,Volkswagen,Virtus,2018,Diesel,Manual,84647,2,1498,17.6,81,5,Individual,103913850,7,10580.88
CAR00431,Maruti,Celerio,2020,Petrol,Manual,31754,1,998,18.3,45,5,Dealer,69951730,5,5292.33
CAR00432,Volkswagen,Polo,2019,Diesel,Manual,105181,1,999,18.6,51,7,Individual,64645030,6,15025.86
CAR00433,Renault,Kwid,2016,Petrol,Manual,163480,1,999,13.2,45,5,Individual,26373520,9,16348
CAR00434,Hyundai,Grand i10,2018,Petrol,Automatic,42856,3,1197,16.6,45,7,Individual,43525960,7,5357
CAR00435,Toyota,Glanza,2021,Diesel,Automatic,59533,1,1197,18.1,48,5,Dealer,96829320,4,11906.6
CAR00436,Hyundai,i10,2014,Petrol,Manual,134501,1,1197,20.1,45,7,Individual,23600850,11,11208.42
CAR00437,Mahindra,Scorpio,2018,Petrol,Manual,41783,1,2179,13.2,144,5,Individual,141128580,7,5222.88
CAR00438,Skoda,Rapid,2017,Petrol,Manual,132851,1,1498,16,58,5,Individual,51314630,8,14761.22
CAR00439,Maruti,Wagon R,2014,Petrol,Automatic,147539,1,1197,15.2,45,5,Individual,27874140,11,12294.92
CAR00440,Honda,Jazz,2015,Diesel,Manual,208345,2,1199,21.5,71,5,Individual,28733700,10,18940.45
CAR00441,Skoda,Slavia,2019,Petrol,Manual,99533,1,1498,15.9,96,7,Dealer,133095950,6,14219
CAR00442,Honda,Jazz,2015,Petrol,Manual,94470,1,1199,20.6,83,7,Individual,50353800,10,8588.18
CAR00443,Hyundai,i10,2018,Diesel,Manual,93223,1,1197,19.2,45,5,Individual,30483410,7,11652.88
CAR00444,Toyota,Urban Cruiser,2020,Petrol,Automatic,100519,1,1462,19,74,5,Individual,83707920,5,16753.17
CAR00445,Mahindra,XUV700,2024,Diesel,Manual,26411,2,1997,22.6,149,5,Individual,237471880,1,13205.5
CAR00446,Kia,Sonet,2015,Petrol,Manual,164207,2,1197,13.9,86,5,Dealer,43549520,10,14927.91
CAR00447,Honda,Jazz,2019,CNG,Manual,24586,1,1199,20.3,54,7,Dealer,81328740,6,3512.29
CAR00448,Skoda,Kushaq,2015,Petrol,Manual,189402,1,1498,18.8,99,5,Individual,61106470,10,17218.36
CAR00449,Mahindra,Scorpio,2019,Petrol,Manual,95991,1,2179,18.1,152,5,Individual,154880590,6,13713
CAR00450,Tata,Punch,2019,CNG,Automatic,27569,2,1199,17.1,57,7,Individual,80568170,6,3938.43
CAR00451,Skoda,Kushaq,2023,Diesel,Manual,36094,3,1498,21.4,99,5,Individual,165200250,2,12031.33
CAR00452,Skoda,Slavia,2019,Diesel,Manual,32480,2,1498,19.4,96,5,Individual,130635450,6,4640
CAR00453,Toyota,Urban Cruiser,2025,CNG,Manual,15537,1,1462,21.4,55,5,Dealer,178424250,0,15537
CAR00454,Maruti,Ertiga,2015,Petrol,Manual,157561,1,1462,16.8,87,5,Dealer,43844020,10,14323.73
CAR00455,Mahindra,XUV700,2014,CNG,Automatic,126559,3,1997,11.5,153,5,Individual,101714790,11,10546.58
CAR00456,Mahindra,XUV500,2014,Diesel,Manual,193047,1,2179,20.9,111,5,Dealer,54651980,11,16087.25
CAR00457,Hyundai,i20,2018,Petrol,Manual,93646,1,1197,19.3,62,5,Individual,74847080,7,11705.75
CAR00458,Kia,Sonet,2016,Petrol,Manual,118264,2,1197,16.2,70,5,Individual,48033710,9,11826.4
CAR00459,Renault,Duster,2015,Petrol,Automatic,168077,2,1498,13,64,5,Individual,36623640,10,15279.73
CAR00460,Hyundai,i10,2016,CNG,Automatic,103480,1,1197,19.4,45,7,Individual,31460200,9,10348
CAR00461,Volkswagen,Virtus,2025,Petrol,Manual,23943,1,1498,20.5,94,5,Individual,262869560,0,23943
CAR00462,Hyundai,i20,2023,Petrol,Manual,33326,2,1197,16.3,66,5,Dealer,129285690,2,11108.67
CAR00463,Volkswagen,Taigun,2014,Diesel,Automatic,130554,1,1498,19.4,106,5,Individual,74311470,11,10879.5
CAR00464,Toyota,Fortuner,2024,Diesel,Automatic,35382,2,2755,18.3,212,7,Individual,533501190,1,17691
CAR00465,Maruti,Baleno,2016,Petrol,Manual,102256,1,1197,18.4,53,5,Individual,50917340,9,10225.6
CAR00466,Skoda,Slavia,2018,Diesel,Automatic,62787,2,1498,15.3,105,5,Individual,113665030,7,7848.38
CAR00467,Hyundai,i20,2017,Petrol,Manual,82144,2,1197,16.9,60,5,Individual,63260310,8,9127.11
CAR00468,Mahindra,XUV700,2018,CNG,Manual,36360,1,1997,24.3,192,5,Individual,221927600,7,4545
CAR00469,Hyundai,Grand i10,2023,Petrol,Manual,54013,1,1197,14.7,47,5,Individual,75305360,2,18004.33
CAR00470,Skoda,Kushaq,2022,Petrol,Manual,40912,1,1498,16.7,102,5,Individual,177968630,3,10228
CAR00471,Volkswagen,Taigun,2021,Diesel,Manual,61494,2,1498,22.5,100,7,Individual,126720120,4,12298.8
CAR00472,Renault,Duster,2021,Petrol,Manual,93990,1,1498,19.7,68,5,Dealer,90708660,4,18798
CAR00473,Toyota,Urban Cruiser,2022,Diesel,Automatic,38279,1,1462,20.7,68,5,Dealer,150217800,3,9569.75
CAR00474,Toyota,Innova,2016,Petrol,Automatic,138908,2,2393,18.7,125,5,Individual,87998500,9,13890.8
CAR00475,Kia,Seltos,2018,Diesel,Manual,49585,2,1497,20.4,106,5,Dealer,102096880,7,6198.12
CAR00476,Volkswagen,Taigun,2015,CNG,Manual,183638,2,1498,20.3,126,5,Dealer,65972750,10,16694.36
CAR00477,Renault,Kwid,2022,CNG,Manual,42926,1,999,24.3,45,5,Individual,68119180,3,10731.5
CAR00478,Maruti,Brezza,2019,Electric,Manual,60195,3,1462,21.1,74,5,Dealer,84618970,6,8599.29
CAR00479,Kia,Seltos,2021,CNG,Manual,40756,2,1497,18,90,5,Individual,125904640,4,8151.2
CAR00480,Hyundai,Grand i10,2020,Petrol,Automatic,118062,1,1197,13.3,46,5,Dealer,60218600,5,19677
CAR00481,Tata,Safari,2017,Petrol,Manual,94022,3,1956,15.7,116,5,Individual,135755570,8,10446.89
CAR00482,Renault,Kwid,2015,CNG,Manual,92135,1,999,19.1,45,5,Individual,28172820,10,8375.91
CAR00483,Tata,Punch,2025,CNG,Automatic,23841,2,1199,18.9,53,5,Dealer,142830220,0,23841
CAR00484,Volkswagen,Virtus,2017,Electric,Manual,107362,2,1498,19,103,5,Dealer,97874320,8,11929.11
CAR00485,Toyota,Glanza,2015,Diesel,Manual,144810,1,1197,20.4,51,5,Individual,36263210,10,13164.55
CAR00486,Tata,Punch,2017,Petrol,Automatic,115601,1,1199,14.7,45,5,Dealer,63500850,8,12844.56
CAR00487,Honda,City,2024,CNG,Automatic,24528,1,1498,22.6,66,7,Dealer,162229410,1,12264
CAR00488,Mahindra,Thar,2017,CNG,Manual,111374,1,1997,23.2,109,5,Dealer,79195800,8,12374.89
CAR00489,Volkswagen,Virtus,2025,Diesel,Manual,11447,1,1498,27,94,5,Dealer,279142490,0,11447
CAR00490,Kia,Sonet,2019,CNG,Manual,129861,2,1197,19.6,68,5,Dealer,66045710,6,18551.57
CAR00491,Skoda,Kushaq,2024,Diesel,Manual,31565,1,1498,18.8,109,5,Individual,213033510,1,15782.5
CAR00492,Renault,Triber,2021,CNG,Manual,90734,1,999,18.8,53,5,Dealer,93658410,4,18146.8
CAR00493,Volkswagen,Polo,2014,Petrol,Manual,114824,1,999,14,55,5,Individual,39742870,11,9568.67
CAR00494,Kia,Seltos,2020,CNG,Manual,50898,1,1497,19.7,125,7,Dealer,125534140,5,8483
CAR00495,Tata,Tiago,2019,Petrol,Automatic,33241,1,1199,15.2,45,5,Dealer,71643870,6,4748.71
CAR00496,Toyota,Innova,2016,Petrol,Manual,114515,1,2393,13.9,136,5,Dealer,114229140,9,11451.5
CAR00497,Hyundai,Verna,2020,Petrol,Automatic,100034,1,1497,18.2,81,5,Individual,106780000,5,16672.33
CAR00498,Honda,Amaze,2015,Petrol,Manual,87010,1,1199,14.3,50,5,Individual,44414020,10,7910
CAR00499,Skoda,Octavia,2022,Petrol,Automatic,39425,2,1984,19.2,162,5,Individual,261415300,3,9856.25
CAR00500,Toyota,Innova,2023,Electric,Manual,40964,1,2393,25.1,138,7,Individual,248617280,2,13654.67
CAR00501,Hyundai,i10,2015,Diesel,Manual,134343,1,1197,16.7,45,5,Dealer,21043450,10,12213
CAR00502,Kia,Seltos,2019,CNG,Automatic,67392,2,1497,25.2,86,5,Dealer,128050880,6,9627.43
CAR00503,Skoda,Rapid,2021,Petrol,Automatic,39417,3,1498,18.7,68,5,Dealer,101092350,4,7883.4
CAR00504,Renault,Triber,2014,Petrol,Manual,158593,1,999,17.3,71,5,Individual,32186000,11,13216.08
CAR00505,Tata,Harrier,2018,Diesel,Manual,111885,2,1956,14,95,7,Dealer,119070340,7,13985.62
CAR00506,Toyota,Urban Cruiser,2017,Diesel,Manual,120602,2,1462,14.2,77,5,Dealer,56210550,8,13400.22
CAR00507,Mahindra,XUV500,2014,Diesel,Manual,134517,2,2179,24,97,7,Dealer,67360510,11,11209.75
CAR00508,Tata,Nexon,2023,Diesel,Manual,20952,1,1199,23.3,74,5,Individual,134513540,2,6984
CAR00509,Tata,Harrier,2019,CNG,Automatic,91091,1,1956,25.8,131,5,Dealer,157639390,6,13013
CAR00510,Tata,Safari,2023,Diesel,Manual,56536,1,1956,24.9,165,5,Individual,224181570,2,18845.33
CAR00511,Skoda,Kushaq,2021,Electric,Manual,36670,2,1498,26.6,108,7,Individual,160144350,4,7334
CAR00512,Volkswagen,Virtus,2024,Diesel,Manual,19935,2,1498,20,118,5,Individual,238867430,1,9967.5
CAR00513,Renault,Triber,2025,Diesel,Automatic,24548,1,999,21,59,5,Dealer,127362890,0,24548
CAR00514,Renault,Triber,2021,Petrol,Manual,57583,1,999,15.4,62,5,Individual,96213720,4,11516.6
CAR00515,Skoda,Slavia,2018,Petrol,Manual,44604,1,1498,18.2,98,5,Dealer,149773010,7,5575.5
CAR00516,Hyundai,Verna,2019,Petrol,Manual,80873,1,1497,19.7,77,5,Dealer,95871530,6,11553.29
CAR00517,Renault,Duster,2023,Diesel,Automatic,34964,2,1498,21.6,68,7,Individual,127558590,2,11654.67
CAR00518,Maruti,Brezza,2019,Diesel,Manual,112998,1,1462,18.9,71,5,Individual,75306690,6,16142.57
CAR00519,Toyota,Glanza,2020,Petrol,Manual,129661,1,1197,11.4,47,5,Individual,63544550,5,21610.17
CAR00520,Mahindra,Scorpio,2016,Diesel,Manual,123548,1,2179,14.8,108,5,Dealer,123438820,9,12354.8
CAR00521,Honda,Amaze,2025,Petrol,Automatic,11430,2,1199,18.9,65,5,Dealer,157538500,0,11430
CAR00522,Hyundai,Grand i10,2021,Petrol,Manual,55518,2,1197,16,54,5,Individual,70575500,4,11103.6
CAR00523,Hyundai,Verna,2017,CNG,Manual,100208,1,1497,23,60,5,Individual,86713910,8,11134.22
CAR00524,Renault,Triber,2021,Petrol,Manual,78761,1,999,13.8,55,5,Individual,96983980,4,15752.2
CAR00525,Honda,Jazz,2018,Petrol,Manual,128068,2,1199,21.6,54,7,Individual,51462070,7,16008.5
CAR00526,Honda,City,2015,Petrol,Manual,188115,2,1498,14.7,83,5,Dealer,45115880,10,17101.36
CAR00527,Skoda,Slavia,2024,Petrol,Manual,28573,1,1498,21.9,104,5,Individual,281068710,1,14286.5
CAR00528,Hyundai,Creta,2024,Diesel,Manual,22034,1,1497,14.6,107,5,Individual,199571630,1,11017
CAR00529,Skoda,Rapid,2024,Electric,Manual,35187,1,1498,24.3,52,7,Individual,132019600,1,17593.5
CAR00530,Skoda,Rapid,2018,Diesel,Manual,81085,1,1498,16.5,66,7,Dealer,63254230,7,10135.62
CAR00531,Mahindra,Scorpio,2017,Diesel,Manual,112319,1,2179,19.3,121,5,Individual,92247660,8,12479.89
CAR00532,Hyundai,i10,2014,Petrol,Manual,126821,3,1197,20.7,45,5,Individual,19581020,11,10568.42
CAR00533,Hyundai,Grand i10,2022,Diesel,Manual,19182,1,1197,22,48,5,Individual,76123310,3,4795.5
CAR00534,Tata,Altroz,2017,Petrol,Manual,142495,2,1199,15,58,5,Dealer,44164550,8,15832.78
CAR00535,Mahindra,XUV500,2024,Petrol,Manual,30393,1,2179,15.7,97,5,Individual,224278090,1,15196.5
CAR00536,Hyundai,Verna,2024,CNG,Automatic,4178,1,1497,16.3,90,5,Individual,190193420,1,2089
CAR00537,Toyota,Innova,2015,Petrol,Automatic,166283,1,2393,12.1,141,7,Individual,103770970,10,15116.64
CAR00538,Hyundai,i10,2025,Petrol,Manual,22213,1,1197,15,48,5,Individual,94465910,0,22213
CAR00539,Mahindra,Bolero,2015,Petrol,Manual,172515,2,1493,14.9,51,5,Dealer,44273230,10,15683.18
CAR00540,Maruti,Celerio,2019,CNG,Automatic,91357,1,998,16.5,45,5,Dealer,56999240,6,13051
CAR00541,Volkswagen,Vento,2019,Petrol,Automatic,50027,1,1498,16.9,57,5,Individual,109744380,6,7146.71
CAR00542,Maruti,Baleno,2025,Petrol,Manual,22264,2,1197,17.4,49,5,Dealer,125775440,0,22264
CAR00543,Hyundai,Creta,2021,CNG,Manual,43343,1,1497,21,90,5,Dealer,174997410,4,8668.6
CAR00544,Hyundai,Verna,2024,Petrol,Automatic,11929,1,1497,15.1,86,5,Individual,165018610,1,5964.5
CAR00545,Renault,Kwid,2021,CNG,Automatic,74068,2,999,19.3,45,5,Individual,55043380,4,14813.6
CAR00546,Maruti,Celerio,2023,Petrol,Automatic,38850,1,998,16.5,45,5,Dealer,117988670,2,12950
CAR00547,Toyota,Innova,2024,Diesel,Manual,29051,1,2393,21.8,152,5,Dealer,336690640,1,14525.5
CAR00548,Mahindra,XUV500,2024,Electric,Manual,33294,1,2179,20.5,83,5,Individual,180514060,1,16647
CAR00549,Mahindra,XUV700,2018,Diesel,Automatic,71685,1,1997,14.3,187,5,Individual,164198950,7,8960.62
CAR00550,Kia,Carens,2018,Diesel,Manual,109794,1,1497,18.3,88,5,Dealer,125637310,7,13724.25
CAR00551,Renault,Duster,2025,Petrol,Manual,23301,2,1498,16.2,67,5,Individual,158806750,0,23301
CAR00552,Honda,Amaze,2023,Diesel,Automatic,42049,1,1199,14.5,70,5,Individual,112171820,2,14016.33
CAR00553,Renault,Duster,2025,CNG,Manual,6295,3,1498,19.8,67,5,Individual,139988770,0,6295
CAR00554,Honda,Jazz,2020,Diesel,Manual,82139,1,1199,16.6,63,5,Dealer,77611580,5,13689.83
CAR00555,Skoda,Slavia,2025,CNG,Manual,22047,1,1498,20.8,104,5,Dealer,301507580,0,22047
CAR00556,Mahindra,Scorpio,2022,Diesel,Manual,36730,1,2179,20.6,126,5,Individual,205850370,3,9182.5
CAR00557,Volkswagen,Polo,2022,Diesel,Manual,63540,1,999,17.7,50,7,Individual,86520870,3,15885
CAR00558,Renault,Kwid,2016,Petrol,Manual,101950,1,999,19,45,5,Individual,34212920,9,10195
CAR00559,Volkswagen,Taigun,2020,Diesel,Manual,90451,2,1498,18.4,123,5,Dealer,115575290,5,15075.17
CAR00560,Renault,Kwid,2022,CNG,Manual,44236,2,999,20.2,45,7,Individual,56155830,3,11059
CAR00561,Mahindra,Scorpio,2023,Diesel,Manual,45090,2,2179,18.4,111,5,Individual,222618630,2,15030
CAR00562,Maruti,Swift,2025,Petrol,Automatic,15542,1,1197,16.9,46,5,Individual,130297630,0,15542
CAR00563,Toyota,Urban Cruiser,2017,Diesel,Manual,93780,2,1462,15.2,65,5,Individual,59432950,8,10420
CAR00564,Hyundai,i20,2017,Diesel,Automatic,76375,1,1197,13.8,68,5,Individual,70462070,8,8486.11
CAR00565,Renault,Kwid,2025,CNG,Manual,31807,2,999,24.4,45,5,Dealer,90232330,0,31807
CAR00566,Tata,Harrier,2025,Petrol,Manual,20410,2,1956,18.1,127,5,Dealer,238204900,0,20410
CAR00567,Tata,Punch,2016,Petrol,Automatic,94846,1,1199,15.9,71,5,Individual,59249790,9,9484.6
CAR00568,Tata,Altroz,2018,Petrol,Automatic,112445,1,1199,20.7,46,5,Dealer,62016950,7,14055.62
CAR00569,Kia,Seltos,2025,Petrol,Manual,21867,2,1497,26.1,102,5,Dealer,248592390,0,21867
CAR00570,Mahindra,XUV700,2016,Electric,Manual,102417,1,1997,18,152,5,Dealer,162049100,9,10241.7
CAR00571,Skoda,Octavia,2023,Petrol,Manual,20561,1,1984,17.4,172,5,Dealer,362880620,2,6853.67
CAR00572,Toyota,Glanza,2015,Diesel,Manual,104970,3,1197,21.3,53,5,Individual,36410460,10,9542.73
CAR00573,Tata,Punch,2016,Petrol,Manual,68881,1,1199,12.6,57,5,Individual,62085350,9,6888.1
CAR00574,Maruti,Brezza,2023,Petrol,Manual,49995,1,1462,12.9,70,7,Individual,119944720,2,16665
CAR00575,Maruti,Brezza,2021,Electric,Manual,67651,1,1462,25.4,68,7,Individual,123145460,4,13530.2
CAR00576,Honda,Jazz,2020,Petrol,Automatic,47442,2,1199,17.3,65,5,Individual,80903900,5,7907
CAR00577,Skoda,Slavia,2024,Petrol,Manual,26936,1,1498,15.4,90,5,Dealer,222613500,1,13468
CAR00578,Mahindra,Bolero,2017,Petrol,Automatic,51728,1,1493,12.6,60,7,Individual,103387930,8,5747.56
CAR00579,Renault,Duster,2020,Electric,Automatic,89251,1,1498,23.5,52,5,Dealer,103526630,5,14875.17
CAR00580,Hyundai,Venue,2021,Electric,Automatic,95069,3,1197,18.3,75,5,Dealer,114163970,4,19013.8
CAR00581,Maruti,Dzire,2022,Petrol,Manual,33258,2,1197,14.4,58,5,Individual,86506810,3,8314.5
CAR00582,Renault,Triber,2017,Diesel,Manual,131036,1,999,16.4,51,5,Dealer,51853850,8,14559.56
CAR00583,Hyundai,Verna,2021,Petrol,Manual,62995,3,1497,16.5,65,5,Dealer,73427780,4,12599
CAR00584,Maruti,Swift,2019,Diesel,Manual,108795,1,1197,16,61,5,Individual,58986830,6,15542.14
CAR00585,Toyota,Fortuner,2020,Petrol,Manual,31042,3,2755,14.7,285,5,Dealer,337326380,5,5173.67
CAR00586,Skoda,Slavia,2024,Diesel,Automatic,26554,1,1498,22.1,123,7,Individual,244003510,1,13277
CAR00587,Kia,Seltos,2018,CNG,Manual,85165,1,1497,21.5,102,5,Individual,110244460,7,10645.62
CAR00588,Maruti,Celerio,2022,Petrol,Manual,48430,2,998,17.5,50,7,Individual,72740170,3,12107.5
CAR00589,Renault,Triber,2025,Petrol,Automatic,13689,1,999,18.8,57,7,Individual,143447340,0,13689
CAR00590,Renault,Triber,2023,Petrol,Automatic,42333,1,999,14.3,49,5,Individual,126912590,2,14111
CAR00591,Renault,Kwid,2025,Petrol,Manual,17601,2,999,18.6,45,5,Dealer,89527050,0,17601
CAR00592,Skoda,Slavia,2021,Petrol,Automatic,88728,1,1498,18.8,105,5,Individual,170365400,4,17745.6
CAR00593,Tata,Harrier,2017,Petrol,Manual,102807,1,1956,14.4,141,5,Individual,112633900,8,11423
CAR00594,Skoda,Slavia,2025,Electric,Automatic,29094,1,1498,24.3,103,7,Individual,257102110,0,29094
CAR00595,Honda,WR-V,2021,Petrol,Manual,86593,1,1498,18.2,72,5,Individual,88464380,4,17318.6
CAR00596,Renault,Duster,2016,CNG,Manual,157811,1,1498,21.8,69,5,Individual,45023350,9,15781.1
CAR00597,Mahindra,Scorpio,2017,Petrol,Manual,78933,1,2179,22.5,131,5,Individual,117280730,8,8770.33
CAR00598,Volkswagen,Taigun,2017,Diesel,Manual,136781,1,1498,19.7,115,5,Individual,91008670,8,15197.89
CAR00599,Kia,Carens,2024,Petrol,Automatic,34375,2,1497,14.7,123,5,Dealer,217453480,1,17187.5
CAR00600,Kia,Carens,2015,CNG,Manual,81014,1,1497,21.4,109,5,Dealer,77861240,10,7364.91
CAR00601,Kia,Sonet,2022,Petrol,Manual,52833,1,1197,17.5,92,5,Individual,133941260,3,13208.25
CAR00602,Volkswagen,Virtus,2020,Petrol,Manual,123628,1,1498,14.2,102,5,Dealer,123956000,5,20604.67
CAR00603,Volkswagen,Polo,2014,Diesel,Manual,116891,1,999,13.2,56.5,5,Dealer,41653320,11,9740.92
CAR00604,Hyundai,Venue,2021,Diesel,Automatic,49048,1,1197,19.1,79,5,Individual,120360060,4,9809.6
CAR00605,Renault,Duster,2023,Diesel,Manual,31327,1,1498,22.1,54,5,Individual,129141670,2,10442.33
CAR00606,Mahindra,XUV500,2022,Petrol,Automatic,45206,1,2179,20.4,116,5,Individual,150403810,3,11301.5
CAR00607,Honda,Amaze,2020,Petrol,Automatic,76757,1,1199,18.3,49,5,Individual,70467010,5,12792.83
CAR00608,Mahindra,Scorpio,2018,CNG,Manual,80060,1,2179,25.7,122,5,Individual,123832310,7,10007.5
CAR00609,Skoda,Slavia,2015,Diesel,Automatic,153342,1,1498,19.8,117,5,Individual,75930270,10,13940.18
CAR00610,Renault,Kwid,2014,Diesel,Manual,131880,2,999,18.7,45,5,Individual,22534190,11,10990
CAR00611,Renault,Kwid,2018,Petrol,Manual,157637,2,999,18.1,45,7,Individual,27511620,7,19704.62
CAR00612,Toyota,Innova,2021,Petrol,Manual,66402,3,2393,15.3,152,7,Individual,129801160,4,13280.4
CAR00613,Volkswagen,Taigun,2014,CNG,Manual,134166,1,1498,17.2,94,5,Individual,69206170,11,11180.5
CAR00614,Honda,Amaze,2025,Diesel,Manual,25115,1,1199,16.4,54,5,Individual,146249460,0,25115
CAR00615,Kia,Sonet,2021,Petrol,Manual,30248,1,1197,16.1,70,5,Individual,130740710,4,6049.6
CAR00616,Kia,Carens,2017,CNG,Automatic,152965,1,1497,23.6,118,5,Individual,80794080,8,16996.11
CAR00617,Tata,Tiago,2025,Diesel,Manual,9098,1,1199,15,55,5,Individual,124953120,0,9098
CAR00618,Tata,Punch,2016,Petrol,Automatic,152524,1,1199,14.6,51,5,Dealer,50729240,9,15252.4
CAR00619,Maruti,Celerio,2025,Petrol,Manual,39462,1,998,19.9,46,5,Individual,111519170,0,39462
CAR00620,Hyundai,i20,2017,Diesel,Manual,83760,1,1197,18.2,59,5,Dealer,59673870,8,9306.67
CAR00621,Toyota,Innova,2018,Petrol,Manual,80348,1,2393,16.9,141,5,Dealer,154635870,7,10043.5
CAR00622,Toyota,Innova,2019,Diesel,Manual,80249,1,2393,18.2,172,5,Individual,196031170,6,11464.14
CAR00623,Hyundai,Creta,2025,Diesel,Manual,14689,1,1497,25.1,103,5,Individual,281429900,0,14689
CAR00624,Toyota,Urban Cruiser,2017,Petrol,Automatic,79571,1,1462,19.2,68,5,Individual,77452550,8,8841.22
CAR00625,Kia,Seltos,2025,CNG,Automatic,17275,1,1497,21.8,81,5,Individual,263715250,0,17275
CAR00626,Tata,Tiago,2018,Petrol,Manual,90395,1,1199,18.1,51,5,Dealer,38685710,7,11299.38
CAR00627,Honda,Amaze,2017,Petrol,Manual,63574,1,1199,18.7,53,7,Dealer,66731610,8,7063.78
CAR00628,Honda,City,2021,Diesel,Manual,43094,1,1498,24.8,72,5,Individual,136082750,4,8618.8
CAR00629,Mahindra,Scorpio,2022,Diesel,Manual,58950,3,2179,18.2,131,5,Individual,187620060,3,14737.5
CAR00630,Honda,City,2018,Petrol,Manual,96104,1,1498,18,86,5,Dealer,81117840,7,12013
CAR00631,Volkswagen,Vento,2015,Diesel,Manual,114089,1,1498,19.4,63,5,Individual,49279540,10,10371.73
CAR00632,Honda,Jazz,2018,CNG,Automatic,95295,1,1199,23.7,52,7,Individual,76106780,7,11911.88
CAR00633,Toyota,Glanza,2020,Diesel,Manual,53312,1,1197,24.4,70,5,Dealer,89486390,5,8885.33
CAR00634,Honda,Amaze,2014,CNG,Manual,174927,1,1199,19.2,61,7,Individual,38892430,11,14577.25
CAR00635,Hyundai,Verna,2014,Petrol,Manual,136254,3,1497,18.9,87,5,Dealer,46909670,11,11354.5
CAR00636,Kia,Sonet,2025,Petrol,Automatic,11210,1,1197,18,70,5,Dealer,185899800,0,11210
CAR00637,Tata,Punch,2014,Diesel,Manual,67449,1,1199,15.1,53,5,Individual,43427920,11,5620.75
CAR00638,Tata,Altroz,2018,Petrol,Manual,110780,3,1199,20.4,55,5,Individual,47282070,7,13847.5
CAR00639,Volkswagen,Polo,2023,Diesel,Manual,55779,1,999,24,45,5,Individual,112103040,2,18593
CAR00640,Skoda,Octavia,2017,Petrol,Automatic,100898,1,1984,20,167,5,Dealer,202802200,8,11210.89
CAR00641,Kia,Carens,2019,Petrol,Automatic,75477,1,1497,15.6,96,5,Individual,159243560,6,10782.43
CAR00642,Skoda,Kushaq,2015,Petrol,Manual,127349,1,1498,13.4,104,5,Individual,71816960,10,11577.18
CAR00643,Renault,Triber,2023,Petrol,Manual,45818,3,999,19.4,60,5,Dealer,105973830,2,15272.67
CAR00644,Toyota,Glanza,2021,Petrol,Automatic,40222,1,1197,14.3,60,5,Individual,114831820,4,8044.4
CAR00645,Volkswagen,Taigun,2024,Diesel,Manual,29988,2,1498,16.4,97,7,Individual,244157790,1,14994
CAR00646,Honda,City,2024,Diesel,Manual,32495,1,1498,19.9,68,5,Dealer,157603860,1,16247.5
CAR00647,Toyota,Urban Cruiser,2018,Petrol,Automatic,90317,2,1462,19.7,60,5,Individual,82344670,7,11289.62
CAR00648,Mahindra,Bolero,2014,Petrol,Manual,128125,2,1493,16.5,75,5,Individual,38750690,11,10677.08
CAR00649,Skoda,Octavia,2018,CNG,Manual,89149,2,1984,20.4,178,5,Individual,161164650,7,11143.62
CAR00650,Renault,Triber,2015,Petrol,Manual,194915,2,999,17.2,49,5,Individual,27083170,10,17719.55
CAR00651,Toyota,Urban Cruiser,2020,Petrol,Automatic,75924,1,1462,14.8,87,5,Individual,98010930,5,12654
CAR00652,Kia,Carens,2015,Diesel,Automatic,97461,1,1497,18.2,116,5,Individual,74864180,10,8860.09
CAR00653,Tata,Nexon,2025,Diesel,Manual,23659,1,1199,14.4,67,5,Dealer,170183380,0,23659
CAR00654,Renault,Duster,2021,CNG,Manual,22441,1,1498,23.2,72,5,Individual,105188180,4,4488.2
CAR00655,Mahindra,XUV700,2017,Diesel,Automatic,46646,1,1997,27.7,151,5,Individual,182763850,8,5182.89
CAR00656,Mahindra,XUV700,2025,Electric,Automatic,10495,1,1997,22.7,159,5,Dealer,431059270,0,10495
CAR00657,Volkswagen,Virtus,2023,CNG,Manual,35654,2,1498,24.6,107,5,Individual,158489260,2,11884.67
CAR00658,Kia,Carens,2019,Petrol,Manual,107427,2,1497,16.7,114,5,Dealer,142483660,6,15346.71
CAR00659,Maruti,Dzire,2015,Petrol,Automatic,167295,3,1197,13.5,62,5,Individual,28987350,10,15208.64
CAR00660,Tata,Tiago,2018,Petrol,Manual,53505,1,1199,24.3,47,5,Individual,45492460,7,6688.12
CAR00661,Hyundai,i20,2021,Petrol,Manual,59783,2,1197,15,67,5,Individual,93856010,4,11956.6
CAR00662,Volkswagen,Polo,2023,Diesel,Manual,20827,2,999,22.1,67,5,Individual,104690760,2,6942.33
CAR00663,Maruti,Celerio,2017,Petrol,Automatic,24322,3,998,18.1,45,5,Dealer,45725210,8,2702.44
CAR00664,Tata,Altroz,2022,Petrol,Manual,55907,2,1199,21.1,52,5,Dealer,100552370,3,13976.75
CAR00665,Mahindra,Scorpio,2017,Petrol,Manual,136992,1,2179,17.3,137,5,Individual,97584760,8,15221.33
CAR00666,Kia,Sonet,2016,Diesel,Manual,106097,1,1197,15.8,62,5,Individual,59095890,9,10609.7
CAR00667,Mahindra,XUV700,2019,Diesel,Manual,49376,3,1997,17.3,138,5,Individual,195751490,6,7053.71
CAR00668,Renault,Triber,2015,Electric,Manual,86012,1,999,29.6,71,5,Individual,47999320,10,7819.27
CAR00669,Skoda,Octavia,2018,Petrol,Manual,75972,2,1984,18.5,136,5,Individual,188579180,7,9496.5
CAR00670,Hyundai,Verna,2018,Petrol,Manual,112122,2,1497,24,80,7,Individual,67017180,7,14015.25
CAR00671,Skoda,Kushaq,2017,Electric,Automatic,94829,2,1498,21.4,86,5,Individual,101004190,8,10536.56
CAR00672,Kia,Sonet,2023,Diesel,Manual,37354,2,1197,21.4,77,5,Individual,122038710,2,12451.33
CAR00673,Kia,Carens,2017,Diesel,Automatic,118458,2,1497,15.4,130,5,Dealer,88819110,8,13162
CAR00674,Maruti,Brezza,2022,Diesel,Manual,50391,2,1462,19.4,61,7,Individual,106367700,3,12597.75
CAR00675,Kia,Sonet,2022,Petrol,Manual,43041,1,1197,24.2,54,5,Individual,118335800,3,10760.25
CAR00676,Volkswagen,Vento,2021,CNG,Manual,49144,1,1498,18.6,70,5,Individual,113777320,4,9828.8
CAR00677,Mahindra,Scorpio,2017,Diesel,Manual,59029,1,2179,17.2,116,5,Dealer,143420930,8,6558.78
CAR00678,Maruti,Wagon R,2023,Diesel,Manual,44189,1,1197,21.8,45,5,Dealer,63901370,2,14729.67
CAR00679,Mahindra,Thar,2016,Diesel,Manual,106083,2,1997,19.6,117,5,Individual,101475770,9,10608.3
CAR00680,Skoda,Rapid,2017,Petrol,Automatic,9694,2,1498,23.2,68,5,Dealer,81720710,8,1077.11
CAR00681,Volkswagen,Polo,2024,Petrol,Manual,33001,1,999,16.8,60,5,Dealer,139164740,1,16500.5
CAR00682,Hyundai,Verna,2018,Diesel,Automatic,125071,1,1497,19.5,77,5,Individual,77433930,7,15633.88
CAR00683,Skoda,Kushaq,2022,Petrol,Manual,47775,1,1498,18.5,111,5,Individual,152748220,3,11943.75
CAR00684,Skoda,Kushaq,2014,Petrol,Manual,157727,2,1498,14.3,102,5,Dealer,51592790,11,13143.92
CAR00685,Hyundai,Grand i10,2021,Petrol,Manual,64378,1,1197,13.6,45,5,Individual,79464650,4,12875.6
CAR00686,Renault,Duster,2024,CNG,Manual,13514,1,1498,16.8,70,5,Individual,131421100,1,6757
CAR00687,Toyota,Urban Cruiser,2022,Petrol,Manual,72652,1,1462,8,79,5,Individual,100956120,3,18163
CAR00688,Mahindra,XUV700,2020,Petrol,Manual,65351,1,1997,17.2,141,7,Individual,199374600,5,10891.83
CAR00689,Toyota,Urban Cruiser,2024,Diesel,Manual,33753,1,1462,15.4,76,5,Dealer,140946750,1,16876.5
CAR00690,Volkswagen,Polo,2017,Diesel,Automatic,88627,2,999,17.7,53,5,Dealer,59145100,8,9847.44
CAR00691,Skoda,Kushaq,2018,Diesel,Manual,89633,2,1498,22.4,95,5,Dealer,113435510,7,11204.12
CAR00692,Volkswagen,Taigun,2014,CNG,Automatic,147034,1,1498,18.2,119,5,Individual,71405230,11,12252.83
CAR00693,Skoda,Octavia,2022,Petrol,Manual,33706,1,1984,19.6,183,5,Dealer,302374170,3,8426.5
CAR00694,Skoda,Rapid,2022,CNG,Manual,81109,1,1498,16.3,66,5,Individual,101773690,3,20277.25
CAR00695,Maruti,Brezza,2023,CNG,Manual,52238,1,1462,18.9,61,7,Dealer,159627550,2,17412.67
CAR00696,Tata,Nexon,2022,Petrol,Manual,52922,1,1199,22.7,75,5,Individual,111378950,3,13230.5
CAR00697,Volkswagen,Polo,2015,Diesel,Automatic,122264,1,999,18,60,5,Individual,48306170,10,11114.91
CAR00698,Mahindra,Thar,2021,Petrol,Automatic,58431,1,1997,21.4,117,7,Dealer,205999520,4,11686.2
CAR00699,Maruti,Ertiga,2023,Petrol,Manual,54552,2,1462,24.6,102,5,Dealer,136729130,2,18184
CAR00700,Maruti,Wagon R,2016,Petrol,Manual,136405,1,1197,16.2,45,5,Individual,32299810,9,13640.5
CAR00701,Mahindra,Thar,2019,Petrol,Automatic,76895,2,1997,15.5,102,5,Individual,139519090,6,10985
CAR00702,Kia,Sonet,2024,Electric,Manual,27712,1,1197,16,69,5,Individual,143929750,1,13856
CAR00703,Hyundai,Creta,2018,Petrol,Manual,47384,1,1497,18.4,87,5,Dealer,99881290,7,5923
CAR00704,Hyundai,Venue,2023,Diesel,Manual,33628,1,1197,20.4,67,5,Individual,156006720,2,11209.33
CAR00705,Hyundai,Creta,2020,Petrol,Manual,54558,1,1497,19.8,99,5,Individual,119325130,5,9093
CAR00706,Mahindra,Bolero,2021,Petrol,Manual,84055,1,1493,21.7,69,5,Individual,92735390,4,16811
CAR00707,Maruti,Wagon R,2021,Petrol,Manual,71511,2,1197,14.4,49,5,Dealer,56610310,4,14302.2
CAR00708,Mahindra,XUV700,2021,Petrol,Automatic,70012,2,1997,23.1,171,5,Dealer,244038850,4,14002.4
CAR00709,Toyota,Glanza,2023,Diesel,Manual,37935,1,1197,18.5,66,7,Dealer,113285600,2,12645
CAR00710,Toyota,Urban Cruiser,2024,Electric,Automatic,22923,1,1462,23.6,71,5,Dealer,168116180,1,11461.5
CAR00711,Kia,Seltos,2017,Petrol,Automatic,136278,1,1497,17.3,110,5,Individual,96469650,8,15142
CAR00712,Mahindra,Bolero,2025,Electric,Manual,12116,2,1493,20.2,83,5,Individual,163923450,0,12116
CAR00713,Volkswagen,Vento,2021,Diesel,Manual,86156,1,1498,15.7,80,5,Individual,86187420,4,17231.2
CAR00714,Volkswagen,Taigun,2021,Diesel,Manual,88046,1,1498,19.9,98,5,Individual,152942590,4,17609.2
CAR00715,Skoda,Octavia,2017,Petrol,Automatic,92287,2,1984,14.6,175,5,Dealer,174736160,8,10254.11
CAR00716,Volkswagen,Vento,2019,Petrol,Manual,58026,2,1498,16.8,60,5,Individual,77984930,6,8289.43
CAR00717,Mahindra,XUV500,2021,CNG,Automatic,107952,1,2179,19.8,131,5,Dealer,152395580,4,21590.4
CAR00718,Toyota,Glanza,2018,Diesel,Manual,118064,1,1197,18.2,58,5,Individual,56774090,7,14758
CAR00719,Tata,Nexon,2017,Petrol,Manual,97088,1,1199,12.1,90,5,Individual,78047440,8,10787.56
CAR00720,Mahindra,Scorpio,2023,Diesel,Manual,57511,1,2179,9.8,129,5,Dealer,206269700,2,19170.33
CAR00721,Hyundai,i10,2018,Petrol,Manual,83961,1,1197,20,45,7,Individual,46115470,7,10495.12
CAR00722,Skoda,Kushaq,2021,Diesel,Manual,70217,2,1498,22.7,105,7,Individual,130767120,4,14043.4
CAR00723,Renault,Triber,2014,Petrol,Manual,109412,1,999,9.8,67,5,Dealer,35134800,11,9117.67
CAR00724,Hyundai,Grand i10,2014,CNG,Manual,152730,2,1197,22.3,47,5,Individual,23199570,11,12727.5
CAR00725,Volkswagen,Polo,2024,Petrol,Manual,19142,1,999,18.2,68,5,Individual,119635400,1,9571
CAR00726,Hyundai,Creta,2015,Petrol,Manual,92280,2,1497,13.5,102,5,Individual,66335650,10,8389.09
CAR00727,Volkswagen,Taigun,2023,Diesel,Manual,50370,1,1498,22,95,7,Dealer,184439650,2,16790
CAR00728,Maruti,Swift,2024,Petrol,Manual,20913,1,1197,20.9,52,7,Individual,118948360,1,10456.5
CAR00729,Toyota,Fortuner,2019,CNG,Manual,93363,1,2755,24.2,245,5,Individual,255431440,6,13337.57
CAR00730,Kia,Sonet,2024,Diesel,Automatic,26587,1,1197,24.5,64,5,Individual,133723710,1,13293.5
CAR00731,Volkswagen,Virtus,2019,Petrol,Manual,44957,1,1498,20.5,110,5,Individual,131215520,6,6422.43
CAR00732,Toyota,Innova,2025,Petrol,Manual,26679,1,2393,15,129,7,Dealer,419708670,0,26679
CAR00733,Skoda,Octavia,2016,CNG,Manual,141720,2,1984,21.1,170,7,Individual,108489240,9,14172
CAR00734,Volkswagen,Vento,2019,Diesel,Manual,126752,2,1498,20.5,67,5,Dealer,60864220,6,18107.43
CAR00735,Tata,Harrier,2018,CNG,Automatic,95738,1,1956,25.6,93,5,Dealer,140166990,7,11967.25
CAR00736,Kia,Sonet,2023,Petrol,Manual,49544,1,1197,16.7,69,5,Individual,158884460,2,16514.67
CAR00737,Volkswagen,Vento,2014,CNG,Manual,168295,1,1498,19.1,74,5,Dealer,37542100,11,14024.58
CAR00738,Honda,WR-V,2023,Diesel,Manual,45094,1,1498,14.3,65,5,Dealer,117574850,2,15031.33
CAR00739,Volkswagen,Polo,2014,Diesel,Manual,175593,1,999,18.7,45,7,Dealer,33117760,11,14632.75
CAR00740,Renault,Kwid,2017,Petrol,Manual,120523,1,999,18.1,45,5,Individual,34595580,8,13391.44
CAR00741,Renault,Triber,2021,Petrol,Manual,56319,1,999,14.9,63,5,Individual,95003800,4,11263.8
CAR00742,Volkswagen,Taigun,2015,Electric,Manual,163692,1,1498,24.8,101,5,Individual,59019700,10,14881.09
CAR00743,Kia,Carens,2019,Electric,Automatic,74691,1,1497,21.5,101,5,Individual,128509920,6,10670.14
CAR00744,Tata,Altroz,2025,Petrol,Manual,12799,1,1199,13.5,56,5,Individual,163495190,0,12799
CAR00745,Volkswagen,Polo,2023,CNG,Manual,20628,1,999,25,60,5,Individual,116943860,2,6876
CAR00746,Honda,City,2014,Petrol,Automatic,127268,2,1498,11.3,72,5,Dealer,58681310,11,10605.67
CAR00747,Mahindra,Scorpio,2021,Petrol,Automatic,64532,1,2179,17.9,135,5,Dealer,209979260,4,12906.4
CAR00748,Honda,City,2021,Petrol,Manual,98120,1,1498,17.2,78,7,Individual,121292580,4,19624
CAR00749,Honda,WR-V,2014,Petrol,Automatic,144308,2,1498,12.6,77,5,Dealer,43760230,11,12025.67
CAR00750,Hyundai,i20,2021,Petrol,Manual,59139,1,1197,18.5,59,7,Individual,90258360,4,11827.8
CAR00751,Skoda,Octavia,2020,Petrol,Automatic,66694,1,1984,15.4,150,5,Individual,273874360,5,11115.67
CAR00752,Hyundai,Creta,2022,Petrol,Manual,64935,1,1497,22.6,106,5,Dealer,152406600,3,16233.75
CAR00753,Maruti,Swift,2017,Diesel,Manual,105381,1,1197,22.3,52,5,Individual,51640480,8,11709
CAR00754,Skoda,Kushaq,2017,CNG,Manual,81683,1,1498,21.7,111,5,Individual,112687670,8,9075.89
CAR00755,Mahindra,XUV500,2022,Diesel,Automatic,29892,2,2179,11.8,109,5,Dealer,178007390,3,7473
CAR00756,Toyota,Fortuner,2022,Petrol,Manual,49411,1,2755,15.8,213,7,Dealer,426161070,3,12352.75
CAR00757,Volkswagen,Vento,2015,Diesel,Manual,104173,1,1498,17.4,60,5,Dealer,53109560,10,9470.27
CAR00758,Honda,Jazz,2016,Petrol,Automatic,103596,1,1199,21.1,70,5,Individual,52696120,9,10359.6
CAR00759,Hyundai,Grand i10,2021,Diesel,Manual,66682,1,1197,19.8,48,5,Individual,76375630,4,13336.4
CAR00760,Volkswagen,Polo,2023,Diesel,Automatic,30754,2,999,20.3,53,5,Individual,104573910,2,10251.33
CAR00761,Hyundai,i20,2016,Petrol,Manual,167332,1,1197,20.6,49,7,Individual,36559610,9,16733.2
CAR00762,Mahindra,XUV500,2016,Petrol,Manual,167568,2,2179,22.4,82,5,Dealer,63212050,9,16756.8
CAR00763,Skoda,Rapid,2023,CNG,Manual,30462,1,1498,25.4,55,5,Individual,132823870,2,10154
CAR00764,Skoda,Rapid,2022,CNG,Manual,37330,1,1498,22.6,58,5,Dealer,126645450,3,9332.5
CAR00765,Honda,Amaze,2024,Diesel,Manual,16806,1,1199,18.5,58,5,Individual,126051890,1,8403
CAR00766,Volkswagen,Taigun,2023,Electric,Manual,47681,1,1498,23.8,87,5,Individual,185000720,2,15893.67
CAR00767,Kia,Seltos,2025,CNG,Manual,22388,1,1497,20.9,91,5,Individual,235742500,0,22388
CAR00768,Toyota,Fortuner,2016,Petrol,Manual,95236,1,2755,19.9,205,5,Individual,195602150,9,9523.6
CAR00769,Hyundai,Venue,2017,Diesel,Manual,79052,1,1197,17.6,70,5,Individual,55527500,8,8783.56
CAR00770,Honda,Jazz,2016,Petrol,Automatic,110247,1,1199,20.2,78,5,Dealer,50068990,9,11024.7
CAR00771,Kia,Seltos,2014,Petrol,Manual,117754,1,1497,17.6,113,7,Dealer,70967470,11,9812.83
CAR00772,Skoda,Rapid,2023,Petrol,Manual,41838,3,1498,18.7,68,5,Dealer,105305220,2,13946
CAR00773,Maruti,Wagon R,2021,Electric,Automatic,80243,1,1197,18.9,45,5,Individual,62913180,4,16048.6
CAR00774,Volkswagen,Polo,2015,Diesel,Manual,131221,1,999,18.5,48,5,Dealer,45240520,10,11929.18
CAR00775,Renault,Duster,2016,Petrol,Manual,128569,1,1498,18.8,69,5,Dealer,51007020,9,12856.9
CAR00776,Skoda,Octavia,2016,Petrol,Automatic,107021,1,1984,17,140,5,Individual,142647820,9,10702.1
CAR00777,Toyota,Fortuner,2018,Petrol,Manual,92235,1,2755,10.5,265,5,Dealer,274329030,7,11529.38
CAR00778,Hyundai,i20,2019,Diesel,Automatic,67500,1,1197,15.6,61,7,Dealer,80463480,6,9642.86
CAR00779,Tata,Tiago,2017,CNG,Manual,60955,1,1199,22,45,5,Dealer,45225130,8,6772.78
CAR00780,Renault,Kwid,2025,Petrol,Manual,23484,1,999,22,45,5,Dealer,111492000,0,23484
CAR00781,Renault,Kwid,2016,Petrol,Manual,97508,1,999,16.8,45,5,Individual,29180580,9,9750.8
CAR00782,Kia,Seltos,2020,Diesel,Manual,47964,1,1497,17.8,95,5,Individual,128391170,5,7994
CAR00783,Hyundai,i10,2019,Petrol,Automatic,39179,3,1197,20.7,45,5,Individual,49331030,6,5597
CAR00784,Hyundai,i10,2018,Petrol,Manual,108031,1,1197,17.5,45,5,Individual,38171190,7,13503.88
CAR00785,Toyota,Glanza,2023,Petrol,Automatic,57372,2,1197,19.7,56,5,Individual,94944140,2,19124
CAR00786,Mahindra,Thar,2025,Petrol,Manual,24454,1,1997,16.6,116,5,Individual,317366500,0,24454
CAR00787,Maruti,Brezza,2014,Petrol,Automatic,121911,1,1462,16.3,76,5,Dealer,47358830,11,10159.25
CAR00788,Kia,Sonet,2019,CNG,Automatic,42562,2,1197,23.5,63,5,Individual,94074890,6,6080.29
CAR00789,Mahindra,Scorpio,2015,Petrol,Manual,137207,1,2179,19.5,128,5,Dealer,93879950,10,12473.36
CAR00790,Maruti,Celerio,2019,Petrol,Automatic,55591,2,998,16.5,46,5,Dealer,73157410,6,7941.57
CAR00791,Maruti,Ertiga,2021,Diesel,Automatic,65763,1,1462,15.9,89,5,Individual,118551830,4,13152.6
CAR00792,Toyota,Innova,2018,CNG,Manual,70202,1,2393,16,155,5,Individual,140489610,7,8775.25
CAR00793,Volkswagen,Vento,2017,Petrol,Manual,44957,2,1498,12.9,64,5,Dealer,72548650,8,4995.22
CAR00794,Renault,Triber,2017,Petrol,Manual,149048,1,999,15.6,56,5,Individual,57452580,8,16560.89
CAR00795,Toyota,Fortuner,2017,Diesel,Manual,63262,3,2755,20.2,250,5,Individual,219865150,8,7029.11
CAR00796,Tata,Punch,2017,Petrol,Manual,89003,2,1199,12.5,51,5,Dealer,53609450,8,9889.22
CAR00797,Skoda,Octavia,2018,Diesel,Manual,96576,1,1984,14.5,153,5,Individual,187170330,7,12072
CAR00798,Toyota,Glanza,2022,Petrol,Manual,42919,1,1197,18.6,56,5,Individual,81604430,3,10729.75
CAR00799,Honda,Jazz,2015,Petrol,Manual,139118,2,1199,22.2,45,5,Dealer,36957280,10,12647.09
CAR00800,Toyota,Fortuner,2014,Petrol,Manual,98426,1,2755,20.8,214,5,Individual,140243940,11,8202.17
CAR00801,Maruti,Swift,2020,Diesel,Manual,87048,2,1197,13.8,50,7,Individual,56294340,5,14508
CAR00802,Honda,Amaze,2022,Petrol,Automatic,58252,1,1199,18.7,76,5,Individual,95603440,3,14563
CAR00803,Mahindra,Scorpio,2017,Petrol,Automatic,69582,1,2179,20.4,116,5,Individual,100846870,8,7731.33
CAR00804,Skoda,Octavia,2016,Petrol,Automatic,118635,1,1984,16,190,7,Individual,153662500,9,11863.5
CAR00805,Volkswagen,Vento,2021,Diesel,Manual,58453,2,1498,18.6,65,5,Individual,99738030,4,11690.6
CAR00806,Volkswagen,Polo,2018,Petrol,Manual,59797,2,999,18.5,59,5,Individual,58136390,7,7474.62
CAR00807,Mahindra,Scorpio,2022,Diesel,Automatic,71337,1,2179,20.8,108,5,Dealer,193246530,3,17834.25
CAR00808,Hyundai,i10,2015,Diesel,Manual,123516,1,1197,20.4,45,5,Dealer,32298290,10,11228.73
CAR00809,Honda,Amaze,2015,Petrol,Manual,148368,1,1199,19.7,66,7,Individual,44107550,10,13488
CAR00810,Skoda,Kushaq,2020,Electric,Manual,94815,1,1498,23.1,87,7,Dealer,142104800,5,15802.5
CAR00811,Maruti,Brezza,2018,CNG,Manual,56487,1,1462,19.1,83,5,Individual,77280220,7,7060.88
CAR00812,Renault,Duster,2022,Petrol,Automatic,55585,1,1498,16.2,67,5,Dealer,127437370,3,13896.25
CAR00813,Kia,Seltos,2020,Petrol,Manual,78427,1,1497,15.2,88,5,Individual,133712880,5,13071.17
CAR00814,Tata,Safari,2018,Petrol,Automatic,82315,1,1956,16.1,131,5,Dealer,169879000,7,10289.38
CAR00815,Volkswagen,Taigun,2015,Petrol,Manual,115621,1,1498,19.2,127,5,Dealer,83544520,10,10511
CAR00816,Renault,Kwid,2015,Diesel,Manual,153428,1,999,17,45,5,Individual,26195110,10,13948
CAR00817,Maruti,Wagon R,2023,CNG,Manual,38682,1,1197,24.2,45,7,Individual,74794450,2,12894
CAR00818,Hyundai,i10,2016,CNG,Manual,184687,3,1197,18,45,7,Individual,19619210,9,18468.7
CAR00819,Kia,Sonet,2020,Petrol,Automatic,95313,1,1197,18.1,78,5,Individual,96368380,5,15885.5
CAR00820,Skoda,Slavia,2023,Petrol,Manual,46264,1,1498,20,133,5,Individual,207475060,2,15421.33
CAR00821,Maruti,Brezza,2024,Petrol,Manual,28119,2,1462,18.8,80,7,Dealer,124304460,1,14059.5
CAR00822,Kia,Carens,2017,Diesel,Manual,97144,1,1497,13.8,96,5,Individual,95879320,8,10793.78
CAR00823,Hyundai,i10,2015,Petrol,Automatic,101584,2,1197,17.9,45,5,Individual,29491230,10,9234.91
CAR00824,Kia,Seltos,2023,CNG,Automatic,44609,1,1497,18.8,74,5,Dealer,198549810,2,14869.67
CAR00825,Kia,Sonet,2022,CNG,Manual,57392,1,1197,17,81,5,Dealer,145603270,3,14348
CAR00826,Maruti,Dzire,2017,Petrol,Manual,80276,1,1197,18.2,48,5,Individual,57706800,8,8919.56
CAR00827,Kia,Seltos,2021,Diesel,Automatic,80705,1,1497,15.6,106,5,Dealer,163937320,4,16141
CAR00828,Renault,Triber,2016,Diesel,Manual,148811,1,999,20,75,7,Dealer,52968960,9,14881.1
CAR00829,Renault,Kwid,2022,Diesel,Manual,62066,1,999,23.7,45,5,Dealer,71904740,3,15516.5
CAR00830,Maruti,Dzire,2022,Petrol,Manual,49620,1,1197,18.4,59,5,Individual,90580600,3,12405
CAR00831,Tata,Punch,2017,Petrol,Manual,126894,1,1199,16.8,66,5,Individual,48543480,8,14099.33
CAR00832,Tata,Nexon,2019,Diesel,Manual,106866,2,1199,18.8,84,5,Individual,75829000,6,15266.57
CAR00833,Toyota,Urban Cruiser,2018,Petrol,Manual,103011,1,1462,20.2,64,5,Dealer,80234150,7,12876.38
CAR00834,Hyundai,Creta,2014,Diesel,Manual,137073,3,1497,18.4,97,5,Dealer,53032230,11,11422.75
CAR00835,Renault,Kwid,2015,Petrol,Manual,203748,1,999,16.1,45,7,Dealer,18426770,10,18522.55
CAR00836,Volkswagen,Virtus,2025,Diesel,Manual,19098,1,1498,19.4,111,5,Individual,245899710,0,19098
CAR00837,Renault,Triber,2019,CNG,Manual,54428,1,999,18.3,50,7,Individual,83009290,6,7775.43
CAR00838,Hyundai,i20,2015,Petrol,Automatic,157580,1,1197,20.2,59,7,Dealer,33754450,10,14325.45
CAR00839,Maruti,Baleno,2014,Petrol,Automatic,143825,2,1197,16,61,5,Individual,39299980,11,11985.42
CAR00840,Skoda,Slavia,2018,Diesel,Manual,74195,1,1498,21,95,7,Individual,121422160,7,9274.38
CAR00841,Tata,Tiago,2025,Petrol,Manual,11876,1,1199,19.4,45,7,Dealer,114414200,0,11876
CAR00842,Kia,Carens,2018,Diesel,Manual,102123,2,1497,16.4,93,5,Dealer,106216650,7,12765.38
CAR00843,Skoda,Slavia,2025,Diesel,Manual,14512,1,1498,16.9,108,5,Individual,283151110,0,14512
CAR00844,Maruti,Swift,2019,Petrol,Manual,53545,1,1197,19.2,48,5,Dealer,64853270,6,7649.29
CAR00845,Maruti,Celerio,2023,CNG,Manual,38319,2,998,21.4,45,5,Individual,89415520,2,12773
CAR00846,Maruti,Baleno,2023,Petrol,Automatic,39884,1,1197,17,51,5,Individual,125817430,2,13294.67
CAR00847,Hyundai,i20,2014,Diesel,Automatic,133015,1,1197,20.7,64,5,Individual,43770300,11,11084.58
CAR00848,Maruti,Brezza,2014,Petrol,Automatic,146746,2,1462,20.5,60,5,Individual,37935590,11,12228.83
CAR00849,Renault,Duster,2025,Petrol,Manual,8073,1,1498,17.4,70,5,Individual,173027490,0,8073
CAR00850,Kia,Seltos,2025,Petrol,Automatic,13576,1,1497,15.8,98,5,Individual,207676650,0,13576
CAR00851,Skoda,Rapid,2015,CNG,Automatic,118797,1,1498,21.4,64,5,Individual,51597160,10,10799.73
CAR00852,Renault,Duster,2021,CNG,Automatic,76684,2,1498,18.6,65,5,Individual,97595210,4,15336.8
CAR00853,Skoda,Kushaq,2025,Diesel,Automatic,21954,1,1498,19.7,113,5,Individual,257395660,0,21954
CAR00854,Tata,Tiago,2025,Petrol,Automatic,9408,1,1199,17.5,51,5,Dealer,135579630,0,9408
CAR00855,Tata,Altroz,2017,Diesel,Automatic,104222,1,1199,16.9,64,5,Individual,51383980,8,11580.22
CAR00856,Renault,Duster,2023,Diesel,Manual,21920,1,1498,18.1,72,7,Individual,141587430,2,7306.67
CAR00857,Tata,Altroz,2021,Diesel,Manual,62176,1,1199,18.3,49,7,Individual,86229410,4,12435.2
CAR00858,Maruti,Wagon R,2025,Petrol,Manual,13908,1,1197,19.7,51,7,Individual,101604400,0,13908
CAR00859,Kia,Sonet,2015,CNG,Manual,146915,1,1197,18.4,74,5,Individual,50280460,10,13355.91
CAR00860,Renault,Triber,2021,Petrol,Manual,42249,1,999,15.1,62,5,Dealer,115379590,4,8449.8
CAR00861,Skoda,Slavia,2014,Petrol,Manual,231971,1,1498,16.4,95,5,Individual,47784430,11,19330.92
CAR00862,Skoda,Slavia,2018,CNG,Manual,144072,1,1498,22.7,102,5,Individual,106465550,7,18009
CAR00863,Hyundai,Grand i10,2014,Petrol,Manual,150232,1,1197,19.7,52,5,Individual,31025290,11,12519.33
CAR00864,Volkswagen,Polo,2019,Petrol,Automatic,107709,1,999,18.3,62,5,Individual,71429930,6,15387
CAR00865,Renault,Triber,2023,Diesel,Manual,53176,1,999,21.4,57,5,Dealer,93695460,2,17725.33
CAR00866,Kia,Sonet,2021,Electric,Manual,72688,1,1197,26,88,5,Individual,104739590,4,14537.6
CAR00867,Renault,Triber,2017,Petrol,Manual,60230,3,999,18,52,5,Dealer,49208860,8,6692.22
CAR00868,Renault,Triber,2019,Diesel,Manual,27722,1,999,16.9,47,7,Dealer,107466280,6,3960.29
CAR00869,Toyota,Urban Cruiser,2018,Petrol,Manual,60047,1,1462,17.3,55,5,Individual,75002500,7,7505.88
CAR00870,Maruti,Brezza,2022,Petrol,Manual,40293,1,1462,13.4,77,5,Individual,103666280,3,10073.25
CAR00871,Toyota,Urban Cruiser,2017,Petrol,Manual,80988,1,1462,18.7,67,5,Dealer,53999330,8,8998.67
CAR00872,Tata,Altroz,2015,Diesel,Manual,142094,1,1199,17.8,58,5,Dealer,37488710,10,12917.64
CAR00873,Hyundai,Verna,2020,Petrol,Manual,68312,3,1497,17.8,88,7,Individual,90584020,5,11385.33
CAR00874,Hyundai,Creta,2023,Petrol,Manual,41046,1,1497,17.2,102,5,Individual,207729280,2,13682
CAR00875,Kia,Carens,2019,Diesel,Automatic,47783,1,1497,18.2,89,5,Individual,130237970,6,6826.14
CAR00876,Mahindra,XUV500,2016,Diesel,Automatic,65180,1,2179,20,118,5,Individual,109467360,9,6518
CAR00877,Mahindra,Bolero,2014,Diesel,Manual,149040,1,1493,18.9,71,5,Dealer,45644080,11,12420
CAR00878,Volkswagen,Polo,2025,CNG,Automatic,17492,1,999,19.1,56,5,Individual,140612920,0,17492
CAR00879,Mahindra,Thar,2023,Petrol,Automatic,47721,2,1997,14.2,112,5,Individual,215874960,2,15907
CAR00880,Kia,Seltos,2015,Petrol,Automatic,149378,2,1497,18.6,84,5,Individual,74371890,10,13579.82
CAR00881,Maruti,Baleno,2014,Petrol,Manual,213454,1,1197,13.9,58,5,Individual,26683030,11,17787.83
CAR00882,Renault,Triber,2015,Diesel,Manual,123951,1,999,24.7,48,5,Dealer,39346910,10,11268.27
CAR00883,Toyota,Urban Cruiser,2018,Petrol,Manual,141778,1,1462,21.4,73,5,Individual,68901980,7,17722.25
CAR00884,Hyundai,Creta,2023,Petrol,Manual,45330,1,1497,12.7,118,5,Dealer,200782690,2,15110
CAR00885,Renault,Kwid,2015,Petrol,Manual,149634,1,999,19.4,45,5,Individual,24900070,10,13603.09
CAR00886,Volkswagen,Virtus,2023,Petrol,Manual,67486,1,1498,20.9,108,5,Individual,207100950,2,22495.33
CAR00887,Maruti,Celerio,2014,Electric,Manual,171997,3,998,20.7,45,5,Individual,16868200,11,14333.08
CAR00888,Hyundai,Creta,2022,Diesel,Automatic,34935,1,1497,20.4,97,7,Individual,193396250,3,8733.75
CAR00889,Maruti,Brezza,2017,Petrol,Manual,145390,2,1462,17.1,63,5,Dealer,59215400,8,16154.44
CAR00890,Tata,Punch,2025,Diesel,Automatic,14201,2,1199,21.3,71,7,Individual,126178810,0,14201
CAR00891,Maruti,Ertiga,2019,Diesel,Automatic,88602,1,1462,18,72,5,Dealer,85259840,6,12657.43
CAR00892,Volkswagen,Vento,2017,Petrol,Automatic,116003,1,1498,20.5,60,5,Individual,69920190,8,12889.22
CAR00893,Mahindra,XUV500,2016,Petrol,Automatic,150460,1,2179,17.1,95,5,Dealer,88969400,9,15046
CAR00894,Skoda,Kushaq,2023,Diesel,Manual,45527,2,1498,18.3,94,5,Individual,210384150,2,15175.67
CAR00895,Volkswagen,Taigun,2018,Petrol,Manual,67075,1,1498,19.4,108,5,Dealer,113272110,7,8384.38
CAR00896,Kia,Carens,2018,Diesel,Automatic,154924,2,1497,22,130,5,Individual,92950660,7,19365.5
CAR00897,Mahindra,XUV500,2022,Diesel,Manual,61736,1,2179,12.3,98,7,Individual,167247880,3,15434
CAR00898,Maruti,Celerio,2020,Diesel,Manual,56478,1,998,10.6,45,7,Dealer,54333730,5,9413
CAR00899,Maruti,Brezza,2021,Electric,Manual,46482,2,1462,23.5,69,5,Dealer,107646400,4,9296.4
CAR00900,Kia,Carens,2019,Diesel,Manual,103812,1,1497,17.3,88,5,Individual,118056500,6,14830.29
CAR00901,Maruti,Celerio,2014,Petrol,Manual,86075,2,998,13.5,62,5,Dealer,34373470,11,7172.92
CAR00902,Maruti,Baleno,2014,Petrol,Manual,173094,1,1197,16.4,69,5,Individual,29220100,11,14424.5
CAR00903,Tata,Nexon,2014,Diesel,Manual,172802,1,1199,28,89,5,Dealer,49930670,11,14400.17
CAR00904,Renault,Triber,2020,CNG,Manual,57989,1,999,17,65,5,Individual,82698260,5,9664.83
CAR00905,Toyota,Innova,2020,CNG,Manual,52362,1,2393,23.7,137,5,Dealer,238506240,5,8727
CAR00906,Volkswagen,Polo,2022,CNG,Manual,37508,2,999,18.7,55,5,Individual,98420950,3,9377
CAR00907,Toyota,Fortuner,2024,Petrol,Manual,32592,1,2755,13.1,238,7,Dealer,562029690,1,16296
CAR00908,Hyundai,i10,2016,Diesel,Manual,127623,1,1197,17.5,50,5,Dealer,27456710,9,12762.3
CAR00909,Honda,WR-V,2025,CNG,Manual,27675,1,1498,16.7,65,7,Dealer,143327070,0,27675
CAR00910,Maruti,Dzire,2025,Diesel,Manual,12759,1,1197,14.6,49,7,Dealer,156513830,0,12759
CAR00911,Volkswagen,Polo,2021,Diesel,Automatic,53487,2,999,17.1,55,5,Dealer,97893700,4,10697.4
CAR00912,Hyundai,Venue,2020,Petrol,Manual,94245,1,1197,14.2,78,5,Individual,89452000,5,15707.5
CAR00913,Honda,Jazz,2016,Diesel,Automatic,81666,3,1199,18.9,45,5,Individual,47249390,9,8166.6
CAR00914,Skoda,Rapid,2016,Petrol,Manual,155733,1,1498,18,66,5,Individual,45754850,9,15573.3
CAR00915,Mahindra,Scorpio,2014,Petrol,Manual,79874,1,2179,15.1,85,7,Individual,80339600,11,6656.17
CAR00916,Toyota,Innova,2021,CNG,Manual,80466,1,2393,22.9,166,5,Individual,190874380,4,16093.2
CAR00917,Mahindra,XUV700,2019,CNG,Automatic,82362,1,1997,19,120,5,Dealer,216104480,6,11766
CAR00918,Volkswagen,Polo,2016,CNG,Manual,136892,1,999,20.5,50,5,Individual,45453510,9,13689.2
CAR00919,Tata,Tiago,2015,Petrol,Manual,148773,2,1199,11,45,5,Individual,27025220,10,13524.82
CAR00920,Kia,Carens,2014,Petrol,Manual,91418,1,1497,17.7,129,5,Individual,86969460,11,7618.17
CAR00921,Renault,Kwid,2021,Petrol,Manual,81775,2,999,19.05,45,7,Dealer,58811840,4,16355
CAR00922,Mahindra,Thar,2022,CNG,Automatic,47352,1,1997,18.95,144,5,Individual,191168880,3,11838
CAR00923,Toyota,Glanza,2021,Diesel,Automatic,61238,1,1197,18.8,75,5,Individual,84305280,4,12247.6
CAR00924,Hyundai,i10,2015,Electric,Manual,103055,1,1197,19,45,7,Individual,31000400,10,9368.64
CAR00925,Tata,Safari,2014,Petrol,Manual,205569,1,1956,22.4,115,5,Individual,65454240,11,17130.75
CAR00926,Skoda,Rapid,2015,Diesel,Manual,92783,1,1498,18.8,64,7,Individual,46126110,10,8434.82
CAR00927,Mahindra,Thar,2023,Diesel,Automatic,53928,2,1997,17.3,132,5,Individual,213627260,2,17976
CAR00928,Honda,Jazz,2022,Petrol,Manual,32633,2,1199,15.6,62,5,Dealer,109790360,3,8158.25
CAR00929,Toyota,Innova,2017,Electric,Manual,127609,1,2393,28.7,133,5,Dealer,134374650,8,14178.78
CAR00930,Mahindra,XUV700,2014,Diesel,Automatic,246965,1,1997,18.9,161,5,Individual,68260920,11,20580.42
CAR00931,Mahindra,Bolero,2017,Petrol,Automatic,87230,1,1493,18.9,78,5,Individual,58750280,8,9692.22
CAR00932,Kia,Sonet,2023,Petrol,Manual,35150,1,1197,16.9,60,5,Individual,156125280,2,11716.67
CAR00933,Tata,Altroz,2015,CNG,Manual,112405,1,1199,20.8,55,5,Dealer,42104950,10,10218.64
CAR00934,Kia,Seltos,2023,Diesel,Automatic,51992,1,1497,18,106,5,Dealer,211270310,2,17330.67
CAR00935,Toyota,Urban Cruiser,2019,Diesel,Automatic,80429,2,1462,23.6,82,5,Individual,86508520,6,11489.86
CAR00936,Skoda,Kushaq,2015,Diesel,Manual,166607,1,1498,19.4,108,5,Individual,80043010,10,15146.09
CAR00937,Hyundai,i20,2025,Petrol,Manual,18243,1,1197,13.3,60,7,Dealer,192792620,0,18243
CAR00938,Hyundai,Grand i10,2020,Diesel,Manual,119153,2,1197,20.5,45,5,Individual,47214430,5,19858.83
CAR00939,Toyota,Urban Cruiser,2022,CNG,Manual,24346,1,1462,20.7,66,5,Dealer,119718050,3,6086.5
CAR00940,Mahindra,XUV500,2015,Petrol,Manual,141013,1,2179,18.6,97,7,Individual,58024290,10,12819.36
CAR00941,Kia,Seltos,2018,Diesel,Automatic,98930,3,1497,18.3,109,5,Dealer,100083260,7,12366.25
CAR00942,Toyota,Fortuner,2021,Petrol,Manual,67574,1,2755,15.9,321,7,Individual,342929290,4,13514.8
CAR00943,Skoda,Rapid,2021,Petrol,Manual,68950,1,1498,20.2,53,5,Dealer,85897100,4,13790
CAR00944,Toyota,Glanza,2014,Petrol,Automatic,138051,1,1197,23.1,69,5,Dealer,39427660,11,11504.25
CAR00945,Hyundai,Creta,2021,CNG,Manual,70977,2,1497,15.4,103,5,Individual,140097450,4,14195.4
CAR00946,Hyundai,i20,2025,Petrol,Manual,12967,1,1197,17.7,50,5,Dealer,160556080,0,12967
CAR00947,Skoda,Kushaq,2023,Petrol,Automatic,56263,1,1498,15.9,104,5,Individual,198749120,2,18754.33
CAR00948,Hyundai,i10,2016,Diesel,Manual,13827,1,1197,16.6,45,5,Individual,38905160,9,1382.7
CAR00949,Skoda,Octavia,2024,Petrol,Automatic,45414,1,1984,11,175,5,Individual,386781290,1,22707
CAR00950,Tata,Harrier,2022,Diesel,Manual,97299,1,1956,20.4,143,5,Individual,193470920,3,24324.75
CAR00951,Maruti,Wagon R,2014,CNG,Manual,69807,1,1197,19.5,53,5,Individual,32667270,11,5817.25
CAR00952,Honda,WR-V,2015,Petrol,Manual,119837,2,1498,15.9,78,5,Individual,37489090,10,10894.27
CAR00953,Kia,Seltos,2025,Petrol,Manual,25357,1,1497,21.1,101,5,Individual,239079850,0,25357
CAR00954,Toyota,Glanza,2016,Electric,Manual,147965,2,1197,21.2,62,5,Individual,38989900,9,14796.5
CAR00955,Volkswagen,Taigun,2015,Petrol,Manual,192273,2,1498,16.1,133,5,Individual,49907490,10,17479.36
CAR00956,Kia,Carens,2019,Petrol,Manual,87514,2,1497,13.5,91,5,Individual,109414730,6,12502
CAR00957,Toyota,Innova,2020,Electric,Manual,36430,2,2393,19.8,162,5,Dealer,220331980,5,6071.67
CAR00958,Kia,Carens,2020,CNG,Automatic,110961,1,1497,25.4,90,5,Individual,146425210,5,18493.5
CAR00959,Skoda,Slavia,2021,Diesel,Manual,71634,2,1498,21.1,84,5,Dealer,150621170,4,14326.8
CAR00960,Toyota,Urban Cruiser,2025,Diesel,Manual,20146,1,1462,23.2,79,7,Individual,162496930,0,20146
CAR00961,Hyundai,Creta,2023,CNG,Manual,20651,1,1497,18.5,77,7,Individual,169869500,2,6883.67
CAR00962,Toyota,Glanza,2014,Diesel,Manual,89613,1,1197,20.4,56,5,Individual,38674310,11,7467.75
CAR00963,Renault,Triber,2015,Diesel,Manual,138821,1,999,22.4,70,5,Individual,40669120,10,12620.09
CAR00964,Tata,Punch,2014,CNG,Manual,195430,1,1199,22.7,53,5,Dealer,31645070,11,16285.83
CAR00965,Skoda,Slavia,2018,Diesel,Manual,144849,2,1498,24,129,5,Individual,81525770,7,18106.12
CAR00966,Mahindra,XUV500,2018,Petrol,Manual,68365,1,2179,18.7,70,5,Individual,118369620,7,8545.62
CAR00967,Kia,Carens,2025,Petrol,Manual,13632,1,1497,17.5,119,5,Individual,268792240,0,13632
CAR00968,Honda,Jazz,2018,Petrol,Automatic,172327,1,1199,10.4,49,5,Dealer,39867890,7,21540.88
CAR00969,Skoda,Rapid,2014,Diesel,Manual,119016,2,1498,20.6,61,7,Individual,39190160,11,9918
CAR00970,Maruti,Swift,2024,Petrol,Manual,37104,1,1197,19.3,50,5,Individual,111854140,1,18552
CAR00971,Tata,Tiago,2017,Petrol,Manual,95176,1,1199,20.9,45,5,Individual,43619630,8,10575.11
CAR00972,Toyota,Innova,2024,Diesel,Automatic,36840,2,2393,16.9,135,5,Individual,316912020,1,18420
CAR00973,Toyota,Fortuner,2023,Petrol,Manual,16590,2,2755,17.4,199,5,Dealer,468719740,2,5530
CAR00974,Toyota,Innova,2024,Petrol,Manual,33326,1,2393,12.7,165,5,Individual,297868130,1,16663
CAR00975,Hyundai,i10,2023,Petrol,Manual,39077,1,1197,12.7,45,5,Individual,73627660,2,13025.67
CAR00976,Tata,Harrier,2015,Petrol,Manual,110791,1,1956,19,106,5,Individual,95378290,10,10071.91
CAR00977,Maruti,Celerio,2021,Diesel,Manual,56888,2,998,23.1,45,5,Dealer,63242640,4,11377.6
CAR00978,Mahindra,XUV500,2018,Petrol,Manual,113567,1,2179,21.4,99,5,Individual,106577270,7,14195.88
CAR00979,Honda,City,2021,Petrol,Automatic,92872,1,1498,18.8,89,5,Dealer,142878480,4,18574.4
CAR00980,Mahindra,Thar,2022,Diesel,Automatic,45546,1,1997,25.4,104,5,Dealer,204920130,3,11386.5
CAR00981,Mahindra,Thar,2020,Petrol,Manual,52302,1,1997,16.3,112,5,Individual,138334440,5,8717
CAR00982,Volkswagen,Virtus,2017,Petrol,Manual,137659,1,1498,20.2,107,7,Dealer,78338330,8,15295.44
CAR00983,Mahindra,Bolero,2024,CNG,Manual,31273,1,1493,17,83,5,Individual,164580660,1,15636.5
CAR00984,Kia,Carens,2021,Diesel,Manual,47721,1,1497,9.9,98,7,Individual,172926030,4,9544.2
CAR00985,Mahindra,XUV500,2024,Diesel,Manual,36278,2,2179,17.9,77,5,Individual,202332520,1,18139
CAR00986,Kia,Seltos,2016,CNG,Automatic,122057,1,1497,20.6,88,5,Individual,87817810,9,12205.7
CAR00987,Kia,Carens,2024,CNG,Manual,28823,2,1497,21.7,120,5,Individual,199927120,1,14411.5
CAR00988,Honda,Jazz,2017,Petrol,Manual,41942,1,1199,16.9,62,5,Dealer,53493550,8,4660.22
CAR00989,Tata,Safari,2019,Diesel,Manual,69542,1,1956,20.4,133,5,Dealer,168493520,6,9934.57
CAR00990,Volkswagen,Taigun,2024,Diesel,Automatic,21304,1,1498,24.5,106,5,Dealer,302862850,1,10652
CAR00991,Honda,City,2018,Petrol,Manual,86944,1,1498,18.7,78,5,Individual,87338630,7,10868
CAR00992,Mahindra,Scorpio,2017,CNG,Automatic,112173,2,2179,18.7,139,5,Individual,118444100,8,12463.67
CAR00993,Hyundai,Verna,2024,Petrol,Automatic,21672,1,1497,10,80,5,Individual,199582080,1,10836
CAR00994,Toyota,Glanza,2025,CNG,Manual,13213,2,1197,17.8,57,5,Dealer,130497890,0,13213
CAR00995,Mahindra,XUV500,2017,Diesel,Manual,76954,1,2179,23.3,110,5,Individual,98917230,8,8550.44
CAR00996,Kia,Seltos,2017,Diesel,Manual,98292,1,1497,17.8,113,5,Individual,95963110,8,10921.33
CAR00997,Mahindra,Bolero,2016,Petrol,Manual,125988,1,1493,19.5,65,5,Dealer,54169380,9,12598.8
CAR00998,Honda,WR-V,2014,CNG,Manual,120106,1,1498,22.9,59,5,Dealer,47153440,11,10008.83
CAR00999,Skoda,Octavia,2020,Diesel,Manual,73020,2,1984,19.1,229,5,Individual,244567810,5,12170
CAR01000,Mahindra,XUV500,2017,Petrol,Automatic,81238,1,2179,17.2,106,5,Individual,99170120,8,9026.44
CAR01001,Renault,Duster,2024,Petrol,Automatic,15301,1,1498,15.5,85,5,Individual,139754310,1,7650.5
CAR01002,Volkswagen,Virtus,2016,Diesel,Manual,95441,2,1498,26,117,5,Dealer,88501240,9,9544.1
CAR01003,Mahindra,Thar,2021,Petrol,Manual,47059,1,1997,14.6,119,5,Dealer,169628010,4,9411.8
CAR01004,Renault,Duster,2020,Diesel,Manual,70895,1,1498,22.7,51,5,Dealer,98907350,5,11815.83
CAR01005,Hyundai,Venue,2021,Diesel,Manual,84124,1,1197,21.8,62,5,Individual,95330980,4,16824.8
CAR01006,Skoda,Rapid,2015,Petrol,Manual,118176,1,1498,19.3,68,5,Individual,46100460,10,10743.27
CAR01007,Renault,Kwid,2019,Diesel,Manual,53414,2,999,18.9,45,5,Individual,51132800,6,7630.57
CAR01008,Mahindra,Thar,2021,Petrol,Automatic,26781,1,1997,13.1,110,5,Individual,197285170,4,5356.2
CAR01009,Volkswagen,Polo,2018,CNG,Manual,134300,1,999,17.6,63,5,Dealer,44800860,7,16787.5
CAR01010,Mahindra,XUV500,2024,CNG,Automatic,24832,3,2179,18.7,100,5,Individual,207628580,1,12416
CAR01011,Tata,Altroz,2020,Petrol,Manual,95066,1,1199,18.6,63,5,Individual,74516670,5,15844.33
CAR01012,Volkswagen,Virtus,2018,Diesel,Manual,124628,1,1498,22,124,5,Individual,101728090,7,15578.5
CAR01013,Tata,Harrier,2014,Petrol,Automatic,168854,3,1956,18.4,150,5,Individual,72591400,11,14071.17
CAR01014,Honda,Jazz,2016,Electric,Manual,105652,1,1199,23.3,59,5,Individual,46768500,9,10565.2
CAR01015,Mahindra,Scorpio,2019,Petrol,Manual,67320,1,2179,20.6,147,5,Individual,149824310,6,9617.14
CAR01016,Renault,Kwid,2018,Diesel,Automatic,155585,2,999,13,45,5,Dealer,31113070,7,19448.12
CAR01017,Honda,Amaze,2024,CNG,Manual,16536,1,1199,14.4,58,5,Dealer,132257860,1,8268
CAR01018,Toyota,Innova,2023,Petrol,Manual,31196,3,2393,12.9,150,5,Dealer,250847500,2,10398.67
CAR01019,Maruti,Ertiga,2015,Diesel,Manual,131802,1,1462,22.1,76,5,Dealer,54454000,10,11982
CAR01020,Hyundai,Verna,2021,Petrol,Manual,61136,1,1497,11.5,75,5,Individual,124475270,4,12227.2
CAR01021,Maruti,Baleno,2019,Diesel,Manual,105937,1,1197,19.3,48,5,Dealer,57562210,6,15133.86
CAR01022,Maruti,Wagon R,2015,Petrol,Automatic,145044,1,1197,14.8,45,5,Individual,30741430,10,13185.82
CAR01023,Renault,Kwid,2021,Electric,Manual,60456,2,999,23,45,5,Individual,57359100,4,12091.2
CAR01024,Renault,Triber,2020,Petrol,Manual,63109,1,999,17.1,58,5,Individual,76590330,5,10518.17
CAR01025,Renault,Duster,2015,Petrol,Manual,140528,1,1498,18.3,69,5,Individual,41000860,10,12775.27
CAR01026,Maruti,Ertiga,2019,CNG,Manual,65206,1,1462,19.8,84,5,Dealer,81899880,6,9315.14
CAR01027,Maruti,Dzire,2022,CNG,Automatic,68489,1,1197,23.1,45,5,Individual,93463470,3,17122.25
CAR01028,Tata,Tiago,2017,Diesel,Manual,99878,1,1199,23.7,47,5,Individual,49342620,8,11097.56
CAR01029,Mahindra,Scorpio,2018,Diesel,Manual,136305,1,2179,23.1,135,7,Individual,108264850,7,17038.12
CAR01030,Honda,Amaze,2015,Petrol,Manual,71022,1,1199,16.4,56,7,Individual,48535500,10,6456.55
CAR01031,Toyota,Urban Cruiser,2016,Diesel,Automatic,137325,3,1462,16.7,78,5,Dealer,40833280,9,13732.5
CAR01032,Hyundai,Verna,2025,Petrol,Manual,21127,2,1497,18.1,80,5,Individual,180526600,0,21127
CAR01033,Volkswagen,Virtus,2021,Petrol,Manual,59667,1,1498,23.4,70,5,Individual,141274880,4,11933.4
CAR01034,Honda,WR-V,2016,CNG,Automatic,153872,2,1498,20.8,59,5,Dealer,47865370,9,15387.2
CAR01035,Maruti,Baleno,2019,Diesel,Manual,77103,1,1197,21.8,71,5,Dealer,70079980,6,11014.71
CAR01036,Volkswagen,Polo,2016,Petrol,Manual,206764,1,999,19.9,61,5,Individual,27513710,9,20676.4
CAR01037,Skoda,Slavia,2019,Petrol,Automatic,92689,1,1498,19.8,97,5,Individual,170558060,6,13241.29
CAR01038,Maruti,Wagon R,2015,CNG,Automatic,107601,2,1197,24.8,45,5,Dealer,31021680,10,9781.91
CAR01039,Toyota,Fortuner,2021,Petrol,Manual,76695,1,2755,13.5,267,7,Individual,375435820,4,15339
CAR01040,Renault,Kwid,2020,Petrol,Automatic,62600,1,999,14.6,46,5,Individual,65122310,5,10433.33
CAR01041,Volkswagen,Vento,2021,Petrol,Manual,70252,1,1498,17.6,63,7,Individual,100575360,4,14050.4
CAR01042,Renault,Duster,2019,Petrol,Automatic,70366,1,1498,21.2,65,5,Individual,80558100,6,10052.29
CAR01043,Toyota,Fortuner,2017,Petrol,Manual,116696,2,2755,21.2,229,5,Dealer,212174140,8,12966.22
CAR01044,Honda,Jazz,2016,Electric,Manual,125737,1,1199,22.4,55,5,Dealer,39504420,9,12573.7
CAR01045,Volkswagen,Taigun,2016,Petrol,Manual,112585,2,1498,20.5,97,5,Individual,76993320,9,11258.5
CAR01046,Hyundai,Venue,2019,Petrol,Automatic,104886,1,1197,16.2,75,7,Dealer,106616980,6,14983.71
CAR01047,Tata,Nexon,2019,Diesel,Automatic,37802,1,1199,16.8,73,5,Dealer,97917070,6,5400.29
CAR01048,Kia,Sonet,2022,Diesel,Manual,48302,2,1197,15.3,73,5,Individual,107441580,3,12075.5
CAR01049,Kia,Seltos,2014,Diesel,Manual,105857,1,1497,18.9,122,5,Dealer,82864320,11,8821.42
CAR01050,Hyundai,Creta,2017,Diesel,Manual,63795,1,1497,18.3,86,7,Dealer,102357370,8,7088.33
CAR01051,Mahindra,Scorpio,2024,Diesel,Manual,16024,1,2179,22.3,131,5,Individual,255819800,1,8012
CAR01052,Honda,City,2024,Diesel,Automatic,11689,1,1498,21,69,5,Individual,203374100,1,5844.5
CAR01053,Mahindra,XUV700,2025,Diesel,Manual,19796,1,1997,19.5,172,5,Dealer,371191600,0,19796
CAR01054,Skoda,Kushaq,2017,Diesel,Automatic,125636,1,1498,19.5,120,5,Dealer,73907340,8,13959.56
CAR01055,Maruti,Ertiga,2015,Diesel,Automatic,148040,2,1462,18,68,7,Individual,44410980,10,13458.18
CAR01056,Skoda,Octavia,2016,Petrol,Manual,94649,2,1984,12.2,159,5,Individual,168406880,9,9464.9
CAR01057,Toyota,Innova,2015,Diesel,Manual,178804,1,2393,15.8,152,5,Dealer,89694060,10,16254.91
CAR01058,Volkswagen,Taigun,2025,Diesel,Automatic,18138,1,1498,21.7,101,5,Individual,317189230,0,18138
CAR01059,Toyota,Glanza,2024,Petrol,Automatic,18295,1,1197,17.1,70,5,Dealer,133027360,1,9147.5
CAR01060,Honda,Amaze,2023,CNG,Automatic,43474,2,1199,17.1,47,5,Dealer,110929220,2,14491.33
CAR01061,Volkswagen,Vento,2022,Petrol,Manual,47398,1,1498,21.6,76,5,Individual,111915510,3,11849.5
CAR01062,Kia,Carens,2018,Petrol,Manual,7203,2,1497,22.6,135,5,Dealer,123882280,7,900.38
CAR01063,Hyundai,Venue,2019,CNG,Automatic,118635,1,1197,24.6,77,5,Dealer,89559920,6,16947.86
CAR01064,Volkswagen,Polo,2024,Petrol,Manual,26375,1,999,18.8,51,5,Individual,108319000,1,13187.5
CAR01065,Volkswagen,Vento,2023,Petrol,Manual,20528,1,1498,18.4,60,5,Individual,149584720,2,6842.67
CAR01066,Honda,Amaze,2020,Petrol,Automatic,50199,1,1199,17.4,55,5,Individual,89001510,5,8366.5
CAR01067,Skoda,Kushaq,2024,CNG,Manual,35805,1,1498,21.5,114,5,Dealer,228528010,1,17902.5
CAR01068,Kia,Seltos,2018,Petrol,Manual,124890,1,1497,19.4,79,5,Dealer,97931320,7,15611.25
CAR01069,Honda,City,2018,Diesel,Manual,89830,2,1498,21.4,77,5,Individual,76355110,7,11228.75
CAR01070,Maruti,Celerio,2024,Diesel,Automatic,15541,1,998,20.7,46,5,Dealer,94445580,1,7770.5
CAR01071,Kia,Seltos,2018,Diesel,Manual,101721,2,1497,9.5,118,7,Individual,83540720,7,12715.12
CAR01072,Tata,Tiago,2023,CNG,Manual,46732,1,1199,24.5,56,5,Individual,84246950,2,15577.33
CAR01073,Volkswagen,Taigun,2019,Diesel,Automatic,103195,1,1498,19.9,103,5,Individual,121533310,6,14742.14
CAR01074,Mahindra,Thar,2017,Petrol,Automatic,87442,1,1997,13.4,96,5,Dealer,128619930,8,9715.78
CAR01075,Toyota,Urban Cruiser,2016,Electric,Manual,110450,1,1462,23.1,75,5,Individual,63505600,9,11045
CAR01076,Hyundai,i20,2021,Diesel,Automatic,62753,1,1197,20.2,64,7,Dealer,100105680,4,12550.6
CAR01077,Volkswagen,Vento,2019,Petrol,Manual,100146,1,1498,12.8,77,5,Individual,67385780,6,14306.57
CAR01078,Hyundai,Creta,2018,Petrol,Automatic,121542,1,1497,15.6,92,5,Individual,108989510,7,15192.75
CAR01079,Toyota,Glanza,2022,Diesel,Automatic,66059,2,1197,16,52,5,Individual,99750190,3,16514.75
CAR01080,Renault,Duster,2014,Petrol,Manual,190333,1,1498,14.6,70,5,Individual,34106140,11,15861.08
CAR01081,Skoda,Octavia,2015,Diesel,Manual,196150,1,1984,21,167,5,Dealer,90109590,10,17831.82
CAR01082,Skoda,Kushaq,2025,Petrol,Manual,18959,2,1498,15.6,100,5,Individual,222382650,0,18959
CAR01083,Skoda,Rapid,2021,Diesel,Manual,46548,1,1498,19.6,56,5,Individual,102129750,4,9309.6
CAR01084,Mahindra,Bolero,2020,Petrol,Manual,89994,3,1493,19.7,62,5,Individual,94221570,5,14999
CAR01085,Tata,Tiago,2014,CNG,Manual,91810,1,1199,19.7,49,5,Dealer,33048600,11,7650.83
CAR01086,Renault,Triber,2021,Petrol,Automatic,109975,1,999,19.8,62,5,Individual,77607400,4,21995
CAR01087,Renault,Duster,2019,Petrol,Manual,66448,1,1498,21.6,63,7,Dealer,108646370,6,9492.57
CAR01088,Skoda,Kushaq,2021,Petrol,Automatic,78170,1,1498,20,116,5,Individual,157120310,4,15634
CAR01089,Kia,Sonet,2014,Petrol,Manual,203390,1,1197,19.3,56,5,Individual,33415490,11,16949.17
CAR01090,Hyundai,Verna,2020,Diesel,Manual,74220,1,1497,21.9,73,5,Dealer,101621880,5,12370
CAR01091,Mahindra,XUV700,2020,Diesel,Manual,32025,1,1997,20.5,158,5,Individual,215897190,5,5337.5
CAR01092,Toyota,Urban Cruiser,2017,Petrol,Manual,73592,1,1462,20,84,5,Dealer,85848270,8,8176.89
CAR01093,Renault,Kwid,2014,CNG,Manual,150861,1,999,17.5,45,5,Dealer,19915230,11,12571.75
CAR01094,Honda,Amaze,2025,Petrol,Manual,30096,1,1199,17.3,64,5,Dealer,146482590,0,30096
CAR01095,Honda,Amaze,2022,Petrol,Automatic,47021,1,1199,18.7,51,5,Individual,103515230,3,11755.25
CAR01096,Maruti,Brezza,2021,Diesel,Manual,58992,1,1462,19.1,77,5,Dealer,104012650,4,11798.4
CAR01097,Renault,Triber,2023,Diesel,Manual,25513,1,999,26.8,72,7,Individual,114061940,2,8504.33
CAR01098,Volkswagen,Virtus,2022,Diesel,Automatic,83062,1,1498,18.7,92,5,Individual,172679790,3,20765.5
CAR01099,Maruti,Ertiga,2015,Petrol,Manual,102184,1,1462,12.2,78,5,Individual,59182910,10,9289.45
CAR01100,Toyota,Innova,2019,Petrol,Manual,96345,1,2393,17.7,150,5,Individual,151404350,6,13763.57
CAR01101,Toyota,Innova,2024,Diesel,Manual,41882,2,2393,21.8,118,5,Individual,272169110,1,20941
CAR01102,Toyota,Urban Cruiser,2017,Petrol,Manual,65731,1,1462,14.9,78,7,Dealer,71698970,8,7303.44
CAR01103,Skoda,Kushaq,2025,Petrol,Manual,17147,1,1498,17.4,97,5,Individual,312803270,0,17147
CAR01104,Hyundai,i20,2014,Electric,Manual,155969,1,1197,22.3,56,5,Individual,40719850,11,12997.42
CAR01105,Honda,WR-V,2017,Diesel,Manual,104101,1,1498,19.1,63,5,Individual,63911820,8,11566.78
CAR01106,Hyundai,Grand i10,2018,Petrol,Manual,124453,1,1197,15.7,45,5,Individual,41268000,7,15556.62
CAR01107,Tata,Nexon,2021,Petrol,Manual,62424,2,1199,20.8,85,7,Individual,116517880,4,12484.8
CAR01108,Skoda,Octavia,2016,Diesel,Automatic,118746,1,1984,25.8,175,5,Dealer,161702920,9,11874.6
CAR01109,Skoda,Slavia,2016,Petrol,Manual,110350,3,1498,15,136,7,Individual,75250640,9,11035
CAR01110,Maruti,Brezza,2021,Petrol,Manual,89543,2,1462,13.6,65,5,Dealer,89743460,4,17908.6
CAR01111,Kia,Carens,2017,Petrol,Automatic,88609,1,1497,16.2,111,5,Individual,111482880,8,9845.44
CAR01112,Tata,Altroz,2024,Diesel,Manual,39682,1,1199,23.5,58,5,Individual,146631740,1,19841
CAR01113,Hyundai,Venue,2024,Diesel,Manual,41650,1,1197,18.5,61,5,Individual,155541980,1,20825
CAR01114,Tata,Harrier,2017,Petrol,Automatic,64734,2,1956,18.6,152,7,Individual,125952520,8,7192.67
CAR01115,Hyundai,Creta,2020,Petrol,Automatic,67765,1,1497,14.8,100,5,Dealer,149556030,5,11294.17
CAR01116,Toyota,Innova,2017,Diesel,Manual,78750,1,2393,24.7,126,5,Dealer,143748680,8,8750
CAR01117,Skoda,Octavia,2018,Diesel,Manual,34395,1,1984,18.4,184,5,Individual,199843330,7,4299.38
CAR01118,Mahindra,XUV700,2022,Diesel,Automatic,35584,1,1997,20,174,5,Individual,271261100,3,8896
CAR01119,Volkswagen,Taigun,2017,Petrol,Manual,99639,1,1498,15.1,94,5,Dealer,109416440,8,11071
CAR01120,Toyota,Fortuner,2015,Diesel,Automatic,116091,2,2755,16.6,247,5,Individual,202377740,10,10553.73
CAR01121,Maruti,Baleno,2017,CNG,Manual,86809,1,1197,21,63,5,Dealer,68714640,8,9645.44
CAR01122,Maruti,Brezza,2025,Diesel,Manual,23516,2,1462,19.6,71,5,Individual,164547600,0,23516
CAR01123,Tata,Tiago,2017,Petrol,Automatic,70315,1,1199,20.1,49,5,Individual,49944920,8,7812.78
CAR01124,Tata,Altroz,2018,Diesel,Automatic,106618,1,1199,14.2,57,5,Individual,70082640,7,13327.25
CAR01125,Renault,Kwid,2021,Petrol,Manual,83845,1,999,14.6,45,5,Individual,49613560,4,16769
CAR01126,Renault,Kwid,2015,Petrol,Manual,185740,1,999,15.4,45,5,Individual,23815170,10,16885.45
CAR01127,Renault,Kwid,2017,Petrol,Automatic,114879,1,999,17.9,45,5,Individual,40764500,8,12764.33
CAR01128,Kia,Carens,2016,CNG,Manual,150816,1,1497,17.6,104,7,Dealer,86974780,9,15081.6
CAR01129,Mahindra,XUV700,2025,Petrol,Automatic,13703,1,1997,17.2,143,5,Individual,478284530,0,13703
CAR01130,Kia,Sonet,2025,CNG,Manual,22196,2,1197,19.1,75,5,Dealer,162088620,0,22196
CAR01131,Toyota,Innova,2023,Petrol,Manual,41804,1,2393,17.1,134,7,Individual,254011000,2,13934.67
CAR01132,Kia,Sonet,2016,Petrol,Automatic,101816,2,1197,15.2,81,5,Individual,60759150,9,10181.6
CAR01133,Volkswagen,Virtus,2021,Petrol,Automatic,46019,1,1498,14.5,113,5,Individual,157369400,4,9203.8
CAR01134,Volkswagen,Vento,2021,Diesel,Manual,81996,1,1498,20.2,59,5,Dealer,103857800,4,16399.2
CAR01135,Kia,Sonet,2024,Petrol,Automatic,26755,2,1197,20.8,85,7,Dealer,178849470,1,13377.5
CAR01136,Maruti,Baleno,2015,Petrol,Manual,106638,2,1197,19.9,51,5,Dealer,43174650,10,9694.36
CAR01137,Volkswagen,Polo,2022,Petrol,Manual,66416,2,999,20.8,48,5,Dealer,90003570,3,16604
CAR01138,Honda,Jazz,2016,Petrol,Manual,137310,2,1199,21.2,68,5,Individual,46070820,9,13731
CAR01139,Volkswagen,Polo,2020,Diesel,Automatic,63865,1,999,18.8,52,5,Individual,86879970,5,10644.17
CAR01140,Mahindra,Scorpio,2024,Petrol,Manual,22739,3,2179,23.1,128,5,Individual,224963040,1,11369.5
CAR01141,Renault,Kwid,2014,Petrol,Manual,85834,1,999,19.8,45,5,Dealer,20473450,11,7152.83
CAR01142,Honda,City,2015,Electric,Automatic,147443,1,1498,19.7,77,5,Individual,55821430,10,13403.91
CAR01143,Skoda,Slavia,2023,Petrol,Manual,60790,1,1498,15.5,103,5,Dealer,199656560,2,20263.33
CAR01144,Renault,Triber,2014,Petrol,Manual,149327,1,999,18,56,5,Dealer,37327780,11,12443.92
CAR01145,Honda,City,2022,Petrol,Manual,25806,1,1498,20.1,75,5,Individual,142511590,3,6451.5
CAR01146,Toyota,Urban Cruiser,2020,Petrol,Automatic,60846,1,1462,16.8,74,7,Individual,102828190,5,10141
CAR01147,Mahindra,Scorpio,2018,Diesel,Manual,104767,1,2179,16.4,142,5,Individual,115989680,7,13095.88
CAR01148,Volkswagen,Taigun,2024,Petrol,Automatic,26180,2,1498,19.9,92,5,Individual,206559640,1,13090
CAR01149,Kia,Seltos,2024,Petrol,Manual,42547,1,1497,14.1,66,5,Individual,214211700,1,21273.5
CAR01150,Renault,Triber,2017,Diesel,Manual,71739,1,999,20.2,69,5,Individual,66036780,8,7971
CAR01151,Honda,City,2014,Petrol,Automatic,75528,1,1498,17.6,74,5,Dealer,58976380,11,6294
CAR01152,Mahindra,Bolero,2015,CNG,Manual,152444,2,1493,17,68,7,Dealer,46304140,10,13858.55
CAR01153,Toyota,Glanza,2015,Electric,Manual,155072,2,1197,27.8,55,5,Individual,38769690,10,14097.45
CAR01154,Skoda,Kushaq,2025,Petrol,Manual,26984,1,1498,17.6,87,5,Individual,246260710,0,26984
CAR01155,Honda,City,2021,Petrol,Manual,51877,2,1498,13.9,76,5,Dealer,128876430,4,10375.4
CAR01156,Mahindra,Thar,2022,Petrol,Manual,18460,1,1997,17.6,108,5,Individual,227498970,3,4615
CAR01157,Hyundai,i20,2016,Petrol,Automatic,117500,2,1197,12.3,67,5,Dealer,54999680,9,11750
CAR01158,Renault,Duster,2024,Petrol,Manual,17732,1,1498,18.6,65,5,Individual,147756350,1,8866
CAR01159,Honda,WR-V,2022,Diesel,Manual,59213,1,1498,21.9,46,5,Dealer,130124160,3,14803.25
CAR01160,Honda,Amaze,2023,Petrol,Manual,27548,1,1199,25.6,46,5,Dealer,111947430,2,9182.67
CAR01161,Mahindra,XUV700,2019,Petrol,Manual,129099,1,1997,17.8,176,5,Dealer,160461460,6,18442.71
CAR01162,Toyota,Innova,2022,Petrol,Manual,50722,1,2393,15.5,125,5,Dealer,260040650,3,12680.5
CAR01163,Renault,Kwid,2020,Electric,Automatic,90390,1,999,23.1,45,5,Individual,51059460,5,15065
CAR01164,Mahindra,XUV500,2018,CNG,Manual,83497,1,2179,25.3,89,5,Individual,102213730,7,10437.12
CAR01165,Mahindra,XUV700,2021,Petrol,Automatic,57317,1,1997,19,170,5,Dealer,252988990,4,11463.4
CAR01166,Hyundai,Grand i10,2017,Diesel,Manual,108682,1,1197,21.8,46,5,Individual,40403880,8,12075.78
CAR01167,Maruti,Wagon R,2025,Petrol,Manual,26459,1,1197,19.8,45,5,Individual,102503860,0,26459
CAR01168,Honda,WR-V,2022,Diesel,Automatic,63911,2,1498,20.8,56,5,Individual,88315990,3,15977.75
CAR01169,Skoda,Octavia,2022,Diesel,Manual,69970,1,1984,15.1,141,5,Individual,280195280,3,17492.5
CAR01170,Skoda,Octavia,2022,CNG,Automatic,80567,1,1984,16.6,196,5,Individual,244731020,3,20141.75
CAR01171,Kia,Sonet,2019,Petrol,Automatic,72005,3,1197,12.8,62,5,Individual,79709750,6,10286.43
CAR01172,Kia,Seltos,2025,Petrol,Automatic,23262,1,1497,13.9,93,7,Individual,263841220,0,23262
CAR01173,Honda,WR-V,2016,Electric,Manual,110483,1,1498,19.3,66,5,Individual,52621830,9,11048.3
CAR01174,Hyundai,Creta,2020,Petrol,Manual,91491,1,1497,23.1,101,7,Dealer,137753420,5,15248.5
CAR01175,Maruti,Dzire,2014,Petrol,Manual,148935,3,1197,15.4,49,5,Individual,28250720,11,12411.25
CAR01176,Honda,Amaze,2017,Diesel,Automatic,124346,1,1199,19.6,45,5,Dealer,42613580,8,13816.22
CAR01177,Honda,Jazz,2020,Diesel,Manual,70737,1,1199,18.6,50,7,Dealer,92506250,5,11789.5
CAR01178,Hyundai,Grand i10,2019,Diesel,Manual,100585,1,1197,19.9,45,5,Individual,52193760,6,14369.29
CAR01179,Tata,Tiago,2025,Diesel,Manual,18559,2,1199,19.5,45,5,Individual,97557020,0,18559
CAR01180,Maruti,Celerio,2021,Diesel,Manual,41237,1,998,15.5,48,5,Individual,68524260,4,8247.4
CAR01181,Kia,Sonet,2018,Petrol,Manual,127948,2,1197,19.3,78,7,Dealer,53014370,7,15993.5
CAR01182,Skoda,Octavia,2019,Diesel,Manual,111973,1,1984,17.3,151,5,Individual,193681820,6,15996.14
CAR01183,Kia,Seltos,2021,Diesel,Manual,66366,1,1497,17.2,114,5,Individual,154922390,4,13273.2
CAR01184,Toyota,Urban Cruiser,2023,CNG,Automatic,50222,1,1462,20.1,72,5,Individual,138301950,2,16740.67
CAR01185,Toyota,Innova,2017,Petrol,Manual,51834,2,2393,19.9,155,5,Dealer,130104400,8,5759.33
CAR01186,Honda,WR-V,2021,Petrol,Manual,60518,1,1498,15.6,73,5,Individual,101593380,4,12103.6
CAR01187,Hyundai,Venue,2020,Diesel,Manual,76785,1,1197,19.6,72,5,Individual,108072190,5,12797.5
CAR01188,Mahindra,Bolero,2014,Petrol,Manual,71696,1,1493,18.7,54,5,Dealer,63845700,11,5974.67
CAR01189,Mahindra,XUV500,2024,Petrol,Manual,16466,1,2179,18.3,101,5,Individual,236371590,1,8233
CAR01190,Maruti,Dzire,2020,CNG,Manual,84086,1,1197,21.6,56,5,Dealer,84568810,5,14014.33
CAR01191,Toyota,Urban Cruiser,2016,Petrol,Manual,93408,1,1462,13.3,67,5,Dealer,71733930,9,9340.8
CAR01192,Tata,Nexon,2021,Petrol,Automatic,46014,1,1199,17.9,79,5,Individual,144920980,4,9202.8
CAR01193,Hyundai,Creta,2022,Petrol,Manual,58032,1,1497,14.8,98,5,Individual,164802770,3,14508
CAR01194,Volkswagen,Polo,2024,Petrol,Manual,18206,1,999,12.2,49,5,Individual,119927810,1,9103
CAR01195,Mahindra,XUV700,2014,Diesel,Manual,135456,1,1997,17.9,152,5,Dealer,111934510,11,11288
CAR01196,Kia,Sonet,2018,Petrol,Manual,104460,2,1197,15.9,69,5,Dealer,64750290,7,13057.5
CAR01197,Volkswagen,Taigun,2016,Petrol,Manual,91047,1,1498,26.4,110,5,Individual,94598530,9,9104.7
CAR01198,Skoda,Kushaq,2020,Petrol,Manual,66341,1,1498,20.4,97,5,Dealer,138488150,5,11056.83
CAR01199,Renault,Kwid,2020,Petrol,Manual,64461,1,999,19.05,45,5,Individual,53989260,5,10743.5
CAR01200,Kia,Seltos,2019,Petrol,Manual,108382,1,1497,16.3,77,5,Individual,110136160,6,15483.14
CAR01201,Renault,Triber,2025,Petrol,Automatic,22613,1,999,16.9,76,5,Individual,157712540,0,22613
CAR01202,Toyota,Urban Cruiser,2020,Diesel,Manual,39581,1,1462,27,69,7,Dealer,110135970,5,6596.83
CAR01203,Skoda,Rapid,2018,Petrol,Manual,58594,3,1498,15.6,54,5,Individual,65374440,7,7324.25
CAR01204,Volkswagen,Polo,2014,Petrol,Manual,188423,1,999,18.3,60,7,Dealer,32599820,11,15701.92
CAR01205,Kia,Seltos,2017,Petrol,Manual,86497,1,1497,23,100,5,Individual,81116700,8,9610.78
CAR01206,Skoda,Octavia,2024,Petrol,Automatic,35447,1,1984,15.3,187,5,Dealer,417095980,1,17723.5
CAR01207,Mahindra,Thar,2019,Petrol,Manual,127722,1,1997,17.9,121,5,Dealer,115379020,6,18246
CAR01208,Volkswagen,Virtus,2024,Petrol,Manual,34756,1,1498,17.4,120,5,Individual,228455620,1,17378
CAR01209,Tata,Punch,2020,Petrol,Automatic,23293,2,1199,14.8,51,5,Individual,86129280,5,3882.17
CAR01210,Skoda,Slavia,2020,Petrol,Manual,107383,2,1498,19.8,107,5,Dealer,138669790,5,17897.17
CAR01211,Kia,Seltos,2019,Diesel,Manual,85607,1,1497,16,78,5,Individual,113539250,6,12229.57
CAR01212,Volkswagen,Taigun,2020,Petrol,Manual,92908,1,1498,19.8,101,5,Individual,145051700,5,15484.67
CAR01213,Toyota,Glanza,2014,Diesel,Automatic,145543,1,1197,20.6,65,5,Individual,35326320,11,12128.58
CAR01214,Renault,Kwid,2014,Diesel,Manual,180505,1,999,22,45,5,Individual,20163180,11,15042.08
CAR01215,Maruti,Brezza,2019,Petrol,Manual,88127,1,1462,16.9,90,5,Dealer,79189340,6,12589.57
CAR01216,Hyundai,Grand i10,2021,Petrol,Manual,38066,2,1197,18.7,46,7,Individual,70237680,4,7613.2
CAR01217,Mahindra,Scorpio,2020,Petrol,Manual,81659,1,2179,20.6,97,7,Individual,144002330,5,13609.83
CAR01218,Volkswagen,Polo,2019,Petrol,Manual,43905,1,999,13.3,61,7,Dealer,62720330,6,6272.14
CAR01219,Renault,Kwid,2017,Diesel,Manual,166026,1,999,15.7,49,7,Dealer,28327290,8,18447.33
CAR01220,Toyota,Urban Cruiser,2022,Petrol,Manual,48378,1,1462,19.2,52,5,Individual,132561290,3,12094.5
CAR01221,Kia,Seltos,2021,Diesel,Manual,60107,2,1497,21.8,107,5,Individual,126685920,4,12021.4
CAR01222,Mahindra,XUV700,2014,Petrol,Manual,121356,2,1997,17.9,134,5,Individual,96601700,11,10113
CAR01223,Skoda,Slavia,2019,Diesel,Automatic,98299,2,1498,22.1,104,7,Individual,111424170,6,14042.71
CAR01224,Kia,Seltos,2022,Diesel,Automatic,55448,2,1497,18.2,82,5,Dealer,142131020,3,13862
CAR01225,Toyota,Fortuner,2023,Petrol,Automatic,35669,1,2755,21.3,272,5,Individual,556104350,2,11889.67
CAR01226,Skoda,Slavia,2017,CNG,Automatic,118709,1,1498,20.8,101,5,Individual,106044890,8,13189.89
CAR01227,Hyundai,Grand i10,2025,Electric,Manual,18290,1,1197,20.2,52,7,Individual,110537060,0,18290
CAR01228,Skoda,Slavia,2021,Petrol,Manual,71407,1,1498,21.8,91,5,Individual,154475890,4,14281.4
CAR01229,Hyundai,i20,2019,Petrol,Manual,68045,1,1197,20,61,7,Dealer,78437890,6,9720.71
CAR01230,Tata,Altroz,2021,Petrol,Automatic,94846,1,1199,16.1,45,7,Individual,79251090,4,18969.2
CAR01231,Renault,Duster,2024,Petrol,Manual,28193,2,1498,16.2,93,5,Individual,160009260,1,14096.5
CAR01232,Volkswagen,Taigun,2016,Diesel,Manual,139588,1,1498,21.1,131,5,Individual,77842430,9,13958.8
CAR01233,Skoda,Rapid,2015,Petrol,Manual,166775,2,1498,14.5,81,5,Individual,37884670,10,15161.36
CAR01234,Volkswagen,Polo,2019,Petrol,Automatic,87948,2,999,18.5,67,5,Individual,62123730,6,12564
CAR01235,Kia,Carens,2015,Diesel,Automatic,114206,2,1497,18.8,97,5,Dealer,84565770,10,10382.36
CAR01236,Honda,Jazz,2024,Petrol,Automatic,4121,1,1199,18.1,59,5,Individual,164013510,1,2060.5
CAR01237,Maruti,Ertiga,2025,Diesel,Manual,3829,1,1462,13.2,80,5,Individual,197269400,0,3829
CAR01238,Hyundai,Creta,2021,Petrol,Manual,114800,1,1497,14.8,103,5,Individual,131892490,4,22960
CAR01239,Tata,Safari,2025,Diesel,Automatic,19035,1,1956,20.1,120,5,Dealer,416668290,0,19035
CAR01240,Maruti,Baleno,2014,Diesel,Manual,150453,1,1197,22.5,48,5,Individual,35853000,11,12537.75
CAR01241,Mahindra,Thar,2021,Petrol,Manual,29698,2,1997,17.1,93,5,Individual,187403840,4,5939.6
CAR01242,Volkswagen,Polo,2019,Diesel,Manual,112882,1,999,21.5,53,5,Individual,62437230,6,16126
CAR01243,Skoda,Octavia,2017,Petrol,Manual,112070,1,1984,13.1,168,5,Individual,161728190,8,12452.22
CAR01244,Toyota,Fortuner,2017,Diesel,Automatic,128709,3,2755,18,231,7,Individual,199754600,8,14301
CAR01245,Renault,Triber,2020,Diesel,Manual,40928,1,999,20.1,61,5,Dealer,96724440,5,6821.33
CAR01246,Skoda,Kushaq,2021,Petrol,Automatic,61238,2,1498,17.3,86,5,Individual,152185440,4,12247.6
CAR01247,Renault,Triber,2015,Diesel,Automatic,168360,1,999,21.6,53,7,Dealer,43566240,10,15305.45
CAR01248,Toyota,Fortuner,2021,CNG,Manual,93657,1,2755,20.2,221,5,Individual,415729310,4,18731.4
CAR01249,Honda,City,2025,Diesel,Manual,14131,1,1498,18.6,89,5,Dealer,213630870,0,14131
CAR01250,Skoda,Rapid,2014,Diesel,Manual,99204,1,1498,18.7,64,7,Individual,38748980,11,8267
CAR01251,Tata,Tiago,2024,Diesel,Manual,38409,1,1199,17.7,47,5,Individual,93473920,1,19204.5
CAR01252,Toyota,Innova,2021,Petrol,Manual,41758,2,2393,14.8,123,5,Dealer,227723930,4,8351.6
CAR01253,Maruti,Baleno,2018,Diesel,Automatic,65767,2,1197,20.7,56,5,Individual,58828750,7,8220.88
CAR01254,Volkswagen,Taigun,2022,CNG,Manual,36219,1,1498,18.1,95,7,Individual,166620120,3,9054.75
CAR01255,Kia,Seltos,2021,Petrol,Manual,96853,1,1497,21.8,89,5,Dealer,120209580,4,19370.6
CAR01256,Maruti,Swift,2023,Petrol,Automatic,35599,1,1197,12,51,5,Dealer,104426850,2,11866.33
CAR01257,Tata,Harrier,2014,Petrol,Automatic,127419,1,1956,16.6,116,5,Dealer,105744880,11,10618.25
CAR01258,Mahindra,Thar,2014,Petrol,Manual,148434,1,1997,22.4,110,5,Individual,63832780,11,12369.5
CAR01259,Mahindra,Thar,2021,Petrol,Manual,53517,1,1997,23.4,108,5,Individual,186772280,4,10703.4
CAR01260,Renault,Triber,2017,Petrol,Manual,62281,1,999,17.2,51,7,Individual,59323890,8,6920.11
CAR01261,Tata,Nexon,2016,Diesel,Manual,139254,1,1199,22.6,71,5,Individual,55490260,9,13925.4
CAR01262,Skoda,Kushaq,2019,Petrol,Manual,79432,1,1498,19.8,97,5,Individual,130973270,6,11347.43
CAR01263,Toyota,Innova,2022,Petrol,Manual,51368,2,2393,16,133,5,Dealer,194972490,3,12842
CAR01264,Renault,Triber,2016,Diesel,Manual,106044,1,999,20.7,46,5,Dealer,59860260,9,10604.4
CAR01265,Tata,Harrier,2025,Petrol,Manual,21830,1,1956,14.9,114,5,Individual,321212100,0,21830
CAR01266,Maruti,Swift,2019,Petrol,Manual,77015,1,1197,12.8,55,5,Individual,64640850,6,11002.14
CAR01267,Maruti,Brezza,2015,Diesel,Manual,82003,1,1462,20.8,74,5,Individual,54933370,10,7454.82
CAR01268,Honda,City,2014,Electric,Manual,208485,2,1498,24.2,76,5,Individual,38129960,11,17373.75
CAR01269,Skoda,Kushaq,2024,Diesel,Manual,21038,1,1498,15.7,89,5,Dealer,263239110,1,10519
CAR01270,Maruti,Ertiga,2015,Petrol,Manual,117554,2,1462,17.1,78,5,Individual,51856130,10,10686.73
CAR01271,Honda,Jazz,2019,Petrol,Automatic,88236,1,1199,13.9,67,5,Individual,67927850,6,12605.14
CAR01272,Hyundai,Verna,2022,Electric,Manual,57310,1,1497,21.1,92,7,Dealer,121180860,3,14327.5
CAR01273,Skoda,Slavia,2020,Diesel,Manual,33644,1,1498,18,98,7,Dealer,153111690,5,5607.33
CAR01274,Kia,Carens,2017,Diesel,Manual,55542,1,1497,21.5,91,5,Individual,112031030,8,6171.33
CAR01275,Volkswagen,Taigun,2015,Diesel,Automatic,154306,1,1498,17.8,112,5,Individual,72420210,10,14027.82
CAR01276,Volkswagen,Polo,2022,Petrol,Manual,73115,1,999,13.7,59,5,Individual,85413360,3,18278.75
CAR01277,Kia,Seltos,2019,Petrol,Manual,63497,1,1497,22.6,98,5,Individual,129386390,6,9071
CAR01278,Volkswagen,Virtus,2014,Diesel,Automatic,94902,1,1498,20.8,96,5,Individual,76495520,11,7908.5
CAR01279,Maruti,Swift,2016,CNG,Manual,48097,1,1197,23.7,45,5,Individual,44525360,9,4809.7
CAR01280,Renault,Duster,2020,Petrol,Manual,104973,1,1498,19.3,76,5,Dealer,96834260,5,17495.5
CAR01281,Volkswagen,Polo,2016,Diesel,Manual,166030,1,999,22.1,62,5,Individual,40532130,9,16603
CAR01282,Volkswagen,Vento,2018,Petrol,Automatic,26806,3,1498,18.8,63,5,Individual,67075320,7,3350.75
CAR01283,Honda,Jazz,2015,Electric,Automatic,37000,1,1199,23.9,73,5,Dealer,52327900,10,3363.64
CAR01284,Renault,Kwid,2023,Petrol,Manual,33056,1,999,17.9,45,5,Individual,66716410,2,11018.67
CAR01285,Honda,Amaze,2021,Diesel,Automatic,63389,1,1199,18,55,5,Individual,90175140,4,12677.8
CAR01286,Maruti,Celerio,2023,Petrol,Automatic,38239,1,998,20.2,45,5,Individual,105731010,2,12746.33
CAR01287,Skoda,Rapid,2014,Diesel,Manual,138764,1,1498,18.5,49,5,Individual,44779960,11,11563.67
CAR01288,Tata,Nexon,2018,Diesel,Manual,92253,1,1199,19.7,72,5,Individual,86230550,7,11531.62
CAR01289,Hyundai,Creta,2017,Petrol,Manual,110996,3,1497,18.6,103,5,Individual,90754070,8,12332.89
CAR01290,Kia,Carens,2021,Diesel,Manual,45581,2,1497,20.7,137,5,Individual,156221040,4,9116.2
CAR01291,Tata,Altroz,2023,CNG,Manual,46857,1,1199,18,60,5,Dealer,129627310,2,15619
CAR01292,Renault,Duster,2016,CNG,Automatic,89623,2,1498,21.6,75,5,Dealer,60018530,9,8962.3
CAR01293,Toyota,Innova,2023,Petrol,Manual,36419,1,2393,14.4,125,7,Individual,228534280,2,12139.67
CAR01294,Maruti,Ertiga,2020,Diesel,Manual,38197,3,1462,19.8,79,5,Dealer,97261760,5,6366.17
CAR01295,Skoda,Rapid,2023,Diesel,Manual,41935,1,1498,21.6,64,5,Individual,118681980,2,13978.33
CAR01296,Mahindra,Thar,2014,Diesel,Manual,167289,3,1997,24.7,98,5,Individual,68896470,11,13940.75
CAR01297,Tata,Nexon,2025,Petrol,Manual,20251,1,1199,19.2,90,5,Individual,186958480,0,20251
CAR01298,Kia,Carens,2019,Diesel,Manual,74919,1,1497,21.9,103,7,Individual,113205800,6,10702.71
CAR01299,Mahindra,XUV700,2017,Petrol,Manual,142264,2,1997,14.2,176,5,Individual,128595230,8,15807.11
CAR01300,Maruti,Baleno,2016,Petrol,Manual,156777,1,1197,19.1,56,7,Dealer,38117800,9,15677.7
CAR01301,Volkswagen,Vento,2025,Petrol,Manual,30676,1,1498,14.2,64,5,Individual,159857260,0,30676
CAR01302,Toyota,Innova,2024,Petrol,Automatic,47823,1,2393,21.1,126,5,Individual,340095820,1,23911.5
CAR01303,Kia,Seltos,2015,Petrol,Manual,123150,1,1497,14.3,94,5,Individual,63681160,10,11195.45
CAR01304,Renault,Duster,2019,Petrol,Manual,46811,1,1498,14.6,83,5,Dealer,108137170,6,6687.29
CAR01305,Kia,Seltos,2022,Diesel,Manual,43940,1,1497,21.6,87,5,Individual,188250480,3,10985
CAR01306,Kia,Sonet,2021,Diesel,Manual,67327,1,1197,24.3,80,5,Dealer,117214230,4,13465.4
CAR01307,Tata,Tiago,2016,Petrol,Manual,172813,2,1199,20.7,45,5,Individual,33408270,9,17281.3
CAR01308,Tata,Nexon,2018,Diesel,Manual,78765,1,1199,18.2,83,5,Dealer,83249830,7,9845.62
CAR01309,Toyota,Fortuner,2018,CNG,Manual,96823,2,2755,18,252,5,Individual,253701300,7,12102.88
CAR01310,Renault,Kwid,2017,CNG,Automatic,76739,1,999,19.05,45,5,Individual,42220280,8,8526.56
CAR01311,Mahindra,Scorpio,2025,CNG,Manual,8708,2,2179,21.4,129,5,Individual,274252270,0,8708
CAR01312,Honda,Amaze,2016,Electric,Automatic,115981,2,1199,22.3,72,5,Individual,42650820,9,11598.1
CAR01313,Volkswagen,Polo,2022,Diesel,Automatic,69312,2,999,16.2,58,7,Individual,109924120,3,17328
CAR01314,Renault,Kwid,2024,Electric,Manual,40923,1,999,26.4,45,5,Individual,89541490,1,20461.5
CAR01315,Skoda,Octavia,2023,CNG,Manual,50332,1,1984,24.9,182,7,Individual,356147590,2,16777.33
CAR01316,Tata,Nexon,2023,Petrol,Automatic,41128,2,1199,23.2,85,5,Individual,138986710,2,13709.33
CAR01317,Volkswagen,Virtus,2015,CNG,Manual,112617,1,1498,16,95,7,Individual,83126520,10,10237.91
CAR01318,Mahindra,Bolero,2015,Diesel,Automatic,110596,1,1493,16.9,72,5,Dealer,59160490,10,10054.18
CAR01319,Toyota,Fortuner,2023,Diesel,Manual,34732,1,2755,20.1,273,5,Dealer,578775910,2,11577.33
CAR01320,Honda,Amaze,2022,CNG,Automatic,63871,2,1199,21,53,5,Dealer,108093660,3,15967.75
CAR01321,Hyundai,Verna,2022,Petrol,Automatic,21973,1,1497,16.2,88,5,Individual,165152180,3,5493.25
CAR01322,Tata,Safari,2019,Petrol,Automatic,79796,1,1956,14.9,122,7,Individual,193807980,6,11399.43
CAR01323,Mahindra,XUV500,2020,Diesel,Manual,84908,2,2179,16.3,99,7,Dealer,121146850,5,14151.33
CAR01324,Renault,Triber,2014,Diesel,Automatic,96548,1,999,25.4,58,5,Dealer,49355160,11,8045.67
CAR01325,Renault,Triber,2017,CNG,Manual,96655,1,999,16.7,80,5,Dealer,66857580,8,10739.44
CAR01326,Hyundai,i20,2020,CNG,Manual,92800,1,1197,16.3,60,5,Individual,82937470,5,15466.67
CAR01327,Kia,Seltos,2015,Diesel,Manual,178935,1,1497,15.7,103,5,Individual,53492410,10,16266.82
CAR01328,Maruti,Ertiga,2015,Electric,Manual,97806,1,1462,23.1,57,5,Dealer,69549880,10,8891.45
CAR01329,Kia,Seltos,2014,Petrol,Manual,159244,1,1497,16.7,83,5,Individual,53037740,11,13270.33
CAR01330,Honda,Jazz,2016,Electric,Manual,75032,1,1199,23.7,62,5,Individual,53533450,9,7503.2
CAR01331,Toyota,Innova,2025,Petrol,Manual,23211,2,2393,15.4,135,7,Dealer,312102170,0,23211
CAR01332,Volkswagen,Taigun,2022,Diesel,Manual,45744,2,1498,19.6,102,5,Dealer,129437880,3,11436
CAR01333,Toyota,Innova,2025,Petrol,Manual,27719,2,2393,17.8,134,5,Individual,317068200,0,27719
CAR01334,Renault,Kwid,2017,Diesel,Automatic,151009,1,999,24,45,5,Individual,40170750,8,16778.78
CAR01335,Mahindra,XUV500,2021,Petrol,Automatic,78523,1,2179,22.8,76,5,Dealer,163381000,4,15704.6
CAR01336,Skoda,Rapid,2024,Petrol,Automatic,30659,2,1498,17,62,5,Individual,177295840,1,15329.5
CAR01337,Kia,Sonet,2018,Diesel,Automatic,136114,1,1197,21.9,71,5,Dealer,74457200,7,17014.25
CAR01338,Tata,Nexon,2021,Diesel,Manual,59329,1,1199,19.8,88,5,Individual,118931070,4,11865.8
CAR01339,Volkswagen,Virtus,2022,Petrol,Manual,48081,1,1498,19.8,116,5,Individual,177572670,3,12020.25
CAR01340,Toyota,Glanza,2023,Diesel,Manual,37866,1,1197,20.5,45,5,Dealer,119979300,2,12622
CAR01341,Mahindra,XUV700,2025,Petrol,Manual,16507,1,1997,19.7,139,7,Dealer,406913880,0,16507
CAR01342,Hyundai,i10,2021,Petrol,Manual,52267,1,1197,20.1,47,5,Individual,68160220,4,10453.4
CAR01343,Hyundai,Grand i10,2020,Petrol,Automatic,98802,1,1197,18.8,45,5,Individual,55682730,5,16467
CAR01344,Mahindra,Thar,2024,Diesel,Manual,30775,1,1997,19.7,119,5,Individual,241522680,1,15387.5
CAR01345,Hyundai,Creta,2022,Diesel,Automatic,56705,1,1497,22.4,92,5,Individual,187942110,3,14176.25
CAR01346,Skoda,Slavia,2018,Diesel,Manual,130678,1,1498,18.9,115,5,Dealer,114750310,7,16334.75
CAR01347,Renault,Duster,2021,Diesel,Automatic,28068,2,1498,17.6,56,5,Individual,90167920,4,5613.6
CAR01348,Volkswagen,Virtus,2020,Diesel,Manual,75526,2,1498,14.6,97,5,Dealer,115497010,5,12587.67
CAR01349,Volkswagen,Vento,2016,Diesel,Automatic,99702,3,1498,20.6,69,5,Dealer,54779850,9,9970.2
CAR01350,Mahindra,Thar,2020,Electric,Manual,80275,1,1997,24.6,121,5,Individual,162061450,5,13379.17
CAR01351,Maruti,Wagon R,2021,Petrol,Manual,75322,1,1197,12.3,45,7,Individual,57970710,4,15064.4
CAR01352,Honda,City,2024,Petrol,Manual,38110,1,1498,15.7,85,5,Dealer,189190220,1,19055
CAR01353,Toyota,Innova,2020,Petrol,Manual,57051,1,2393,19.8,143,5,Individual,231759530,5,9508.5
CAR01354,Skoda,Octavia,2015,Diesel,Manual,145769,1,1984,18.9,168,5,Dealer,121686450,10,13251.73
CAR01355,Tata,Tiago,2025,Diesel,Manual,15703,2,1199,19.5,53,5,Individual,101747470,0,15703
CAR01356,Toyota,Fortuner,2020,Petrol,Manual,82177,1,2755,20.2,303,5,Individual,332170920,5,13696.17
CAR01357,Honda,Jazz,2017,CNG,Automatic,68826,1,1199,20.7,59,5,Individual,65975980,8,7647.33
CAR01358,Hyundai,i20,2023,Electric,Manual,51241,3,1197,23.7,53,5,Individual,104256230,2,17080.33
CAR01359,Hyundai,i20,2018,Petrol,Manual,61550,1,1197,14.3,61,5,Dealer,72725540,7,7693.75
CAR01360,Honda,Jazz,2018,Petrol,Automatic,85564,2,1199,18.6,60,5,Individual,61951780,7,10695.5
CAR01361,Maruti,Brezza,2024,Petrol,Manual,31372,1,1462,13.5,50,5,Individual,135480260,1,15686
CAR01362,Maruti,Celerio,2024,Petrol,Automatic,34470,1,998,13.6,53,5,Individual,111389210,1,17235
CAR01363,Honda,WR-V,2020,CNG,Manual,105101,2,1498,19.5,61,5,Individual,67523910,5,17516.83
CAR01364,Tata,Punch,2018,Diesel,Manual,110265,2,1199,20.9,53,7,Dealer,52484460,7,13783.12
CAR01365,Mahindra,Bolero,2024,Petrol,Manual,13957,2,1493,17.7,70,5,Dealer,140630590,1,6978.5
CAR01366,Maruti,Dzire,2016,Petrol,Manual,97122,1,1197,15.1,49,5,Individual,43162680,9,9712.2
CAR01367,Honda,WR-V,2022,Petrol,Manual,46741,1,1498,20.1,67,5,Dealer,118936580,3,11685.25
CAR01368,Toyota,Innova,2021,Petrol,Automatic,38857,1,2393,18.5,154,5,Individual,213885470,4,7771.4
CAR01369,Skoda,Rapid,2024,Petrol,Manual,35327,1,1498,20.6,73,5,Individual,130704040,1,17663.5
CAR01370,Kia,Seltos,2019,Diesel,Automatic,65480,1,1497,16.6,108,5,Individual,132306500,6,9354.29
CAR01371,Renault,Triber,2023,Diesel,Manual,43951,1,999,23.6,52,5,Dealer,99075690,2,14650.33
CAR01372,Honda,City,2014,CNG,Manual,169811,1,1498,25.7,79,5,Individual,41647050,11,14150.92
CAR01373,Toyota,Urban Cruiser,2023,Petrol,Automatic,36147,2,1462,20.2,74,5,Dealer,175900670,2,12049
CAR01374,Toyota,Glanza,2014,Diesel,Automatic,169510,1,1197,20.8,62,5,Individual,33463370,11,14125.83
CAR01375,Renault,Kwid,2021,Petrol,Manual,91067,1,999,19,45,5,Individual,57295640,4,18213.4
CAR01376,Skoda,Octavia,2016,Petrol,Manual,132138,1,1984,18.5,177,5,Individual,127347500,9,13213.8
CAR01377,Skoda,Rapid,2025,CNG,Manual,26381,1,1498,16.9,62,5,Individual,153831220,0,26381
CAR01378,Volkswagen,Polo,2023,Diesel,Manual,57290,1,999,17.5,63,5,Individual,94655530,2,19096.67
CAR01379,Mahindra,Scorpio,2015,Petrol,Automatic,87872,1,2179,17.2,124,5,Dealer,90902460,10,7988.36
CAR01380,Mahindra,XUV700,2024,Petrol,Manual,48030,1,1997,14.4,173,5,Dealer,316551020,1,24015
CAR01381,Skoda,Kushaq,2017,Diesel,Automatic,80549,1,1498,23.6,116,5,Individual,115793030,8,8949.89
CAR01382,Tata,Punch,2020,CNG,Manual,114378,1,1199,22.5,71,5,Dealer,78182910,5,19063
CAR01383,Honda,Jazz,2015,Diesel,Manual,104454,1,1199,24.6,61,5,Individual,45685120,10,9495.82
CAR01384,Renault,Kwid,2015,Petrol,Manual,151102,1,999,19.9,46,5,Dealer,24238300,10,13736.55
CAR01385,Honda,City,2016,Petrol,Manual,54242,1,1498,13.3,77,5,Individual,83672960,9,5424.2
CAR01386,Tata,Harrier,2020,Petrol,Manual,59421,1,1956,21.4,132,7,Dealer,167094170,5,9903.5
CAR01387,Mahindra,Scorpio,2020,Petrol,Automatic,57576,1,2179,16.1,138,7,Individual,175413890,5,9596
CAR01388,Honda,Jazz,2024,Diesel,Automatic,18011,1,1199,23.4,52,5,Individual,128642730,1,9005.5
CAR01389,Renault,Kwid,2015,Diesel,Automatic,170902,1,999,23.8,45,5,Dealer,25409460,10,15536.55
CAR01390,Skoda,Slavia,2022,Petrol,Manual,35741,2,1498,21.6,96,5,Individual,167349150,3,8935.25
CAR01391,Honda,WR-V,2014,Diesel,Automatic,111554,1,1498,22.5,66,5,Dealer,51872470,11,9296.17
CAR01392,Mahindra,XUV700,2017,Diesel,Automatic,77619,1,1997,20.6,143,5,Individual,141741330,8,8624.33
CAR01393,Skoda,Kushaq,2016,Diesel,Automatic,155714,2,1498,19.3,106,5,Individual,71693080,9,15571.4
CAR01394,Volkswagen,Taigun,2015,Petrol,Manual,169926,1,1498,23.2,104,7,Individual,59446060,10,15447.82
CAR01395,Tata,Harrier,2021,Petrol,Manual,70917,2,1956,18.3,121,5,Dealer,187008640,4,14183.4
CAR01396,Mahindra,XUV500,2024,Petrol,Automatic,21926,1,2179,16.3,100,5,Individual,239845170,1,10963
CAR01397,Kia,Sonet,2022,Petrol,Manual,68362,2,1197,18.8,67,5,Individual,99850700,3,17090.5
CAR01398,Kia,Seltos,2024,Petrol,Manual,17081,2,1497,20.9,87,7,Individual,213307680,1,8540.5
CAR01399,Maruti,Dzire,2021,Petrol,Manual,63160,3,1197,20.8,45,5,Individual,67631640,4,12632
CAR01400,Tata,Safari,2014,Petrol,Manual,98807,1,1956,14.2,108,7,Dealer,109966680,11,8233.92
CAR01401,Renault,Duster,2018,Petrol,Manual,81119,1,1498,20.7,64,5,Dealer,73144110,7,10139.88
CAR01402,Tata,Tiago,2023,CNG,Automatic,32563,1,1199,23.1,49,5,Individual,101535240,2,10854.33
CAR01403,Tata,Punch,2014,Diesel,Manual,108068,1,1199,18.3,58,5,Individual,44042570,11,9005.67
CAR01404,Honda,WR-V,2015,Petrol,Manual,141725,2,1498,15,67,5,Individual,42242320,10,12884.09
CAR01405,Hyundai,Verna,2024,CNG,Manual,10741,1,1497,25.3,73,5,Dealer,218687150,1,5370.5
CAR01406,Hyundai,i10,2014,Petrol,Automatic,158594,2,1197,22.1,48,5,Dealer,24633880,11,13216.17
CAR01407,Honda,Jazz,2025,Petrol,Manual,15321,1,1199,22.2,61,5,Individual,171871150,0,15321
CAR01408,Renault,Duster,2023,Diesel,Manual,38750,1,1498,15.4,65,5,Dealer,175315850,2,12916.67
CAR01409,Maruti,Dzire,2021,Petrol,Manual,44594,1,1197,16.9,45,5,Individual,68524070,4,8918.8
CAR01410,Tata,Safari,2020,Petrol,Manual,90439,1,1956,17.7,171,5,Individual,197649020,5,15073.17
CAR01411,Maruti,Ertiga,2015,Petrol,Manual,148671,1,1462,22,63,5,Individual,53555870,10,13515.55
CAR01412,Mahindra,Scorpio,2018,Petrol,Manual,89365,1,2179,19.9,113,5,Individual,135520540,7,11170.62
CAR01413,Tata,Nexon,2023,Diesel,Automatic,32309,3,1199,18.6,69,5,Individual,131207730,2,10769.67
CAR01414,Volkswagen,Polo,2024,Petrol,Manual,31563,2,999,18,56,7,Individual,102314240,1,15781.5
CAR01415,Mahindra,XUV700,2019,Petrol,Automatic,133177,2,1997,19.6,161,5,Individual,141025600,6,19025.29
CAR01416,Volkswagen,Polo,2024,Petrol,Manual,31274,1,999,19.7,56,5,Individual,147307950,1,15637
CAR01417,Kia,Seltos,2023,Diesel,Manual,22346,1,1497,24.3,93,5,Individual,205376320,2,7448.67
CAR01418,Toyota,Innova,2014,Petrol,Manual,111424,1,2393,21.9,115,5,Individual,81617350,11,9285.33
CAR01419,Renault,Triber,2021,CNG,Manual,63871,1,999,24.7,74,5,Dealer,82734550,4,12774.2
CAR01420,Toyota,Innova,2021,Diesel,Automatic,53231,1,2393,17,145,5,Individual,185019530,4,10646.2
CAR01421,Skoda,Slavia,2020,Petrol,Automatic,49057,2,1498,15.4,113,5,Individual,166878330,5,8176.17
CAR01422,Skoda,Kushaq,2023,Diesel,Manual,33042,1,1498,18.8,96,7,Individual,205553780,2,11014
CAR01423,Mahindra,XUV500,2024,Petrol,Manual,26358,2,2179,18.8,94,5,Individual,209121220,1,13179
CAR01424,Kia,Carens,2020,Petrol,Automatic,31303,1,1497,16.1,121,5,Individual,166919370,5,5217.17
CAR01425,Tata,Safari,2017,Petrol,Manual,103112,1,1956,19.3,100,5,Individual,140839020,8,11456.89
CAR01426,Renault,Triber,2025,Petrol,Manual,28533,1,999,19.7,65,5,Individual,136094910,0,28533
CAR01427,Kia,Carens,2025,Diesel,Manual,8745,2,1497,20,102,5,Individual,251305590,0,8745
CAR01428,Skoda,Slavia,2022,Electric,Manual,32896,1,1498,25.2,111,5,Dealer,198975410,3,8224
CAR01429,Tata,Tiago,2021,Petrol,Automatic,79844,2,1199,15.7,55,5,Individual,58043480,4,15968.8
CAR01430,Volkswagen,Polo,2015,Petrol,Manual,80207,1,999,13.2,53,5,Individual,42050040,10,7291.55
CAR01431,Toyota,Urban Cruiser,2018,Diesel,Automatic,97742,2,1462,17.3,48,5,Individual,73655210,7,12217.75
CAR01432,Hyundai,Verna,2016,Petrol,Manual,141391,1,1497,20.1,66,5,Dealer,61565890,9,14139.1
CAR01433,Hyundai,Creta,2020,Petrol,Manual,84526,1,1497,23.1,98,5,Dealer,149387880,5,14087.67
CAR01434,Mahindra,XUV700,2023,Electric,Manual,44353,2,1997,27,187,5,Dealer,286694420,2,14784.33
CAR01435,Honda,Jazz,2016,Diesel,Automatic,74298,2,1199,18.8,57,5,Dealer,55884130,9,7429.8
CAR01436,Hyundai,i20,2025,Electric,Manual,19588,1,1197,25.5,76,5,Individual,157955170,0,19588
CAR01437,Toyota,Urban Cruiser,2015,Petrol,Automatic,109754,1,1462,13.4,52,5,Individual,58250770,10,9977.64
CAR01438,Kia,Seltos,2015,Petrol,Manual,258308,2,1497,22.3,92,5,Dealer,40259670,10,23482.55
CAR01439,Honda,City,2025,Petrol,Automatic,18032,1,1498,19.2,91,5,Individual,244345510,0,18032
CAR01440,Skoda,Kushaq,2015,CNG,Automatic,157143,3,1498,23.5,118,7,Dealer,64191880,10,14285.73
CAR01441,Volkswagen,Virtus,2022,Petrol,Automatic,46438,1,1498,11.9,79,5,Individual,199678790,3,11609.5
CAR01442,Mahindra,XUV700,2023,Petrol,Manual,40336,1,1997,19,137,5,Individual,275904890,2,13445.33
CAR01443,Skoda,Slavia,2017,Petrol,Automatic,141507,1,1498,23.2,103,5,Individual,104521660,8,15723
CAR01444,Toyota,Urban Cruiser,2014,Diesel,Manual,52542,1,1462,20.3,67,5,Individual,52803850,11,4378.5
CAR01445,Hyundai,i20,2017,Diesel,Manual,103510,1,1197,19.2,72,5,Individual,57409450,8,11501.11
CAR01446,Maruti,Ertiga,2014,Diesel,Automatic,156044,2,1462,18.7,77,7,Individual,49997930,11,13003.67
CAR01447,Skoda,Kushaq,2022,Petrol,Automatic,70027,1,1498,15.5,86,5,Individual,167458400,3,17506.75
CAR01448,Skoda,Slavia,2024,Diesel,Manual,24565,1,1498,19.7,111,5,Individual,249467340,1,12282.5
CAR01449,Volkswagen,Polo,2025,Petrol,Automatic,10174,1,999,14,60,5,Dealer,124298570,0,10174
CAR01450,Hyundai,i20,2023,Petrol,Manual,40952,2,1197,19,54,7,Dealer,104138430,2,13650.67
CAR01451,Tata,Tiago,2023,Petrol,Automatic,45949,2,1199,21,45,5,Dealer,89234640,2,15316.33
CAR01452,Maruti,Ertiga,2024,Petrol,Automatic,37222,1,1462,16.4,70,5,Individual,218966260,1,18611
CAR01453,Maruti,Celerio,2023,Petrol,Automatic,35318,2,998,18.8,53,7,Individual,90129730,2,11772.67
CAR01454,Tata,Tiago,2021,Electric,Automatic,99523,1,1199,22.5,45,5,Individual,67815750,4,19904.6
CAR01455,Mahindra,Scorpio,2025,Petrol,Automatic,12895,1,2179,18.8,90,5,Individual,374582910,0,12895
CAR01456,Maruti,Baleno,2017,Petrol,Manual,108736,2,1197,20.4,47,5,Individual,42096210,8,12081.78
CAR01457,Skoda,Kushaq,2018,Diesel,Manual,94774,1,1498,20.7,115,5,Dealer,78727450,7,11846.75
CAR01458,Toyota,Glanza,2024,Diesel,Manual,45079,1,1197,22,56,7,Individual,145347150,1,22539.5
CAR01459,Tata,Altroz,2017,Petrol,Automatic,119872,1,1199,19.2,50,5,Individual,59632640,8,13319.11
CAR01460,Mahindra,Scorpio,2017,Diesel,Manual,172888,1,2179,22,120,5,Individual,88661410,8,19209.78
CAR01461,Volkswagen,Polo,2015,Petrol,Automatic,87594,1,999,18.6,63,5,Individual,48262850,10,7963.09
CAR01462,Honda,Amaze,2017,Petrol,Manual,73060,1,1199,18.6,72,5,Individual,61735750,8,8117.78
CAR01463,Maruti,Baleno,2021,Diesel,Automatic,46724,2,1197,21.5,56,5,Dealer,90329230,4,9344.8
CAR01464,Maruti,Swift,2024,Diesel,Manual,37583,1,1197,19.2,52,5,Dealer,109641020,1,18791.5
CAR01465,Renault,Kwid,2015,Petrol,Automatic,116486,1,999,19,45,5,Dealer,38058140,10,10589.64
CAR01466,Hyundai,Grand i10,2022,Petrol,Automatic,70287,3,1197,15,47,7,Dealer,62591130,3,17571.75
CAR01467,Kia,Sonet,2023,Petrol,Manual,23921,2,1197,12.2,65,5,Individual,143548230,2,7973.67
CAR01468,Honda,City,2024,Petrol,Automatic,47745,1,1498,17.9,78,5,Dealer,164220990,1,23872.5
CAR01469,Volkswagen,Taigun,2023,CNG,Manual,28925,1,1498,18.8,99,5,Dealer,248579470,2,9641.67
CAR01470,Maruti,Baleno,2015,Diesel,Automatic,172895,1,1197,25.2,48,5,Individual,37912030,10,15717.73
CAR01471,Renault,Kwid,2019,CNG,Automatic,109789,1,999,18.7,45,5,Dealer,43917550,6,15684.14
CAR01472,Kia,Seltos,2025,Petrol,Manual,7728,1,1497,19.9,106,5,Dealer,216489420,0,7728
CAR01473,Toyota,Fortuner,2024,CNG,Manual,27782,1,2755,19,223,5,Dealer,533709240,1,13891
CAR01474,Tata,Safari,2021,Petrol,Manual,73106,1,1956,17.6,167,5,Individual,207968870,4,14621.2
CAR01475,Skoda,Rapid,2025,Petrol,Manual,30297,1,1498,14.3,68,7,Individual,166744950,0,30297
CAR01476,Honda,Amaze,2022,Petrol,Automatic,76345,1,1199,14,62,5,Dealer,89115320,3,19086.25
CAR01477,Toyota,Innova,2014,Petrol,Manual,179106,1,2393,18.5,132,5,Dealer,72382210,11,14925.5
CAR01478,Honda,Amaze,2024,CNG,Automatic,27549,2,1199,19.9,52,5,Individual,116376140,1,13774.5
CAR01479,Tata,Tiago,2016,Diesel,Automatic,142362,1,1199,21.7,46,5,Individual,33648810,9,14236.2
CAR01480,Toyota,Fortuner,2018,Diesel,Automatic,57921,1,2755,23.2,208,5,Individual,286226640,7,7240.12
CAR01481,Hyundai,Grand i10,2016,Diesel,Manual,103747,1,1197,14.6,48,5,Individual,34364920,9,10374.7
CAR01482,Maruti,Celerio,2022,Diesel,Manual,36375,1,998,22.6,51,5,Dealer,86702130,3,9093.75
CAR01483,Tata,Safari,2014,Diesel,Automatic,132006,1,1956,16.4,128,7,Individual,91261750,11,11000.5
CAR01484,Hyundai,Grand i10,2021,CNG,Automatic,78529,1,1197,20,50,7,Individual,70724270,4,15705.8
CAR01485,Toyota,Glanza,2024,Diesel,Automatic,38372,2,1197,15.1,61,5,Individual,130678200,1,19186
CAR01486,Renault,Triber,2023,Diesel,Manual,22534,1,999,15.2,68,5,Individual,102452370,2,7511.33
CAR01487,Hyundai,Verna,2017,Petrol,Manual,75555,1,1497,11.7,93,5,Dealer,84098940,8,8395
CAR01488,Maruti,Wagon R,2024,Electric,Automatic,24346,1,1197,21.3,46,5,Individual,101292230,1,12173
CAR01489,Hyundai,i20,2018,Petrol,Automatic,76782,1,1197,17.7,63,5,Individual,75459450,7,9597.75
CAR01490,Mahindra,XUV500,2022,Petrol,Manual,54071,1,2179,16.4,113,5,Dealer,169390700,3,13517.75
CAR01491,Tata,Safari,2020,CNG,Automatic,50421,1,1956,15.6,141,5,Individual,206727220,5,8403.5
CAR01492,Toyota,Glanza,2014,Petrol,Manual,149970,1,1197,11.6,57,5,Individual,35825640,11,12497.5
CAR01493,Maruti,Wagon R,2014,Petrol,Manual,167170,1,1197,17.5,45,5,Individual,23959950,11,13930.83
CAR01494,Honda,Amaze,2016,Petrol,Manual,152753,2,1199,19.9,57,5,Dealer,34392470,9,15275.3
CAR01495,Toyota,Fortuner,2025,Petrol,Manual,8869,1,2755,18.2,277,5,Individual,706653890,0,8869
CAR01496,Toyota,Urban Cruiser,2025,CNG,Manual,30605,2,1462,26.6,64,5,Individual,151182050,0,30605
CAR01497,Mahindra,Thar,2018,CNG,Manual,129367,1,1997,20.9,94,5,Individual,105416940,7,16170.88
CAR01498,Volkswagen,Virtus,2025,Petrol,Manual,5641,1,1498,18.4,89,7,Dealer,306126290,0,5641
CAR01499,Toyota,Fortuner,2014,Electric,Manual,127897,1,2755,22.4,277,7,Individual,151982900,11,10658.08
CAR01500,Renault,Duster,2025,Diesel,Manual,14446,1,1498,17,74,5,Dealer,183447280,0,14446
CAR01501,Mahindra,XUV500,2016,CNG,Manual,95156,1,2179,20.5,117,5,Dealer,68036720,9,9515.6
CAR01502,Tata,Safari,2014,Petrol,Automatic,94459,3,1956,20,131,5,Dealer,77285350,11,7871.58
CAR01503,Tata,Harrier,2023,Petrol,Manual,38013,3,1956,20.1,106,5,Individual,209454100,2,12671
CAR01504,Honda,Jazz,2018,Petrol,Manual,108690,1,1199,18.6,71,5,Individual,60290040,7,13586.25
CAR01505,Mahindra,Scorpio,2017,Petrol,Manual,125503,1,2179,22.2,114,5,Dealer,125259970,8,13944.78
CAR01506,Tata,Punch,2023,Diesel,Automatic,52036,2,1199,20.7,65,5,Dealer,125343000,2,17345.33
CAR01507,Skoda,Octavia,2017,Petrol,Automatic,130711,2,1984,18.5,145,5,Dealer,130569140,8,14523.44
CAR01508,Toyota,Fortuner,2023,Diesel,Automatic,26909,1,2755,23.8,251,5,Dealer,613333300,2,8969.67
CAR01509,Renault,Triber,2016,Diesel,Automatic,166337,1,999,17.2,58,5,Individual,38793820,9,16633.7
CAR01510,Kia,Seltos,2015,Petrol,Manual,6761,1,1497,21.8,80,5,Individual,103073100,10,614.64
CAR01511,Honda,Amaze,2017,Petrol,Automatic,151191,1,1199,14.6,70,5,Dealer,47655610,8,16799
CAR01512,Tata,Tiago,2021,Diesel,Manual,81785,1,1199,18.5,45,5,Individual,82459620,4,16357
CAR01513,Volkswagen,Polo,2016,CNG,Automatic,138724,1,999,15.5,49,5,Dealer,44462660,9,13872.4
CAR01514,Honda,City,2015,Petrol,Automatic,210093,1,1498,18.3,74,5,Dealer,47456680,10,19099.36
CAR01515,Tata,Tiago,2022,Electric,Automatic,20611,1,1199,26.5,45,5,Individual,91074220,3,5152.75
CAR01516,Skoda,Kushaq,2019,CNG,Manual,99334,1,1498,18.2,101,5,Individual,115068180,6,14190.57
CAR01517,Toyota,Fortuner,2019,Diesel,Manual,95070,1,2755,18.5,224,7,Dealer,260829910,6,13581.43
CAR01518,Maruti,Dzire,2016,Petrol,Manual,126361,1,1197,16.8,59,5,Dealer,52017820,9,12636.1
CAR01519,Toyota,Innova,2014,Diesel,Manual,84009,1,2393,18.7,146,5,Individual,95773490,11,7000.75
CAR01520,Toyota,Innova,2014,Diesel,Automatic,139864,1,2393,16.2,117,5,Individual,87508110,11,11655.33
CAR01521,Renault,Kwid,2022,Petrol,Automatic,44889,2,999,17.6,45,5,Dealer,68735730,3,11222.25
CAR01522,Volkswagen,Polo,2014,Electric,Manual,104879,1,999,27.2,72,7,Dealer,40832710,11,8739.92
CAR01523,Hyundai,i20,2016,CNG,Automatic,118718,1,1197,19.5,56,5,Dealer,52654890,9,11871.8
CAR01524,Hyundai,Verna,2024,Petrol,Manual,16028,1,1497,18.2,85,5,Individual,188044710,1,8014
CAR01525,Kia,Seltos,2018,Diesel,Manual,85129,2,1497,20,89,5,Individual,98570290,7,10641.12
CAR01526,Maruti,Swift,2022,Diesel,Manual,64727,1,1197,18.1,45,5,Individual,80472030,3,16181.75
CAR01527,Honda,City,2018,Diesel,Manual,115407,1,1498,20.1,75,5,Dealer,86227130,7,14425.88
CAR01528,Hyundai,Venue,2025,CNG,Automatic,23685,1,1197,19.9,87,5,Individual,174994370,0,23685
CAR01529,Maruti,Ertiga,2023,Petrol,Automatic,39012,1,1462,18.8,62,7,Individual,150422240,2,13004
CAR01530,Skoda,Kushaq,2019,Petrol,Automatic,109326,2,1498,17.3,114,5,Individual,115193770,6,15618
CAR01531,Maruti,Swift,2022,Petrol,Manual,39412,1,1197,13.3,57,5,Individual,93479430,3,9853
CAR01532,Maruti,Baleno,2018,CNG,Automatic,101882,2,1197,15.6,52,5,Individual,55804710,7,12735.25
CAR01533,Skoda,Kushaq,2025,Petrol,Manual,24594,1,1498,11.1,118,5,Dealer,254275860,0,24594
CAR01534,Hyundai,Creta,2018,CNG,Manual,52558,2,1497,19.8,109,5,Individual,83372760,7,6569.75
CAR01535,Renault,Triber,2024,Petrol,Manual,17432,3,999,20,53,5,Individual,106496900,1,8716
CAR01536,Maruti,Ertiga,2021,Petrol,Automatic,25351,1,1462,15.3,68,7,Individual,113941860,4,5070.2
CAR01537,Hyundai,Venue,2021,CNG,Automatic,31845,1,1197,20.3,72,5,Dealer,114769690,4,6369
CAR01538,Hyundai,i10,2018,Diesel,Manual,68984,1,1197,17.3,45,5,Individual,44242450,7,8623
CAR01539,Volkswagen,Vento,2023,Petrol,Automatic,40920,1,1498,15,63,5,Individual,182933140,2,13640
CAR01540,Kia,Seltos,2022,Petrol,Manual,58233,2,1497,24.1,105,5,Individual,155264390,3,14558.25
CAR01541,Toyota,Urban Cruiser,2023,Petrol,Manual,35808,1,1462,15.1,66,5,Dealer,152974890,2,11936
CAR01542,Tata,Safari,2023,Petrol,Automatic,23750,1,1956,13.4,124,7,Dealer,289498250,2,7916.67
CAR01543,Maruti,Wagon R,2015,Petrol,Automatic,141732,1,1197,14.8,45,5,Individual,27464310,10,12884.73
CAR01544,Mahindra,Scorpio,2024,Diesel,Automatic,26868,1,2179,19.5,130,5,Individual,356738300,1,13434
CAR01545,Tata,Punch,2024,Petrol,Automatic,29064,1,1199,15.8,70,5,Individual,127816420,1,14532
CAR01546,Mahindra,Thar,2016,Petrol,Manual,105248,2,1997,18.4,119,5,Dealer,72213300,9,10524.8
CAR01547,Kia,Carens,2025,Petrol,Automatic,24561,1,1497,15.3,115,5,Individual,279312350,0,24561
CAR01548,Renault,Triber,2020,Petrol,Automatic,55088,1,999,15.7,57,5,Dealer,88865850,5,9181.33
CAR01549,Toyota,Glanza,2017,Electric,Manual,42957,1,1197,20.4,57,5,Dealer,70589940,8,4773
CAR01550,Maruti,Brezza,2016,Petrol,Manual,136228,1,1462,17.2,64,5,Dealer,63763430,9,13622.8
CAR01551,Tata,Harrier,2018,Petrol,Manual,78890,1,1956,19.6,129,7,Individual,141117180,7,9861.25
CAR01552,Renault,Triber,2014,Diesel,Automatic,205083,1,999,21.8,61,5,Individual,32235970,11,17090.25
CAR01553,Mahindra,XUV500,2022,CNG,Automatic,40905,1,2179,25.2,99,5,Individual,196213760,3,10226.25
CAR01554,Kia,Sonet,2022,Diesel,Automatic,50197,1,1197,15.4,72,7,Dealer,178380930,3,12549.25
CAR01555,Toyota,Fortuner,2022,CNG,Manual,55616,1,2755,17.9,244,5,Dealer,524958030,3,13904
CAR01556,Hyundai,Grand i10,2020,CNG,Manual,52857,1,1197,18.2,55,5,Individual,61539860,5,8809.5
CAR01557,Renault,Kwid,2018,Diesel,Manual,112213,1,999,19.3,45,5,Dealer,43171800,7,14026.62
CAR01558,Volkswagen,Vento,2022,Electric,Manual,40897,1,1498,19.3,71,5,Individual,136313030,3,10224.25
CAR01559,Skoda,Octavia,2024,Petrol,Manual,26175,1,1984,15.4,186,5,Individual,407572990,1,13087.5
CAR01560,Renault,Kwid,2015,CNG,Manual,112071,1,999,23.1,45,5,Individual,28321020,10,10188.27
CAR01561,Tata,Harrier,2018,CNG,Manual,113495,1,1956,24.2,135,7,Dealer,122151000,7,14186.88
CAR01562,Tata,Harrier,2025,CNG,Manual,13799,2,1956,23.1,126,5,Individual,292448000,0,13799
CAR01563,Tata,Altroz,2024,Petrol,Automatic,24896,1,1199,18.5,50,7,Individual,124373620,1,12448
CAR01564,Skoda,Rapid,2025,Diesel,Manual,6375,3,1498,17.3,58,5,Individual,148840870,0,6375
CAR01565,Mahindra,XUV500,2016,Petrol,Manual,120699,1,2179,17.6,123,5,Individual,88613340,9,12069.9
CAR01566,Toyota,Fortuner,2019,Diesel,Manual,123910,1,2755,22.7,282,5,Individual,245960700,6,17701.43
CAR01567,Skoda,Rapid,2015,Petrol,Automatic,118578,1,1498,19.5,61,5,Individual,47200750,10,10779.82
CAR01568,Kia,Seltos,2024,Diesel,Automatic,41512,2,1497,22,107,5,Dealer,192899780,1,20756
CAR01569,Skoda,Rapid,2020,Diesel,Manual,125745,2,1498,22.2,65,5,Dealer,73153040,5,20957.5
CAR01570,Skoda,Rapid,2016,Petrol,Automatic,131348,1,1498,16.5,77,5,Individual,52230810,9,13134.8
CAR01571,Maruti,Ertiga,2015,Petrol,Automatic,44512,1,1462,19.4,76,5,Dealer,65636640,10,4046.55
CAR01572,Honda,Jazz,2022,Petrol,Automatic,38796,3,1199,16.4,61,5,Dealer,130614170,3,9699
CAR01573,Volkswagen,Polo,2023,Diesel,Manual,18756,2,999,21.1,50,5,Dealer,90020100,2,6252
CAR01574,Renault,Duster,2024,Diesel,Manual,30902,3,1498,23,69,5,Individual,111692260,1,15451
CAR01575,Hyundai,i20,2025,Diesel,Manual,15147,1,1197,24,45,7,Dealer,176152230,0,15147
CAR01576,Honda,Amaze,2023,Petrol,Manual,45090,1,1199,19.3,58,5,Individual,112981220,2,15030
CAR01577,Mahindra,XUV500,2023,Diesel,Manual,45741,1,2179,20.5,111,5,Individual,172000160,2,15247
CAR01578,Volkswagen,Polo,2023,Diesel,Manual,51998,2,999,23.5,68,5,Dealer,93263020,2,17332.67
CAR01579,Hyundai,i20,2025,Petrol,Manual,22025,1,1197,14.9,67,5,Individual,159323550,0,22025
CAR01580,Kia,Sonet,2019,Petrol,Manual,89868,1,1197,21.8,70,5,Dealer,91507800,6,12838.29
CAR01581,Tata,Altroz,2023,Petrol,Manual,61172,1,1199,17.9,53,5,Dealer,104663970,2,20390.67
CAR01582,Tata,Altroz,2023,Petrol,Manual,21733,1,1199,17.9,56,5,Individual,130900120,2,7244.33
CAR01583,Mahindra,Thar,2015,Petrol,Manual,112278,2,1997,16.1,89,5,Individual,81730210,10,10207.09
CAR01584,Toyota,Glanza,2022,Petrol,Manual,61126,1,1197,14,58,5,Dealer,116082780,3,15281.5
CAR01585,Kia,Carens,2018,Petrol,Automatic,106064,2,1497,21.9,88,5,Individual,105449620,7,13258
CAR01586,Honda,Jazz,2015,Petrol,Manual,175288,1,1199,18.7,55,5,Dealer,40407870,10,15935.27
CAR01587,Renault,Duster,2016,Petrol,Manual,132539,1,1498,16.4,68,5,Dealer,54488200,9,13253.9
CAR01588,Maruti,Dzire,2015,Diesel,Manual,137948,1,1197,20.4,55,7,Individual,37884480,10,12540.73
CAR01589,Renault,Kwid,2024,Diesel,Manual,38454,1,999,18.3,45,5,Individual,84362280,1,19227
CAR01590,Maruti,Dzire,2023,Petrol,Manual,52543,1,1197,12.4,50,5,Dealer,110132740,2,17514.33
CAR01591,Volkswagen,Polo,2015,Diesel,Manual,131673,2,999,18.8,61,5,Dealer,39908360,10,11970.27
CAR01592,Honda,WR-V,2021,Diesel,Manual,53164,1,1498,15.1,78,5,Individual,82778630,4,10632.8
CAR01593,Honda,Amaze,2021,Petrol,Automatic,85928,1,1199,18.2,55,5,Individual,79899750,4,17185.6
CAR01594,Maruti,Ertiga,2020,Petrol,Manual,70093,1,1462,22.3,99,5,Individual,103783700,5,11682.17
CAR01595,Volkswagen,Virtus,2021,Petrol,Manual,56447,1,1498,19.4,114,5,Dealer,174034300,4,11289.4
CAR01596,Hyundai,Venue,2024,Diesel,Manual,13585,1,1197,21.7,74,5,Individual,178377510,1,6792.5
CAR01597,Kia,Carens,2020,Petrol,Automatic,81237,1,1497,15.6,122,5,Individual,155266670,5,13539.5
CAR01598,Volkswagen,Vento,2021,Petrol,Manual,80953,1,1498,17.4,62,7,Individual,88295850,4,16190.6
CAR01599,Renault,Kwid,2020,Diesel,Automatic,49818,1,999,16.7,45,5,Dealer,66465420,5,8303
CAR01600,Volkswagen,Polo,2018,Electric,Manual,99168,1,999,24.4,63,5,Individual,52592190,7,12396
CAR01601,Honda,City,2024,Petrol,Manual,33809,1,1498,21.5,86,5,Dealer,201791400,1,16904.5
CAR01602,Volkswagen,Virtus,2018,Diesel,Manual,131819,1,1498,19.9,119,5,Individual,110391520,7,16477.38
CAR01603,Renault,Duster,2023,Petrol,Automatic,54717,1,1498,19.1,79,7,Dealer,145255190,2,18239
CAR01604,Honda,Amaze,2021,Diesel,Automatic,45655,1,1199,20.9,70,5,Individual,88425810,4,9131
CAR01605,Hyundai,Venue,2022,Diesel,Automatic,12863,1,1197,18.6,60,5,Dealer,142693990,3,3215.75
CAR01606,Renault,Kwid,2023,Diesel,Manual,47171,1,999,23.2,45,5,Dealer,67191220,2,15723.67
CAR01607,Hyundai,i10,2022,Petrol,Automatic,49498,1,1197,15.9,45,5,Individual,64278520,3,12374.5
CAR01608,Mahindra,Bolero,2020,Petrol,Manual,70061,1,1493,12.8,85,5,Individual,96484280,5,11676.83
CAR01609,Tata,Nexon,2021,Diesel,Manual,79738,2,1199,16.5,81,5,Individual,97161250,4,15947.6
CAR01610,Hyundai,Verna,2020,Petrol,Automatic,56167,1,1497,19.3,89,5,Individual,96644260,5,9361.17
CAR01611,Volkswagen,Vento,2018,Electric,Automatic,72597,1,1498,21.3,69,5,Dealer,78092470,7,9074.62
CAR01612,Hyundai,i20,2022,Petrol,Manual,41929,1,1197,17.8,63,5,Individual,110310580,3,10482.25
CAR01613,Kia,Carens,2024,Petrol,Manual,38608,1,1497,16.8,114,5,Dealer,223186160,1,19304
CAR01614,Kia,Seltos,2022,Petrol,Manual,68290,1,1497,18,101,5,Individual,144910340,3,17072.5
CAR01615,Maruti,Baleno,2023,Petrol,Manual,47316,1,1197,20.8,59,7,Dealer,83467760,2,15772
CAR01616,Hyundai,i20,2023,CNG,Manual,56660,1,1197,25.6,68,5,Dealer,134391180,2,18886.67
CAR01617,Volkswagen,Vento,2018,Petrol,Automatic,83239,1,1498,14.6,70,5,Dealer,79458190,7,10404.88
CAR01618,Mahindra,Scorpio,2014,Diesel,Manual,188737,1,2179,22.1,142,5,Individual,67967180,11,15728.08
CAR01619,Hyundai,Creta,2018,Diesel,Automatic,66123,1,1497,19.9,99,5,Dealer,125205060,7,8265.38
CAR01620,Skoda,Rapid,2023,CNG,Manual,53010,1,1498,17.3,64,5,Dealer,127737950,2,17670
CAR01621,Tata,Nexon,2023,Diesel,Manual,41975,1,1199,20.8,67,5,Individual,150413310,2,13991.67
CAR01622,Maruti,Celerio,2020,Electric,Manual,73249,1,998,18.4,51,5,Dealer,63377730,5,12208.17
CAR01623,Skoda,Octavia,2023,CNG,Manual,30137,3,1984,18.8,214,5,Dealer,332775500,2,10045.67
CAR01624,Maruti,Celerio,2014,Petrol,Manual,177104,1,998,18.4,45,5,Individual,27249040,11,14758.67
CAR01625,Mahindra,Scorpio,2021,CNG,Manual,60954,1,2179,16.2,136,5,Individual,215844560,4,12190.8
CAR01626,Skoda,Slavia,2022,Electric,Automatic,50144,2,1498,22.1,103,5,Individual,164876110,3,12536
CAR01627,Mahindra,Thar,2020,Petrol,Manual,38390,1,1997,18,109,5,Individual,166101040,5,6398.33
CAR01628,Mahindra,Thar,2022,Diesel,Manual,54082,1,1997,25.2,121,5,Dealer,164702070,3,13520.5
CAR01629,Honda,Amaze,2019,Petrol,Automatic,73601,1,1199,14.7,56,5,Dealer,72142240,6,10514.43
CAR01630,Hyundai,Creta,2020,Diesel,Manual,89245,1,1497,22.2,103,5,Individual,122021230,5,14874.17
CAR01631,Mahindra,Scorpio,2021,Petrol,Automatic,63214,1,2179,18.4,120,5,Individual,218693990,4,12642.8
CAR01632,Renault,Kwid,2023,Diesel,Automatic,6396,2,999,26,46,5,Individual,79409550,2,2132
CAR01633,Maruti,Baleno,2016,Petrol,Automatic,90883,2,1197,18,54,5,Individual,52058860,9,9088.3
CAR01634,Renault,Triber,2017,Diesel,Manual,71570,1,999,19.1,54,5,Dealer,59849810,8,7952.22
CAR01635,Toyota,Urban Cruiser,2019,Petrol,Automatic,53967,1,1462,20,77,5,Dealer,98559460,6,7709.57
CAR01636,Mahindra,XUV500,2016,Diesel,Manual,154080,2,2179,20.8,87,5,Individual,60063750,9,15408
CAR01637,Hyundai,i20,2018,Petrol,Manual,50741,2,1197,20.3,65,5,Individual,72935680,7,6342.62
CAR01638,Kia,Seltos,2018,Diesel,Automatic,103786,2,1497,21,119,5,Dealer,99662220,7,12973.25
CAR01639,Hyundai,Verna,2017,Petrol,Manual,90460,1,1497,13.1,77,5,Individual,55515720,8,10051.11
CAR01640,Tata,Punch,2018,Petrol,Automatic,73891,1,1199,19.1,49,5,Individual,74803570,7,9236.38
CAR01641,Volkswagen,Vento,2020,Petrol,Manual,55454,1,1498,19,63,5,Dealer,87083840,5,9242.33
CAR01642,Maruti,Swift,2022,CNG,Manual,62640,3,1197,18.8,54,5,Dealer,74099240,3,15660
CAR01643,Toyota,Urban Cruiser,2017,Petrol,Manual,112882,1,1462,18.4,75,5,Dealer,60601070,8,12542.44
CAR01644,Mahindra,Scorpio,2024,Diesel,Automatic,15433,2,2179,13.8,137,5,Individual,283777920,1,7716.5
CAR01645,Hyundai,Verna,2019,Petrol,Manual,113398,1,1497,18.3,71,5,Dealer,61608450,6,16199.71
CAR01646,Tata,Tiago,2022,Diesel,Automatic,41633,2,1199,21.4,45,5,Dealer,82505600,3,10408.25
CAR01647,Honda,City,2015,Petrol,Manual,140448,1,1498,20.4,87,5,Individual,49887730,10,12768
CAR01648,Kia,Carens,2016,Petrol,Automatic,71888,2,1497,19.6,127,7,Individual,84034150,9,7188.8
CAR01649,Skoda,Slavia,2019,Petrol,Manual,70097,1,1498,14.8,100,5,Individual,137388240,6,10013.86
CAR01650,Renault,Duster,2018,Petrol,Automatic,65666,1,1498,13.1,70,5,Individual,83528560,7,8208.25
CAR01651,Hyundai,Creta,2019,Petrol,Manual,80989,1,1497,20.3,112,5,Dealer,117487640,6,11569.86
CAR01652,Maruti,Ertiga,2015,Petrol,Manual,125774,2,1462,18.3,78,5,Dealer,49269850,10,11434
CAR01653,Maruti,Celerio,2019,Diesel,Automatic,46887,1,998,20.8,49,7,Individual,69005340,6,6698.14
CAR01654,Mahindra,Scorpio,2022,Electric,Manual,68133,1,2179,27.5,114,5,Individual,195809440,3,17033.25
CAR01655,Hyundai,i20,2022,Petrol,Manual,50346,3,1197,12.7,63,7,Individual,106437620,3,12586.5
CAR01656,Tata,Safari,2016,CNG,Automatic,209400,2,1956,26.4,129,5,Individual,92309030,9,20940
CAR01657,Renault,Triber,2018,Petrol,Automatic,117989,1,999,15.8,47,7,Individual,71047650,7,14748.62
CAR01658,Renault,Duster,2020,Petrol,Automatic,100793,2,1498,20,62,5,Dealer,98966630,5,16798.83
CAR01659,Renault,Duster,2020,Petrol,Automatic,29487,1,1498,17.5,74,5,Dealer,109196800,5,4914.5
CAR01660,Tata,Punch,2023,Petrol,Automatic,23454,1,1199,16.5,64,5,Dealer,133954370,2,7818
CAR01661,Kia,Seltos,2018,Petrol,Manual,92668,1,1497,13,108,5,Individual,99898960,7,11583.5
CAR01662,Kia,Carens,2022,CNG,Manual,72259,2,1497,19,112,7,Dealer,177496290,3,18064.75
CAR01663,Hyundai,Venue,2024,Diesel,Automatic,30626,1,1197,20.7,71,5,Dealer,177814350,1,15313
CAR01664,Mahindra,XUV700,2017,Diesel,Automatic,89793,1,1997,20.4,118,5,Individual,154765070,8,9977
CAR01665,Mahindra,Thar,2023,Petrol,Manual,43642,1,1997,20.4,96,7,Individual,248059440,2,14547.33
CAR01666,Honda,City,2017,Petrol,Manual,129868,1,1498,15.4,92,5,Individual,66102140,8,14429.78
CAR01667,Volkswagen,Polo,2018,Diesel,Manual,90542,2,999,21.5,50,5,Individual,51252120,7,11317.75
CAR01668,Kia,Seltos,2021,Petrol,Automatic,73034,1,1497,17.7,97,5,Dealer,154169800,4,14606.8
CAR01669,Mahindra,Scorpio,2021,Petrol,Manual,70890,2,2179,19.4,127,5,Dealer,198566150,4,14178
CAR01670,Volkswagen,Vento,2020,Petrol,Automatic,133006,1,1498,19,55,5,Dealer,85106130,5,22167.67
CAR01671,Volkswagen,Polo,2016,Petrol,Automatic,162213,2,999,16.1,58,5,Individual,41007320,9,16221.3
CAR01672,Mahindra,XUV700,2015,Diesel,Manual,202735,2,1997,20.1,184,5,Individual,80051940,10,18430.45
CAR01673,Tata,Altroz,2024,Petrol,Manual,6756,1,1199,18.9,59,5,Individual,105757610,1,3378
CAR01674,Volkswagen,Taigun,2024,Petrol,Manual,36829,1,1498,19.9,101,5,Individual,199164080,1,18414.5
CAR01675,Volkswagen,Taigun,2024,CNG,Manual,19144,2,1498,25.5,89,7,Dealer,219266270,1,9572
CAR01676,Skoda,Octavia,2020,Electric,Manual,96838,1,1984,20.6,169,5,Individual,224503810,5,16139.67
CAR01677,Hyundai,Verna,2024,Petrol,Manual,48113,1,1497,14,82,5,Individual,143452850,1,24056.5
CAR01678,Toyota,Fortuner,2019,Petrol,Automatic,104087,1,2755,21.4,245,5,Individual,263438040,6,14869.57
CAR01679,Skoda,Octavia,2014,Diesel,Manual,107837,2,1984,15.4,165,7,Dealer,112153960,11,8986.42
CAR01680,Mahindra,Scorpio,2016,Petrol,Manual,107237,1,2179,20.6,142,7,Individual,117852820,9,10723.7
CAR01681,Skoda,Rapid,2017,Petrol,Manual,97945,1,1498,14.8,61,5,Individual,46095520,8,10882.78
CAR01682,Maruti,Wagon R,2018,Petrol,Automatic,120340,1,1197,15.6,45,5,Dealer,33324860,7,15042.5
CAR01683,Maruti,Ertiga,2025,Petrol,Manual,20216,1,1462,17.3,78,7,Individual,219429290,0,20216
CAR01684,Volkswagen,Virtus,2017,Electric,Manual,148763,1,1498,18.1,123,7,Individual,71103510,8,16529.22
CAR01685,Honda,Amaze,2021,Diesel,Automatic,90460,2,1199,16.4,55,5,Individual,75342600,4,18092
CAR01686,Mahindra,XUV500,2017,Electric,Manual,90929,1,2179,17.5,87,5,Individual,79190860,8,10103.22
CAR01687,Toyota,Innova,2021,Diesel,Manual,81030,3,2393,21.3,150,5,Individual,167787480,4,16206
CAR01688,Toyota,Innova,2020,Diesel,Manual,76880,2,2393,19.3,134,5,Individual,169129830,5,12813.33
CAR01689,Skoda,Slavia,2015,Diesel,Automatic,128665,1,1498,19.3,112,5,Individual,92776430,10,11696.82
CAR01690,Maruti,Dzire,2019,Diesel,Automatic,109352,1,1197,19.1,45,5,Individual,66345150,6,15621.71
CAR01691,Volkswagen,Vento,2015,Petrol,Manual,155581,2,1498,17.4,67,5,Individual,34950120,10,14143.73
CAR01692,Renault,Triber,2024,Petrol,Automatic,33222,1,999,16.1,58,5,Individual,111389590,1,16611
CAR01693,Kia,Carens,2022,Diesel,Automatic,58566,1,1497,22.2,92,5,Dealer,206242720,3,14641.5
CAR01694,Honda,WR-V,2025,Petrol,Automatic,15197,2,1498,12.2,56,7,Dealer,162296670,0,15197
CAR01695,Hyundai,i20,2024,Petrol,Automatic,32792,3,1197,13.2,61,5,Dealer,121861820,1,16396
CAR01696,Kia,Sonet,2016,Petrol,Automatic,127976,1,1197,21.6,63,7,Dealer,71727090,9,12797.6
CAR01697,Toyota,Urban Cruiser,2022,Diesel,Manual,40905,1,1462,20.1,45,5,Individual,105375520,3,10226.25
CAR01698,Hyundai,Verna,2015,Petrol,Manual,161669,1,1497,11.4,65,5,Individual,46976170,10,14697.18
CAR01699,Honda,Amaze,2025,Petrol,Automatic,23630,2,1199,18.5,47,5,Individual,144476190,0,23630
CAR01700,Skoda,Kushaq,2023,Petrol,Manual,43304,1,1498,12.7,105,5,Dealer,183195530,2,14434.67
CAR01701,Tata,Safari,2022,Petrol,Manual,76544,2,1956,21.4,119,5,Individual,234466270,3,19136
CAR01702,Hyundai,i20,2025,Electric,Automatic,9416,1,1197,25.3,63,5,Dealer,158351130,0,9416
CAR01703,Kia,Sonet,2024,Petrol,Automatic,26673,1,1197,23.8,64,5,Dealer,178397650,1,13336.5
CAR01704,Hyundai,i20,2024,Petrol,Automatic,50924,1,1197,16.6,69,5,Individual,129946510,1,25462
CAR01705,Skoda,Octavia,2015,Petrol,Automatic,45398,1,1984,13.8,183,5,Dealer,126293950,10,4127.09
CAR01706,Renault,Kwid,2014,CNG,Manual,131403,2,999,19.4,45,5,Individual,21856650,11,10950.25
CAR01707,Skoda,Rapid,2025,Diesel,Automatic,12434,1,1498,17.7,64,5,Dealer,188842520,0,12434
CAR01708,Skoda,Kushaq,2017,Petrol,Automatic,162133,2,1498,18.7,113,5,Individual,72501150,8,18014.78
CAR01709,Tata,Punch,2019,Petrol,Manual,84824,1,1199,12,60,5,Dealer,67819930,6,12117.71
CAR01710,Tata,Altroz,2014,Diesel,Manual,244016,3,1199,19.3,61,5,Dealer,21031100,11,20334.67
CAR01711,Honda,Amaze,2021,CNG,Automatic,60524,2,1199,18,45,5,Individual,89537500,4,12104.8
CAR01712,Toyota,Fortuner,2023,Petrol,Manual,39097,1,2755,16,229,5,Dealer,472004840,2,13032.33
CAR01713,Renault,Duster,2024,Petrol,Manual,18792,3,1498,21.6,63,5,Individual,134519050,1,9396
CAR01714,Volkswagen,Taigun,2020,Petrol,Manual,101538,1,1498,20.5,119,5,Individual,129343070,5,16923
CAR01715,Kia,Carens,2021,Petrol,Manual,44250,1,1497,19.7,100,5,Individual,156096780,4,8850
CAR01716,Renault,Duster,2020,Diesel,Manual,59332,2,1498,21.2,64,5,Dealer,109111300,5,9888.67
CAR01717,Kia,Sonet,2019,Electric,Automatic,112474,2,1197,21.7,79,7,Dealer,74770320,6,16067.71
CAR01718,Honda,Jazz,2020,Electric,Manual,94510,1,1199,22.4,48,5,Individual,79719630,5,15751.67
CAR01719,Toyota,Innova,2025,Diesel,Automatic,15354,3,2393,14.6,138,7,Dealer,376923520,0,15354
CAR01720,Mahindra,Thar,2017,Petrol,Manual,90760,1,1997,13.8,84,5,Dealer,109305480,8,10084.44
CAR01721,Maruti,Celerio,2019,Electric,Manual,41617,1,998,22.9,45,7,Individual,59766970,6,5945.29
CAR01722,Volkswagen,Vento,2021,Petrol,Manual,23523,1,1498,18.6,63,5,Dealer,120067080,4,4704.6
CAR01723,Kia,Seltos,2020,Petrol,Automatic,103678,1,1497,19.6,116,5,Individual,124325930,5,17279.67
CAR01724,Volkswagen,Vento,2014,Diesel,Automatic,163990,1,1498,19.2,65,5,Dealer,34595770,11,13665.83
CAR01725,Mahindra,XUV700,2017,Petrol,Manual,120174,1,1997,16.6,136,7,Individual,131282590,8,13352.67
CAR01726,Volkswagen,Taigun,2021,CNG,Automatic,71656,1,1498,19.2,103,5,Dealer,201147490,4,14331.2
CAR01727,Skoda,Octavia,2022,Electric,Manual,33214,1,1984,23.9,207,5,Individual,327645690,3,8303.5
CAR01728,Mahindra,Scorpio,2022,Diesel,Manual,69333,1,2179,21.3,93,5,Individual,205647260,3,17333.25
CAR01729,Toyota,Innova,2025,Diesel,Automatic,18190,2,2393,16.7,154,5,Dealer,385019040,0,18190
CAR01730,Hyundai,Creta,2022,Petrol,Manual,52608,1,1497,15.9,103,5,Dealer,169818390,3,13152
CAR01731,Volkswagen,Taigun,2020,Petrol,Automatic,56142,1,1498,16.9,103,5,Individual,157548190,5,9357
CAR01732,Skoda,Kushaq,2017,Diesel,Manual,111843,2,1498,20.3,101,5,Dealer,87363140,8,12427
CAR01733,Kia,Sonet,2018,Diesel,Automatic,87373,1,1197,20.2,87,5,Dealer,91353330,7,10921.62
CAR01734,Renault,Triber,2023,CNG,Manual,28100,2,999,20.7,65,5,Individual,103552470,2,9366.67
CAR01735,Renault,Kwid,2019,Petrol,Manual,94747,3,999,19.6,45,5,Individual,36707620,6,13535.29
CAR01736,Volkswagen,Taigun,2022,Petrol,Manual,37864,1,1498,17.1,105,5,Individual,200122630,3,9466
CAR01737,Mahindra,XUV700,2015,Petrol,Automatic,124020,1,1997,13.3,179,5,Individual,116556640,10,11274.55
CAR01738,Maruti,Swift,2015,Diesel,Manual,145993,1,1197,23.3,52,5,Dealer,35934890,10,13272.09
CAR01739,Maruti,Wagon R,2016,Diesel,Manual,110219,1,1197,22.2,45,5,Individual,36614520,9,11021.9
CAR01740,Tata,Altroz,2016,Electric,Manual,119509,1,1199,18.4,50,5,Individual,47036210,9,11950.9
CAR01741,Toyota,Innova,2021,Petrol,Manual,66650,1,2393,18,182,7,Individual,200377420,4,13330
CAR01742,Volkswagen,Virtus,2021,Petrol,Manual,30112,2,1498,21.4,115,5,Dealer,143525240,4,6022.4
CAR01743,Toyota,Glanza,2020,Petrol,Automatic,31290,1,1197,16.6,73,5,Individual,84199260,5,5215
CAR01744,Maruti,Swift,2017,Petrol,Manual,121818,2,1197,19.8,51,5,Individual,42181900,8,13535.33
CAR01745,Tata,Safari,2020,Petrol,Manual,59621,1,1956,20.8,140,5,Dealer,211818650,5,9936.83
CAR01746,Skoda,Octavia,2015,Diesel,Manual,112722,1,1984,20.1,161,5,Individual,116541440,10,10247.45
CAR01747,Skoda,Rapid,2019,Petrol,Manual,98960,1,1498,23.9,71,5,Dealer,76614460,6,14137.14
CAR01748,Honda,City,2015,Petrol,Manual,83245,1,1498,19.4,96,5,Individual,66027660,10,7567.73
CAR01749,Renault,Duster,2014,Diesel,Manual,43980,1,1498,19.6,79,5,Dealer,64294290,11,3665
CAR01750,Volkswagen,Taigun,2015,CNG,Manual,194503,1,1498,20.5,135,5,Individual,71824370,10,17682.09
CAR01751,Skoda,Slavia,2015,Petrol,Automatic,177268,1,1498,17.4,107,5,Individual,71896760,10,16115.27
CAR01752,Renault,Duster,2019,Petrol,Manual,107531,1,1498,15.8,64,5,Individual,71498900,6,15361.57
CAR01753,Kia,Sonet,2020,Diesel,Automatic,50742,1,1197,16,76,5,Dealer,124572930,5,8457
CAR01754,Honda,City,2021,Diesel,Manual,69588,1,1498,16.6,89,5,Dealer,110428570,4,13917.6
CAR01755,Kia,Sonet,2019,CNG,Automatic,46607,1,1197,20.6,71,5,Individual,125131720,6,6658.14
CAR01756,Honda,WR-V,2016,Petrol,Automatic,108909,1,1498,19.9,66,5,Dealer,53878110,9,10890.9
CAR01757,Honda,Jazz,2014,Diesel,Manual,125874,1,1199,20.3,61,5,Individual,40139210,11,10489.5
CAR01758,Kia,Sonet,2022,CNG,Manual,47898,1,1197,21.5,78,5,Dealer,130768640,3,11974.5
CAR01759,Mahindra,XUV700,2025,Petrol,Manual,16869,2,1997,23.9,157,5,Dealer,350554180,0,16869
CAR01760,Mahindra,Bolero,2017,Petrol,Automatic,105140,1,1493,22.5,75,5,Individual,69065000,8,11682.22
CAR01761,Honda,City,2016,Electric,Manual,179928,1,1498,19.8,87,7,Individual,59722510,9,17992.8
CAR01762,Toyota,Fortuner,2017,Petrol,Manual,110363,1,2755,19.6,269,7,Dealer,242387940,8,12262.56
CAR01763,Maruti,Swift,2016,Diesel,Manual,39139,1,1197,15.7,46,5,Dealer,49587340,9,3913.9
CAR01764,Kia,Carens,2016,CNG,Manual,55158,1,1497,21.8,80,5,Dealer,121711720,9,5515.8
CAR01765,Mahindra,Scorpio,2019,Petrol,Automatic,134184,1,2179,13.4,109,5,Individual,136204160,6,19169.14
CAR01766,Skoda,Octavia,2023,Diesel,Manual,37280,2,1984,18.5,185,5,Dealer,351690570,2,12426.67
CAR01767,Mahindra,Thar,2022,Petrol,Automatic,56915,3,1997,19.4,101,5,Individual,151545520,3,14228.75
CAR01768,Toyota,Glanza,2025,CNG,Automatic,15213,1,1197,19.6,62,5,Dealer,143084820,0,15213
CAR01769,Maruti,Dzire,2018,CNG,Manual,136354,1,1197,17.8,52,5,Dealer,53519580,7,17044.25
CAR01770,Hyundai,Creta,2019,CNG,Manual,31186,1,1497,18.9,99,7,Dealer,140687400,6,4455.14
CAR01771,Honda,Jazz,2018,Petrol,Automatic,136264,1,1199,14.7,63,5,Dealer,74318500,7,17033
CAR01772,Honda,Jazz,2014,Diesel,Automatic,190969,1,1199,20.5,69,5,Dealer,32205950,11,15914.08
CAR01773,Honda,WR-V,2018,CNG,Automatic,83128,2,1498,24.6,66,7,Individual,76370500,7,10391
CAR01774,Honda,Jazz,2017,Diesel,Automatic,119155,1,1199,18.7,52,7,Dealer,57189050,8,13239.44
CAR01775,Volkswagen,Virtus,2019,Diesel,Manual,79968,1,1498,22.4,109,5,Individual,134905890,6,11424
CAR01776,Hyundai,i10,2015,Petrol,Automatic,62883,1,1197,15.8,45,5,Individual,37920390,10,5716.64
CAR01777,Honda,Jazz,2022,CNG,Automatic,70280,1,1199,20.7,45,5,Individual,103535560,3,17570
CAR01778,Hyundai,Venue,2024,Petrol,Manual,34513,1,1197,22.9,67,5,Individual,145340500,1,17256.5
CAR01779,Honda,City,2025,Petrol,Manual,22872,1,1498,17,81,5,Individual,187694920,0,22872
CAR01780,Kia,Seltos,2015,CNG,Manual,152041,1,1497,24.2,92,5,Individual,56968270,10,13821.91
CAR01781,Maruti,Celerio,2015,CNG,Manual,115907,1,998,18.8,46,7,Individual,34531550,10,10537
CAR01782,Honda,City,2025,Electric,Manual,29955,1,1498,22.4,74,5,Individual,137420350,0,29955
CAR01783,Maruti,Wagon R,2024,Petrol,Automatic,29479,2,1197,14.9,47,5,Individual,86118830,1,14739.5
CAR01784,Skoda,Slavia,2021,Petrol,Automatic,79590,1,1498,17.7,106,5,Dealer,184434330,4,15918
CAR01785,Volkswagen,Polo,2017,Petrol,Manual,98696,1,999,18.2,45,5,Individual,56691250,8,10966.22
CAR01786,Tata,Safari,2020,Petrol,Manual,97286,2,1956,19.8,153,7,Dealer,141548290,5,16214.33
CAR01787,Hyundai,Grand i10,2020,CNG,Manual,62745,1,1197,19.3,50,5,Dealer,68246670,5,10457.5
CAR01788,Maruti,Swift,2024,Diesel,Manual,21988,1,1197,18.8,49,5,Dealer,99322690,1,10994
CAR01789,Toyota,Innova,2020,Petrol,Manual,106426,1,2393,21.1,107,5,Individual,163044700,5,17737.67
CAR01790,Volkswagen,Taigun,2014,Petrol,Manual,67228,1,1498,13.9,117,7,Individual,86091470,11,5602.33
CAR01791,Mahindra,Bolero,2022,Petrol,Automatic,59394,1,1493,10.1,64,5,Individual,119022840,3,14848.5
CAR01792,Renault,Triber,2023,CNG,Manual,35261,2,999,19,57,5,Individual,122932470,2,11753.67
CAR01793,Honda,WR-V,2017,Diesel,Manual,116299,1,1498,21.1,62,5,Dealer,62762320,8,12922.11
CAR01794,Tata,Nexon,2015,Petrol,Automatic,146708,1,1199,17.7,63,5,Individual,57914660,10,13337.09
CAR01795,Toyota,Glanza,2015,Petrol,Manual,130678,1,1197,14.6,60,7,Dealer,48020410,10,11879.82
CAR01796,Tata,Nexon,2024,Petrol,Automatic,21190,1,1199,17.7,79,5,Individual,199542940,1,10595
CAR01797,Skoda,Rapid,2019,Petrol,Manual,88714,1,1498,16.4,64,5,Dealer,81906530,6,12673.43
CAR01798,Hyundai,Verna,2020,CNG,Manual,78706,1,1497,16.3,75,7,Individual,94003640,5,13117.67
CAR01799,Toyota,Fortuner,2025,Diesel,Manual,24046,1,2755,18.3,222,5,Dealer,545363460,0,24046
CAR01800,Mahindra,Thar,2014,Petrol,Manual,190801,2,1997,19.7,133,5,Dealer,54771870,11,15900.08
CAR01801,Maruti,Ertiga,2016,Diesel,Automatic,142174,1,1462,18.5,79,5,Individual,64696710,9,14217.4
CAR01802,Toyota,Innova,2023,Petrol,Manual,36858,2,2393,13,123,7,Individual,219749820,2,12286
CAR01803,Toyota,Glanza,2020,Petrol,Manual,19123,2,1197,22.7,63,7,Individual,88913540,5,3187.17
CAR01804,Tata,Safari,2014,Diesel,Manual,120989,2,1956,16.3,147,5,Individual,88849130,11,10082.42
CAR01805,Hyundai,Venue,2022,Petrol,Automatic,63672,3,1197,18.6,79,5,Individual,110841630,3,15918
CAR01806,Maruti,Dzire,2015,Petrol,Manual,118083,1,1197,20,52,5,Dealer,39982650,10,10734.82
CAR01807,Maruti,Dzire,2023,CNG,Manual,46839,1,1197,22.3,48,5,Dealer,103633600,2,15613
CAR01808,Toyota,Urban Cruiser,2023,CNG,Automatic,31285,1,1462,20.3,61,5,Individual,162203190,2,10428.33
CAR01809,Maruti,Swift,2023,Petrol,Manual,31650,1,1197,12.1,46,7,Individual,102959290,2,10550
CAR01810,Skoda,Octavia,2019,Diesel,Manual,123023,1,1984,22.8,138,5,Individual,236112430,6,17574.71
CAR01811,Tata,Tiago,2017,Petrol,Manual,134993,1,1199,14,47,5,Dealer,40221860,8,14999.22
CAR01812,Kia,Carens,2024,Diesel,Manual,23204,2,1497,22.2,83,5,Individual,200939250,1,11602
CAR01813,Kia,Sonet,2020,Petrol,Automatic,41719,2,1197,20.8,70,5,Individual,86013950,5,6953.17
CAR01814,Toyota,Glanza,2021,Diesel,Manual,69301,1,1197,15.6,65,5,Individual,75301940,4,13860.2
CAR01815,Renault,Duster,2015,Petrol,Automatic,178303,1,1498,13.8,68,5,Dealer,43422980,10,16209.36
CAR01816,Hyundai,Creta,2021,CNG,Manual,40264,1,1497,19.8,97,5,Individual,165933270,4,8052.8
CAR01817,Tata,Safari,2020,CNG,Manual,67668,1,1956,23.8,148,7,Dealer,188193860,5,11278
CAR01818,Tata,Harrier,2017,Petrol,Automatic,175859,1,1956,15.7,134,5,Individual,103192800,8,19539.89
CAR01819,Hyundai,Verna,2023,Diesel,Manual,45768,1,1497,19.6,87,5,Dealer,140325450,2,15256
CAR01820,Tata,Nexon,2015,Petrol,Manual,226993,1,1199,16,83,5,Individual,39611770,10,20635.73
CAR01821,Honda,WR-V,2022,Diesel,Manual,41672,1,1498,18.85,70,5,Dealer,130581490,3,10418
CAR01822,Volkswagen,Taigun,2025,Petrol,Automatic,26313,1,1498,15.6,79,5,Dealer,271115750,0,26313
CAR01823,Honda,WR-V,2020,Petrol,Automatic,62134,1,1498,15.3,69,5,Individual,102253440,5,10355.67
CAR01824,Renault,Kwid,2015,Diesel,Manual,79823,1,999,16.2,47,5,Individual,29820690,10,7256.64
CAR01825,Volkswagen,Taigun,2020,Petrol,Manual,40310,3,1498,14.3,114,5,Dealer,119386120,5,6718.33
CAR01826,Skoda,Slavia,2020,Diesel,Manual,81689,1,1498,22.5,118,7,Individual,143659570,5,13614.83
CAR01827,Hyundai,Grand i10,2020,Diesel,Manual,77655,2,1197,18.2,45,5,Dealer,60246340,5,12942.5
CAR01828,Skoda,Rapid,2017,Petrol,Manual,77550,1,1498,14.6,62,5,Dealer,68445030,8,8616.67
CAR01829,Kia,Sonet,2021,Petrol,Automatic,48097,1,1197,12.5,79,5,Individual,135147190,4,9619.4
CAR01830,Skoda,Kushaq,2017,Diesel,Manual,163883,3,1498,18.5,111,5,Individual,67339610,8,18209.22
CAR01831,Honda,Jazz,2020,Diesel,Manual,91448,2,1199,16.8,66,7,Individual,68834150,5,15241.33
CAR01832,Skoda,Rapid,2021,Petrol,Manual,56281,1,1498,14.5,54,7,Individual,93200320,4,11256.2
CAR01833,Mahindra,Scorpio,2021,Petrol,Manual,83615,2,2179,15.2,113,5,Individual,172425190,4,16723
CAR01834,Maruti,Brezza,2023,Diesel,Manual,13512,1,1462,19.7,58,5,Dealer,146445730,2,4504
CAR01835,Toyota,Innova,2024,Diesel,Manual,37464,2,2393,15.8,145,5,Individual,280383380,1,18732
CAR01836,Hyundai,Verna,2023,CNG,Manual,49365,1,1497,20.1,75,7,Dealer,139261830,2,16455
CAR01837,Skoda,Slavia,2023,Petrol,Manual,31553,2,1498,20.2,102,7,Individual,171847020,2,10517.67
CAR01838,Honda,City,2024,Diesel,Automatic,25537,2,1498,17.6,73,5,Individual,160797570,1,12768.5
CAR01839,Tata,Nexon,2016,Diesel,Manual,112662,2,1199,16.1,69,5,Individual,60813490,9,11266.2
CAR01840,Mahindra,Bolero,2017,Petrol,Manual,79139,2,1493,20.7,74,5,Individual,67001790,8,8793.22
CAR01841,Toyota,Fortuner,2020,Petrol,Manual,106769,1,2755,17.2,280,5,Individual,281633390,5,17794.83
CAR01842,Maruti,Celerio,2019,Petrol,Manual,101127,1,998,17,55,5,Dealer,56407580,6,14446.71
CAR01843,Renault,Duster,2022,CNG,Manual,53404,1,1498,22.6,84,5,Individual,135273540,3,13351
CAR01844,Renault,Duster,2014,Petrol,Manual,60268,2,1498,17.2,66,5,Individual,48111800,11,5022.33
CAR01845,Volkswagen,Vento,2015,Diesel,Manual,35747,1,1498,19.5,56,5,Dealer,55860950,10,3249.73
CAR01846,Kia,Sonet,2022,Diesel,Manual,78614,1,1197,18.35,82,5,Dealer,132292060,3,19653.5
CAR01847,Toyota,Innova,2023,Petrol,Manual,34306,2,2393,15,163,5,Individual,254100490,2,11435.33
CAR01848,Mahindra,Scorpio,2017,CNG,Automatic,120339,1,2179,26.6,133,5,Individual,116733720,8,13371
CAR01849,Mahindra,XUV700,2017,Diesel,Automatic,72878,2,1997,16.2,154,5,Individual,170563380,8,8097.56
CAR01850,Hyundai,i20,2020,Petrol,Automatic,74358,2,1197,17.7,58,5,Individual,81685560,5,12393
CAR01851,Maruti,Wagon R,2019,Diesel,Manual,70006,1,1197,24.5,45,5,Individual,53093600,6,10000.86
CAR01852,Tata,Harrier,2016,Petrol,Automatic,118805,1,1956,19.6,135,5,Individual,110374800,9,11880.5
CAR01853,Toyota,Glanza,2020,Petrol,Manual,75017,1,1197,18.4,62,5,Dealer,108192650,5,12502.83
CAR01854,Hyundai,i20,2023,Diesel,Manual,40552,1,1197,16.9,54,5,Dealer,123776260,2,13517.33
CAR01855,Hyundai,i10,2022,Diesel,Automatic,45654,3,1197,17.4,45,7,Individual,67656150,3,11413.5
CAR01856,Renault,Triber,2023,Petrol,Automatic,46381,1,999,16.6,59,5,Individual,118229020,2,15460.33
CAR01857,Honda,Jazz,2021,Electric,Manual,26712,1,1199,23.5,67,5,Dealer,105820310,4,5342.4
CAR01858,Mahindra,Bolero,2024,Diesel,Automatic,33023,1,1493,23.1,82,7,Individual,166788840,1,16511.5
CAR01859,Mahindra,Scorpio,2016,Diesel,Manual,119308,2,2179,19.7,120,5,Dealer,105213070,9,11930.8
CAR01860,Volkswagen,Virtus,2014,Petrol,Manual,164500,1,1498,15.8,80,5,Dealer,61706870,11,13708.33
CAR01861,Volkswagen,Taigun,2015,Petrol,Manual,175261,2,1498,17.2,123,7,Dealer,64627740,10,15932.82
CAR01862,Tata,Harrier,2025,Petrol,Manual,12224,3,1956,19.1,146,5,Dealer,259339550,0,12224
CAR01863,Renault,Kwid,2021,Diesel,Automatic,53834,1,999,20.3,45,5,Individual,58630010,4,10766.8
CAR01864,Honda,Jazz,2016,Petrol,Manual,59912,1,1199,16.8,56,5,Dealer,47154770,9,5991.2
CAR01865,Renault,Triber,2024,Diesel,Manual,28919,1,999,15.9,57,5,Dealer,138861310,1,14459.5
CAR01866,Toyota,Urban Cruiser,2017,Petrol,Automatic,72978,2,1462,20.7,82,7,Individual,69072410,8,8108.67
CAR01867,Hyundai,Venue,2021,Diesel,Automatic,60205,1,1197,18.5,79,5,Individual,145961610,4,12041
CAR01868,Volkswagen,Polo,2016,Diesel,Automatic,138725,2,999,20,53,5,Individual,40359420,9,13872.5
CAR01869,Maruti,Ertiga,2015,Diesel,Automatic,146648,2,1462,17.3,99,5,Individual,58074070,10,13331.64
CAR01870,Volkswagen,Polo,2017,Diesel,Automatic,57025,1,999,17.2,45,5,Individual,70056990,8,6336.11
CAR01871,Maruti,Baleno,2016,CNG,Manual,155413,1,1197,22.5,52,5,Dealer,40420600,9,15541.3
CAR01872,Tata,Harrier,2020,Petrol,Manual,76568,3,1956,13.7,117,5,Individual,132742170,5,12761.33
CAR01873,Kia,Carens,2014,Diesel,Automatic,189275,2,1497,15.8,106,5,Individual,54425500,11,15772.92
CAR01874,Skoda,Kushaq,2016,Electric,Manual,162023,1,1498,27,120,7,Dealer,84606430,9,16202.3
CAR01875,Toyota,Fortuner,2020,Diesel,Manual,105069,1,2755,21.8,271,5,Individual,365742400,5,17511.5
CAR01876,Hyundai,Creta,2018,Petrol,Manual,65060,1,1497,18.8,100,5,Individual,96196810,7,8132.5
CAR01877,Tata,Altroz,2021,Electric,Manual,80518,1,1199,19.3,49,5,Individual,85211200,4,16103.6
CAR01878,Renault,Kwid,2021,Petrol,Manual,32663,3,999,19.05,45,5,Individual,50493640,4,6532.6
CAR01879,Volkswagen,Taigun,2025,Petrol,Automatic,16048,1,1498,17.3,90,5,Dealer,278785670,0,16048
CAR01880,Hyundai,Grand i10,2024,Petrol,Manual,32322,2,1197,16.2,45,5,Individual,106650610,1,16161
CAR01881,Honda,Amaze,2016,Petrol,Manual,155812,1,1199,17.2,55,5,Individual,36716550,9,15581.2
CAR01882,Tata,Punch,2022,Petrol,Manual,42533,2,1199,13.2,53,7,Dealer,83942000,3,10633.25
CAR01883,Hyundai,Verna,2021,Petrol,Automatic,74366,1,1497,11.3,69,5,Dealer,128306430,4,14873.2
CAR01884,Renault,Kwid,2021,CNG,Manual,55757,2,999,21.9,45,5,Individual,56830140,4,11151.4
CAR01885,Kia,Seltos,2023,Petrol,Manual,32237,1,1497,18,116,5,Individual,183292810,2,10745.67
CAR01886,Hyundai,i20,2015,Petrol,Manual,123446,2,1197,18.3,62,7,Dealer,40785020,10,11222.36
CAR01887,Kia,Carens,2018,CNG,Manual,31570,1,1497,23.3,81,5,Individual,129746440,7,3946.25
CAR01888,Toyota,Fortuner,2023,Diesel,Manual,26781,1,2755,20.8,254,5,Individual,419145320,2,8927
CAR01889,Maruti,Swift,2024,Petrol,Manual,51520,1,1197,22,45,5,Individual,104640790,1,25760
CAR01890,Toyota,Urban Cruiser,2014,Petrol,Manual,141896,1,1462,21,77,5,Individual,43614120,11,11824.67
CAR01891,Hyundai,i20,2019,Diesel,Automatic,93546,1,1197,19.5,65,5,Individual,88434360,6,13363.71
CAR01892,Tata,Altroz,2017,CNG,Manual,108639,1,1199,21.5,45,5,Dealer,57771780,8,12071
CAR01893,Renault,Kwid,2016,Diesel,Manual,109795,1,999,20,45,7,Dealer,32330970,9,10979.5
CAR01894,Volkswagen,Taigun,2014,Petrol,Automatic,149158,1,1498,12.9,113,5,Individual,66530970,11,12429.83
CAR01895,Hyundai,Verna,2020,Diesel,Automatic,62007,1,1497,22.1,76,5,Dealer,95251370,5,10334.5
CAR01896,Renault,Triber,2022,Diesel,Manual,18127,1,999,21.1,51,7,Dealer,112179420,3,4531.75
CAR01897,Mahindra,XUV700,2020,Diesel,Manual,100447,1,1997,14.3,167,5,Dealer,193253750,5,16741.17
CAR01898,Renault,Kwid,2018,CNG,Manual,142839,1,999,25.6,45,5,Dealer,36084420,7,17854.88
CAR01899,Volkswagen,Virtus,2023,Diesel,Manual,22317,2,1498,18,108,5,Dealer,199743010,2,7439
CAR01900,Honda,WR-V,2021,Diesel,Automatic,58067,1,1498,18.9,62,5,Individual,124423970,4,11613.4
CAR01901,Mahindra,XUV500,2024,Diesel,Manual,41981,1,2179,18.9,103,5,Individual,200036560,1,20990.5
CAR01902,Mahindra,Thar,2018,Diesel,Manual,85957,2,1997,18.8,109,5,Individual,101365760,7,10744.62
CAR01903,Volkswagen,Virtus,2016,Diesel,Automatic,136717,2,1498,26.5,112,5,Dealer,69315990,9,13671.7
CAR01904,Tata,Harrier,2019,Petrol,Automatic,185642,1,1956,16.7,148,7,Dealer,115006620,6,26520.29
CAR01905,Honda,Jazz,2020,Diesel,Automatic,81872,1,1199,18.3,65,5,Dealer,77559900,5,13645.33
CAR01906,Tata,Nexon,2019,Diesel,Automatic,91671,2,1199,19.4,84,5,Dealer,80570260,6,13095.86
CAR01907,Tata,Nexon,2023,Petrol,Manual,53774,2,1199,15,83,5,Dealer,134136200,2,17924.67
CAR01908,Hyundai,i20,2014,Petrol,Manual,184555,1,1197,18.4,49,5,Individual,37252730,11,15379.58
CAR01909,Maruti,Baleno,2020,Diesel,Manual,71463,1,1197,16.8,57,7,Individual,81564150,5,11910.5
CAR01910,Skoda,Octavia,2019,Diesel,Automatic,41790,2,1984,20.8,181,5,Dealer,208666740,6,5970
CAR01911,Maruti,Brezza,2016,Petrol,Manual,150882,2,1462,14.4,75,5,Individual,47313610,9,15088.2
CAR01912,Renault,Triber,2021,Petrol,Manual,63699,1,999,15.7,59,5,Dealer,96422910,4,12739.8
CAR01913,Maruti,Wagon R,2023,Petrol,Manual,41095,1,1197,14.5,46,5,Dealer,88414980,2,13698.33
CAR01914,Volkswagen,Virtus,2020,Electric,Automatic,97043,1,1498,20.9,92,5,Individual,163563400,5,16173.83
CAR01915,Honda,City,2015,CNG,Manual,193994,1,1498,15.6,101,7,Dealer,41665480,10,17635.82
CAR01916,Mahindra,Bolero,2014,Diesel,Manual,166885,1,1493,12,79,5,Individual,37890940,11,13907.08
CAR01917,Tata,Nexon,2019,Petrol,Automatic,82885,1,1199,16.5,68,5,Dealer,94935590,6,11840.71
CAR01918,Toyota,Innova,2022,Diesel,Automatic,19983,1,2393,14.7,164,5,Dealer,297952490,3,4995.75
CAR01919,Toyota,Innova,2017,Diesel,Manual,110519,1,2393,24.5,120,5,Individual,91657140,8,12279.89
CAR01920,Mahindra,Thar,2017,Electric,Manual,41906,2,1997,21.4,112,5,Dealer,114579880,8,4656.22
CAR01921,Honda,Amaze,2024,Petrol,Automatic,14158,2,1199,19.6,57,5,Individual,103791300,1,7079
CAR01922,Mahindra,Scorpio,2014,Petrol,Manual,163042,2,2179,18.7,119,5,Individual,67344550,11,13586.83
CAR01923,Renault,Duster,2014,Diesel,Manual,195562,2,1498,16.1,69,5,Individual,40130090,11,16296.83
CAR01924,Toyota,Urban Cruiser,2015,Petrol,Automatic,51687,3,1462,16.2,74,5,Dealer,67865720,10,4698.82
CAR01925,Honda,Amaze,2025,Diesel,Manual,17049,1,1199,21.5,48,5,Dealer,125037290,0,17049
CAR01926,Hyundai,i20,2019,Diesel,Manual,84462,1,1197,21.3,65,5,Individual,70633070,6,12066
CAR01927,Honda,Amaze,2015,Petrol,Manual,109512,2,1199,20.1,56,5,Dealer,36934100,10,9955.64
CAR01928,Hyundai,Creta,2017,Petrol,Manual,76604,1,1497,15.5,122,5,Dealer,113801260,8,8511.56
CAR01929,Hyundai,Verna,2025,Diesel,Manual,33077,1,1497,21.1,92,5,Dealer,147211050,0,33077
CAR01930,Skoda,Octavia,2022,CNG,Automatic,27766,3,1984,19.2,159,5,Individual,280596370,3,6941.5
CAR01931,Maruti,Swift,2016,Petrol,Manual,50578,1,1197,20.5,48,5,Individual,43787780,9,5057.8
CAR01932,Toyota,Urban Cruiser,2016,Petrol,Automatic,67781,2,1462,20.4,67,5,Individual,60098900,9,6778.1
CAR01933,Renault,Kwid,2014,Diesel,Automatic,157675,1,999,15.2,45,5,Dealer,29440690,11,13139.58
CAR01934,Skoda,Slavia,2023,Petrol,Automatic,33520,1,1498,18.3,117,7,Individual,186173970,2,11173.33
CAR01935,Hyundai,Venue,2015,Diesel,Manual,88302,2,1197,16,73,5,Individual,47804570,10,8027.45
CAR01936,Hyundai,Creta,2017,Diesel,Automatic,115392,2,1497,21.8,100,5,Dealer,105609220,8,12821.33
CAR01937,Honda,Amaze,2018,Petrol,Manual,112464,1,1199,14.1,60,5,Individual,54532280,7,14058
CAR01938,Mahindra,XUV700,2021,Diesel,Automatic,11871,1,1997,20.3,116,5,Dealer,287738470,4,2374.2
CAR01939,Skoda,Octavia,2021,Petrol,Manual,69309,1,1984,19.7,166,5,Dealer,251408380,4,13861.8
CAR01940,Tata,Safari,2023,Petrol,Automatic,53059,1,1956,17.9,165,5,Individual,280608530,2,17686.33
CAR01941,Hyundai,Verna,2017,Diesel,Manual,97436,1,1497,21.9,91,5,Individual,68812490,8,10826.22
CAR01942,Tata,Altroz,2018,CNG,Manual,75697,1,1199,21.9,69,7,Individual,60052160,7,9462.12
CAR01943,Renault,Duster,2018,Diesel,Manual,141674,1,1498,24,59,5,Individual,54146960,7,17709.25
CAR01944,Maruti,Dzire,2014,Petrol,Manual,111891,1,1197,14.2,45,5,Individual,35514990,11,9324.25
CAR01945,Honda,WR-V,2022,Diesel,Manual,50722,1,1498,18.85,62,5,Individual,106167630,3,12680.5
CAR01946,Hyundai,Grand i10,2020,Petrol,Manual,70403,1,1197,19,46,5,Individual,57920930,5,11733.83
CAR01947,Hyundai,Venue,2019,Diesel,Automatic,84059,1,1197,18.4,67,7,Individual,99121480,6,12008.43
CAR01948,Skoda,Kushaq,2025,Diesel,Automatic,12047,1,1498,15.7,82,5,Dealer,277126400,0,12047
CAR01949,Maruti,Wagon R,2016,Petrol,Manual,122302,3,1197,13.3,47,5,Individual,28397590,9,12230.2
CAR01950,Honda,Jazz,2025,Petrol,Automatic,29346,3,1199,12.8,65,5,Dealer,160561590,0,29346
CAR01951,Skoda,Slavia,2022,CNG,Automatic,76415,2,1498,19.6,97,5,Dealer,181660140,3,19103.75
CAR01952,Kia,Sonet,2016,Petrol,Automatic,115011,1,1197,18.3,80,5,Dealer,63076390,9,11501.1
CAR01953,Maruti,Ertiga,2022,Diesel,Manual,49712,2,1462,20.7,86,5,Dealer,113227270,3,12428
CAR01954,Toyota,Urban Cruiser,2023,Diesel,Manual,33347,1,1462,19.3,51,5,Individual,141237070,2,11115.67
CAR01955,Skoda,Kushaq,2018,Diesel,Automatic,126720,1,1498,22.1,114,5,Individual,115310240,7,15840
CAR01956,Toyota,Urban Cruiser,2018,Petrol,Manual,50718,2,1462,14.1,73,5,Individual,74901230,7,6339.75
CAR01957,Mahindra,XUV500,2024,Petrol,Manual,48758,1,2179,15.3,66,5,Individual,201312410,1,24379
CAR01958,Mahindra,Bolero,2015,Petrol,Manual,126999,2,1493,18.1,83,5,Dealer,47404240,10,11545.36
CAR01959,Kia,Seltos,2014,Diesel,Manual,73168,1,1497,19.9,99,5,Individual,70494180,11,6097.33
CAR01960,Hyundai,Grand i10,2021,Electric,Manual,64461,1,1197,26.6,45,5,Individual,59193550,4,12892.2
CAR01961,Renault,Kwid,2024,CNG,Manual,14977,1,999,20.1,45,5,Dealer,91403490,1,7488.5
CAR01962,Skoda,Kushaq,2020,Petrol,Manual,57239,2,1498,19.8,107,7,Dealer,141929810,5,9539.83
CAR01963,Hyundai,Venue,2015,Petrol,Manual,75069,1,1197,17.1,79,7,Dealer,71618030,10,6824.45
CAR01964,Renault,Triber,2020,Petrol,Manual,73610,1,999,18.6,45,7,Individual,79149060,5,12268.33
CAR01965,Renault,Kwid,2017,Electric,Automatic,37134,1,999,23.7,45,5,Individual,41850160,8,4126
CAR01966,Volkswagen,Virtus,2023,Petrol,Manual,28668,3,1498,17.4,92,5,Individual,203732250,2,9556
CAR01967,Honda,WR-V,2021,Petrol,Manual,37971,1,1498,14.6,65,5,Dealer,113490800,4,7594.2
CAR01968,Toyota,Glanza,2018,Diesel,Manual,81226,3,1197,20.1,47,7,Dealer,58213340,7,10153.25
CAR01969,Renault,Duster,2021,Diesel,Manual,49206,1,1498,21.2,60,7,Dealer,111965290,4,9841.2
CAR01970,Hyundai,Verna,2022,Petrol,Automatic,53050,1,1497,17.8,92,5,Individual,141575080,3,13262.5
CAR01971,Renault,Kwid,2022,Diesel,Manual,57585,1,999,11,45,5,Dealer,60624060,3,14396.25
CAR01972,Skoda,Slavia,2018,Petrol,Manual,110405,2,1498,17,118,5,Individual,95422560,7,13800.62
CAR01973,Kia,Seltos,2020,Petrol,Manual,100781,1,1497,19.5,117,5,Individual,117040000,5,16796.83
CAR01974,Honda,Jazz,2014,Petrol,Manual,130142,1,1199,14.6,45,5,Dealer,40614400,11,10845.17
CAR01975,Mahindra,XUV700,2018,Petrol,Manual,101997,1,1997,20.7,153,5,Individual,172424430,7,12749.62
CAR01976,Maruti,Ertiga,2018,Electric,Automatic,112725,2,1462,20.7,79,5,Individual,83052610,7,14090.62
CAR01977,Skoda,Octavia,2020,Diesel,Manual,104564,1,1984,18.3,166,5,Individual,222322420,5,17427.33
CAR01978,Honda,City,2025,Diesel,Automatic,14220,1,1498,19.9,61,5,Individual,175620800,0,14220
CAR01979,Maruti,Brezza,2025,Petrol,Manual,29782,1,1462,14.7,78,7,Individual,157827110,0,29782
CAR01980,Volkswagen,Vento,2019,Diesel,Manual,68639,1,1498,22,72,5,Dealer,68437620,6,9805.57
CAR01981,Kia,Seltos,2021,Electric,Automatic,55499,2,1497,26.3,90,5,Individual,165841690,4,11099.8
CAR01982,Kia,Sonet,2015,Petrol,Manual,111240,1,1197,14.2,81,5,Dealer,55677030,10,10112.73
CAR01983,Maruti,Celerio,2019,Electric,Automatic,94975,3,998,21.9,46,5,Dealer,49202020,6,13567.86
CAR01984,Volkswagen,Polo,2022,Diesel,Manual,35896,2,999,25,61,7,Dealer,88412700,3,8974
CAR01985,Kia,Carens,2022,Diesel,Manual,36921,1,1497,22.6,93,5,Dealer,214701710,3,9230.25
CAR01986,Volkswagen,Virtus,2025,Petrol,Manual,16501,2,1498,12.7,108,5,Dealer,250301440,0,16501
CAR01987,Renault,Duster,2019,Diesel,Manual,79556,1,1498,22.8,72,5,Individual,81457370,6,11365.14
CAR01988,Tata,Harrier,2024,Petrol,Automatic,24814,1,1956,8,122,5,Dealer,311009860,1,12407
CAR01989,Tata,Altroz,2025,Electric,Manual,19862,1,1199,24.3,45,5,Individual,146497980,0,19862
CAR01990,Skoda,Rapid,2020,CNG,Manual,68041,2,1498,18.4,64,5,Individual,77340260,5,11340.17
CAR01991,Mahindra,Scorpio,2015,Petrol,Automatic,144708,1,2179,18.9,130,5,Individual,102030380,10,13155.27
CAR01992,Toyota,Urban Cruiser,2018,CNG,Automatic,101485,2,1462,21.7,65,5,Individual,84037950,7,12685.62
CAR01993,Tata,Punch,2023,CNG,Automatic,62023,1,1199,21.4,64,5,Dealer,121611780,2,20674.33
CAR01994,Kia,Carens,2020,Diesel,Automatic,71074,1,1497,21.1,108,5,Dealer,143956730,5,11845.67
CAR01995,Volkswagen,Taigun,2025,Petrol,Manual,8379,3,1498,16,111,7,Dealer,241861070,0,8379
CAR01996,Maruti,Ertiga,2023,Petrol,Manual,39020,1,1462,15.7,73,5,Individual,138078130,2,13006.67
CAR01997,Mahindra,XUV700,2014,Petrol,Automatic,152528,1,1997,20.3,120,5,Individual,112165740,11,12710.67
CAR01998,Skoda,Kushaq,2024,Petrol,Manual,28237,2,1498,17.5,82,5,Individual,244107440,1,14118.5
CAR01999,Tata,Altroz,2018,Electric,Manual,143249,1,1199,20.8,65,5,Individual,56717470,7,17906.12
CAR02000,Tata,Safari,2023,Petrol,Automatic,45062,2,1956,17,120,5,Individual,234126170,2,15020.67
CAR02001,Renault,Triber,2020,Diesel,Manual,62090,2,999,18.5,53,5,Dealer,74560940,5,10348.33
CAR02002,Maruti,Wagon R,2019,Diesel,Automatic,92707,1,1197,18.3,47,7,Dealer,52531200,6,13243.86
CAR02003,Honda,WR-V,2014,Diesel,Manual,88787,1,1498,20.6,48,5,Individual,43470860,11,7398.92
CAR02004,Toyota,Glanza,2015,Petrol,Automatic,163661,3,1197,14.9,47,5,Individual,33672750,10,14878.27
CAR02005,Volkswagen,Vento,2021,Diesel,Manual,88339,2,1498,23.9,73,7,Individual,88259370,4,17667.8
CAR02006,Hyundai,i20,2020,Diesel,Manual,79288,1,1197,20,64,5,Dealer,89433760,5,13214.67
CAR02007,Toyota,Glanza,2020,Diesel,Automatic,89279,1,1197,13.8,45,5,Individual,91554160,5,14879.83
CAR02008,Hyundai,Grand i10,2015,Petrol,Manual,112379,1,1197,18.3,45,5,Individual,33357350,10,10216.27
CAR02009,Volkswagen,Virtus,2020,Diesel,Manual,53075,1,1498,16.5,107,5,Dealer,146860120,5,8845.83
CAR02010,Kia,Carens,2014,Petrol,Automatic,109767,1,1497,17.4,90,5,Individual,66444900,11,9147.25
CAR02011,Toyota,Innova,2015,Diesel,Automatic,112002,1,2393,18.8,114,7,Individual,115107130,10,10182
CAR02012,Honda,Jazz,2019,Petrol,Automatic,33928,1,1199,19.5,47,5,Individual,81004220,6,4846.86
CAR02013,Hyundai,Verna,2021,Petrol,Manual,46931,1,1497,19.5,85,5,Individual,116679570,4,9386.2
CAR02014,Skoda,Kushaq,2021,Diesel,Manual,44625,2,1498,20,119,7,Dealer,149567810,4,8925
CAR02015,Kia,Sonet,2025,Petrol,Manual,24229,1,1197,23.2,81,5,Individual,166121940,0,24229
CAR02016,Honda,WR-V,2024,CNG,Manual,34942,1,1498,18.8,77,5,Dealer,157194410,1,17471
CAR02017,Toyota,Glanza,2018,CNG,Manual,115804,1,1197,25.1,69,7,Individual,57229520,7,14475.5
CAR02018,Volkswagen,Taigun,2023,Petrol,Manual,47587,1,1498,21.7,85,5,Individual,227088950,2,15862.33
CAR02019,Volkswagen,Vento,2015,Petrol,Manual,145017,3,1498,18.5,75,5,Individual,33949390,10,13183.36
CAR02020,Toyota,Fortuner,2024,Petrol,Manual,31140,1,2755,18.9,249,5,Dealer,613635590,1,15570
CAR02021,Honda,Jazz,2018,CNG,Manual,85883,1,1199,23.9,74,5,Individual,59535170,7,10735.38
CAR02022,Kia,Carens,2023,Diesel,Manual,56929,3,1497,18.4,151,7,Dealer,171662530,2,18976.33
CAR02023,Kia,Sonet,2025,Petrol,Manual,5108,1,1197,16,72,5,Dealer,200358420,0,5108
CAR02024,Mahindra,Thar,2022,Petrol,Automatic,40373,1,1997,16.1,108,7,Individual,230842400,3,10093.25
CAR02025,Maruti,Swift,2025,Petrol,Automatic,23123,2,1197,18.4,47,5,Individual,130944200,0,23123
CAR02026,Toyota,Urban Cruiser,2014,Diesel,Manual,188650,2,1462,17.9,74,5,Dealer,40941010,11,15720.83
CAR02027,Kia,Seltos,2016,Petrol,Automatic,133111,1,1497,15.3,101,7,Dealer,81845540,9,13311.1
CAR02028,Skoda,Octavia,2021,Petrol,Automatic,83888,1,1984,14.4,234,7,Individual,314609600,4,16777.6
CAR02029,Mahindra,Scorpio,2020,Diesel,Manual,48138,1,2179,16.3,128,7,Dealer,195391440,5,8023
CAR02030,Honda,WR-V,2015,Petrol,Manual,105325,1,1498,15.6,63,5,Individual,35102500,10,9575
CAR02031,Mahindra,Bolero,2022,Diesel,Manual,20271,1,1493,17.4,74,5,Dealer,139521560,3,5067.75
CAR02032,Hyundai,Verna,2014,Diesel,Manual,150742,2,1497,19.6,69,5,Individual,41092820,11,12561.83
CAR02033,Maruti,Celerio,2025,Electric,Manual,24025,1,998,20.2,45,5,Individual,105647220,0,24025
CAR02034,Kia,Sonet,2015,Petrol,Manual,155368,2,1197,19,72,7,Individual,46991370,10,14124.36
CAR02035,Skoda,Octavia,2019,CNG,Automatic,84428,2,1984,26.9,228,7,Dealer,220351740,6,12061.14
CAR02036,Renault,Kwid,2023,Petrol,Manual,19686,2,999,21.2,45,5,Individual,67025540,2,6562
CAR02037,Mahindra,XUV500,2020,CNG,Manual,41984,2,2179,17.8,92,5,Dealer,156370000,5,6997.33
CAR02038,Maruti,Dzire,2022,Petrol,Automatic,41079,1,1197,16.6,55,7,Individual,85507220,3,10269.75
CAR02039,Skoda,Octavia,2022,Diesel,Automatic,58855,1,1984,15.5,232,5,Individual,270646260,3,14713.75
CAR02040,Toyota,Urban Cruiser,2025,Petrol,Automatic,13816,1,1462,18.1,75,5,Individual,173575260,0,13816
CAR02041,Tata,Harrier,2019,Electric,Automatic,90030,1,1956,23.3,112,5,Dealer,169771840,6,12861.43
CAR02042,Renault,Duster,2025,Electric,Automatic,17927,1,1498,23,71,5,Individual,190591470,0,17927
CAR02043,Volkswagen,Taigun,2020,Petrol,Manual,56664,2,1498,14.4,114,7,Dealer,128941410,5,9444
CAR02044,Volkswagen,Virtus,2024,Diesel,Automatic,15184,1,1498,17.4,111,5,Dealer,246812470,1,7592
CAR02045,Tata,Safari,2022,Diesel,Manual,51861,1,1956,22.2,166,5,Dealer,245522180,3,12965.25
CAR02046,Skoda,Rapid,2015,Petrol,Manual,103872,2,1498,18.7,64,5,Dealer,41216130,10,9442.91
CAR02047,Toyota,Glanza,2021,Diesel,Manual,17651,1,1197,16.7,45,5,Dealer,111252600,4,3530.2
CAR02048,Mahindra,XUV700,2024,Diesel,Manual,25239,1,1997,15.4,163,7,Individual,387443250,1,12619.5
CAR02049,Volkswagen,Virtus,2015,Diesel,Manual,115199,1,1498,19.1,110,5,Individual,75368630,10,10472.64
CAR02050,Kia,Sonet,2024,Petrol,Manual,15069,1,1197,17.1,77,5,Individual,169268340,1,7534.5
CAR02051,Hyundai,i10,2015,CNG,Manual,112202,2,1197,17.1,45,7,Dealer,27844690,10,10200.18
CAR02052,Honda,Amaze,2024,Petrol,Manual,28722,1,1199,16.6,70,5,Individual,137336940,1,14361
CAR02053,Honda,Jazz,2023,Diesel,Manual,53077,1,1199,17.8,59,5,Individual,131439910,2,17692.33
CAR02054,Skoda,Rapid,2015,Petrol,Automatic,123570,1,1498,15.7,55,5,Individual,46758050,10,11233.64
CAR02055,Volkswagen,Virtus,2022,Petrol,Manual,56879,1,1498,16.2,102,5,Dealer,182516470,3,14219.75
CAR02056,Honda,City,2015,Petrol,Manual,125234,1,1498,18.3,94,5,Individual,62012200,10,11384.91
CAR02057,Volkswagen,Vento,2020,Petrol,Manual,79805,1,1498,17.8,78,7,Dealer,92898980,5,13300.83
CAR02058,Volkswagen,Virtus,2025,Diesel,Automatic,24514,2,1498,23.1,114,5,Individual,230101590,0,24514
CAR02059,Honda,WR-V,2016,Diesel,Manual,110408,2,1498,19.9,74,5,Individual,41369840,9,11040.8
CAR02060,Toyota,Fortuner,2016,Diesel,Manual,76463,1,2755,21.7,204,7,Dealer,214555790,9,7646.3
CAR02061,Renault,Duster,2019,Diesel,Manual,60118,1,1498,15.3,55,5,Individual,89814710,6,8588.29
CAR02062,Mahindra,XUV500,2018,Petrol,Automatic,119598,2,2179,18,93,5,Individual,90947870,7,14949.75
CAR02063,Hyundai,i10,2014,Petrol,Automatic,100555,1,1197,16.4,45,5,Dealer,26816030,11,8379.58
CAR02064,Volkswagen,Polo,2019,Diesel,Automatic,142876,1,999,21.5,63,5,Individual,55905600,6,20410.86
CAR02065,Mahindra,XUV500,2017,Diesel,Automatic,185885,1,2179,20.1,87,5,Individual,87666950,8,20653.89
CAR02066,Mahindra,Scorpio,2015,Diesel,Manual,116626,1,2179,24,110,5,Dealer,84595790,10,10602.36
CAR02067,Volkswagen,Polo,2017,Petrol,Manual,52257,3,999,14.7,64,7,Individual,49169150,8,5806.33
CAR02068,Skoda,Rapid,2014,Diesel,Manual,161273,1,1498,17.2,65,5,Dealer,35697200,11,13439.42
CAR02069,Honda,Jazz,2024,Petrol,Manual,40315,3,1199,18.5,45,5,Dealer,134448180,1,20157.5
CAR02070,Toyota,Glanza,2025,Diesel,Automatic,18442,2,1197,18.4,51,5,Individual,124040170,0,18442
CAR02071,Hyundai,Creta,2018,Petrol,Automatic,153335,3,1497,14.7,104,5,Individual,72782730,7,19166.88
CAR02072,Kia,Carens,2024,Diesel,Manual,14407,2,1497,20.4,89,5,Individual,219707070,1,7203.5
CAR02073,Toyota,Glanza,2019,Petrol,Manual,45192,2,1197,16,52,5,Individual,72759360,6,6456
CAR02074,Honda,City,2024,Diesel,Manual,28540,1,1498,20.7,71,5,Individual,193246150,1,14270
CAR02075,Kia,Carens,2016,Petrol,Manual,149016,2,1497,12.4,117,5,Dealer,81274020,9,14901.6
CAR02076,Toyota,Glanza,2017,Diesel,Manual,108852,1,1197,18.4,59,5,Dealer,51801410,8,12094.67
CAR02077,Toyota,Urban Cruiser,2022,Petrol,Manual,57853,2,1462,18,89,5,Dealer,122233460,3,14463.25
CAR02078,Toyota,Innova,2016,Diesel,Manual,166279,1,2393,19.8,132,5,Dealer,97727640,9,16627.9
CAR02079,Tata,Punch,2023,Petrol,Manual,66183,1,1199,19.6,58,5,Individual,101540370,2,22061
CAR02080,Hyundai,Creta,2019,Petrol,Manual,72522,1,1497,16.8,102,5,Individual,129951450,6,10360.29
CAR02081,Renault,Duster,2018,Diesel,Automatic,70354,1,1498,20.6,64,5,Individual,85319120,7,8794.25
CAR02082,Maruti,Celerio,2019,Petrol,Manual,106296,1,998,17.3,45,7,Individual,57898320,6,15185.14
CAR02083,Honda,Jazz,2023,Petrol,Manual,54456,1,1199,19.7,57,5,Dealer,119525960,2,18152
CAR02084,Kia,Sonet,2014,CNG,Manual,159013,1,1197,16.4,66,5,Dealer,48388250,11,13251.08
CAR02085,Hyundai,Grand i10,2023,Diesel,Automatic,39806,1,1197,11.5,45,5,Dealer,71054490,2,13268.67
CAR02086,Kia,Carens,2023,CNG,Manual,47278,1,1497,24.8,97,5,Individual,198753680,2,15759.33
CAR02087,Volkswagen,Vento,2023,Petrol,Automatic,24231,1,1498,15.8,70,5,Individual,148548650,2,8077
CAR02088,Kia,Seltos,2025,Diesel,Manual,14054,1,1497,14.2,94,5,Individual,253137760,0,14054
CAR02089,Honda,City,2023,Diesel,Manual,47365,1,1498,18.8,64,5,Individual,174443560,2,15788.33
CAR02090,Maruti,Wagon R,2020,Petrol,Manual,80106,1,1197,15.9,45,5,Individual,57873430,5,13351
CAR02091,Renault,Duster,2019,Diesel,Automatic,102784,1,1498,20.4,59,5,Dealer,76578170,6,14683.43
CAR02092,Honda,Amaze,2018,Petrol,Automatic,64148,3,1199,19,70,7,Individual,61719220,7,8018.5
CAR02093,Renault,Duster,2023,CNG,Automatic,39496,1,1498,19.7,70,5,Dealer,163076620,2,13165.33
CAR02094,Hyundai,Venue,2018,Diesel,Automatic,101673,1,1197,22.1,80,5,Dealer,78409010,7,12709.12
CAR02095,Hyundai,i10,2020,Petrol,Manual,54357,1,1197,13.9,45,5,Individual,51192270,5,9059.5
CAR02096,Volkswagen,Virtus,2015,Petrol,Manual,73989,2,1498,10.4,130,5,Dealer,90174000,10,6726.27
CAR02097,Skoda,Rapid,2017,Petrol,Manual,180774,1,1498,17.9,53,5,Dealer,46790160,8,20086
CAR02098,Renault,Kwid,2017,Petrol,Manual,97362,1,999,16.7,45,5,Dealer,41390170,8,10818
CAR02099,Volkswagen,Polo,2019,Diesel,Manual,74170,1,999,13.6,64,5,Individual,68405320,6,10595.71
CAR02100,Tata,Safari,2020,Diesel,Automatic,50009,1,1956,21.1,131,5,Dealer,172344630,5,8334.83
CAR02101,Skoda,Kushaq,2022,Diesel,Automatic,66643,1,1498,14.2,95,5,Individual,185510490,3,16660.75
CAR02102,Kia,Carens,2019,Petrol,Automatic,115194,3,1497,17.2,97,7,Individual,100820840,6,16456.29
CAR02103,Hyundai,Grand i10,2015,Diesel,Manual,164351,3,1197,21.6,57,5,Individual,26162620,10,14941
CAR02104,Hyundai,Grand i10,2020,Petrol,Automatic,74704,1,1197,18.3,57,5,Individual,67475080,5,12450.67
CAR02105,Renault,Kwid,2014,Petrol,Automatic,170383,1,999,18.1,45,5,Individual,20982650,11,14198.58
CAR02106,Tata,Altroz,2024,CNG,Automatic,28095,1,1199,19.6,61,5,Dealer,147458430,1,14047.5
CAR02107,Volkswagen,Polo,2023,Petrol,Manual,38150,3,999,18,62,5,Individual,98059380,2,12716.67
CAR02108,Hyundai,Grand i10,2016,Diesel,Manual,116659,2,1197,20.8,48,5,Individual,35521260,9,11665.9
CAR02109,Tata,Punch,2017,Electric,Automatic,113637,1,1199,20.6,61,5,Dealer,65264620,8,12626.33
CAR02110,Tata,Punch,2014,Petrol,Automatic,74392,1,1199,14.1,56,5,Individual,43000610,11,6199.33
CAR02111,Tata,Nexon,2018,CNG,Manual,158711,1,1199,23.4,71,5,Individual,64307590,7,19838.88
CAR02112,Kia,Carens,2014,Diesel,Manual,205927,2,1497,24.9,112,5,Individual,37086860,11,17160.58
CAR02113,Skoda,Octavia,2025,Diesel,Manual,16366,1,1984,23.8,178,5,Individual,478222780,0,16366
CAR02114,Skoda,Kushaq,2015,Petrol,Manual,151402,1,1498,9.6,125,5,Individual,69489840,10,13763.82
CAR02115,Volkswagen,Taigun,2021,Petrol,Automatic,35883,1,1498,21.3,102,5,Dealer,186747200,4,7176.6
CAR02116,Tata,Safari,2020,Petrol,Manual,76211,1,1956,15.6,123,7,Dealer,189150510,5,12701.83
CAR02117,Skoda,Slavia,2016,Petrol,Manual,35711,2,1498,22.9,85,5,Individual,102213540,9,3571.1
CAR02118,Mahindra,Thar,2023,Petrol,Automatic,52020,1,1997,14.4,101,5,Individual,248544130,2,17340
CAR02119,Mahindra,Scorpio,2015,Diesel,Manual,108743,1,2179,15.9,103,5,Dealer,95164730,10,9885.73
CAR02120,Volkswagen,Taigun,2024,Diesel,Manual,34164,1,1498,19.1,120,5,Individual,233611270,1,17082
CAR02121,Volkswagen,Taigun,2022,Petrol,Manual,79002,1,1498,19.25,99,5,Individual,172388520,3,19750.5
CAR02122,Skoda,Slavia,2021,Diesel,Manual,92802,1,1498,18.2,95,5,Individual,113299090,4,18560.4
CAR02123,Mahindra,Thar,2024,CNG,Automatic,48741,2,1997,23.8,119,5,Dealer,225029160,1,24370.5
CAR02124,Kia,Sonet,2018,Diesel,Automatic,98003,1,1197,23,92,5,Dealer,88352850,7,12250.38
CAR02125,Volkswagen,Polo,2017,Diesel,Automatic,110491,1,999,16.5,53,5,Individual,61121290,8,12276.78
CAR02126,Tata,Safari,2015,Diesel,Manual,138497,1,1956,24.2,120,5,Individual,108676010,10,12590.64
CAR02127,Honda,WR-V,2025,Petrol,Automatic,7081,1,1498,13.8,63,7,Dealer,164043150,0,7081
CAR02128,Kia,Seltos,2018,Petrol,Manual,134990,2,1497,15.7,75,5,Individual,92376860,7,16873.75
CAR02129,Maruti,Wagon R,2023,CNG,Automatic,45505,1,1197,28.6,45,5,Individual,94648120,2,15168.33
CAR02130,Honda,WR-V,2017,Diesel,Manual,142448,2,1498,20.4,71,5,Dealer,54833050,8,15827.56
CAR02131,Volkswagen,Vento,2025,Diesel,Manual,13493,2,1498,17.3,63,5,Individual,122053530,0,13493
CAR02132,Skoda,Octavia,2024,Electric,Manual,40288,3,1984,23.3,150,5,Individual,301836090,1,20144
CAR02133,Mahindra,Thar,2017,Petrol,Automatic,141703,1,1997,19.6,147,7,Dealer,104057490,8,15744.78
CAR02134,Honda,WR-V,2019,Petrol,Automatic,87789,1,1498,18.5,56,5,Dealer,84605290,6,12541.29
CAR02135,Toyota,Innova,2023,Diesel,Manual,33626,2,2393,23.1,126,5,Individual,199011320,2,11208.67
CAR02136,Kia,Sonet,2016,Petrol,Manual,65919,2,1197,14.9,74,5,Individual,61691670,9,6591.9
CAR02137,Mahindra,Scorpio,2014,Diesel,Automatic,74958,1,2179,17.3,140,5,Individual,92115420,11,6246.5
CAR02138,Maruti,Ertiga,2017,Diesel,Manual,115985,2,1462,16.6,76,5,Individual,67331820,8,12887.22
CAR02139,Mahindra,XUV700,2021,Diesel,Manual,61782,1,1997,16.8,155,7,Individual,242363430,4,12356.4
CAR02140,Toyota,Fortuner,2015,Petrol,Automatic,123941,1,2755,17.6,264,5,Individual,199044570,10,11267.36
CAR02141,Volkswagen,Polo,2018,Diesel,Manual,136337,1,999,16.1,79,5,Individual,49344330,7,17042.12
CAR02142,Renault,Triber,2025,Petrol,Automatic,1149,1,999,18.4,55,7,Individual,163225390,0,1149
CAR02143,Skoda,Octavia,2014,CNG,Manual,134884,1,1984,22.9,164,5,Individual,109073680,11,11240.33
CAR02144,Kia,Seltos,2014,Petrol,Automatic,216521,1,1497,13.8,97,5,Individual,54062030,11,18043.42
CAR02145,Honda,City,2019,CNG,Manual,74403,1,1498,19.1,88,7,Dealer,95297730,6,10629
CAR02146,Toyota,Fortuner,2014,Petrol,Automatic,137049,1,2755,16,325,5,Dealer,158849500,11,11420.75
CAR02147,Hyundai,i10,2014,Petrol,Manual,144059,2,1197,16.8,45,5,Individual,24030630,11,12004.92
CAR02148,Skoda,Kushaq,2016,Petrol,Automatic,139968,1,1498,17,112,5,Dealer,95493050,9,13996.8
CAR02149,Renault,Kwid,2015,Petrol,Automatic,47551,1,999,20.2,45,7,Individual,38296590,10,4322.82
CAR02150,Renault,Kwid,2023,Petrol,Manual,39598,1,999,20.4,45,5,Dealer,88984220,2,13199.33
CAR02151,Honda,Jazz,2015,CNG,Manual,132226,1,1199,18.6,59,7,Individual,50128080,10,12020.55
CAR02152,Honda,Amaze,2020,Diesel,Manual,61413,1,1199,21.4,63,5,Dealer,89440220,5,10235.5
CAR02153,Renault,Kwid,2022,Petrol,Manual,58280,1,999,21.6,45,5,Dealer,61749050,3,14570
CAR02154,Mahindra,Bolero,2021,Diesel,Manual,73466,2,1493,22.9,62,5,Individual,108185810,4,14693.2
CAR02155,Volkswagen,Vento,2021,CNG,Manual,63393,1,1498,21.6,68,5,Dealer,104613430,4,12678.6
CAR02156,Toyota,Fortuner,2018,Diesel,Manual,157057,1,2755,19.1,196,5,Dealer,205772470,7,19632.12
CAR02157,Toyota,Glanza,2024,Petrol,Automatic,28346,1,1197,13.3,53,5,Dealer,134135820,1,14173
CAR02158,Kia,Carens,2014,Petrol,Manual,157748,1,1497,19,106,7,Individual,62927430,11,13145.67
CAR02159,Renault,Kwid,2015,CNG,Manual,151254,1,999,16.5,45,5,Individual,27310600,10,13750.36
CAR02160,Honda,City,2024,Petrol,Manual,26298,1,1498,20.9,78,5,Dealer,207510400,1,13149
CAR02161,Renault,Kwid,2014,Petrol,Manual,194232,1,999,16.7,46,5,Individual,21034900,11,16186
CAR02162,Tata,Tiago,2016,Diesel,Manual,138667,2,1199,19,45,5,Individual,33703340,9,13866.7
CAR02163,Toyota,Glanza,2016,Petrol,Automatic,88881,1,1197,15.6,54,5,Individual,54721330,9,8888.1
CAR02164,Skoda,Octavia,2014,CNG,Manual,167451,1,1984,16.8,188,7,Individual,100929330,11,13954.25
CAR02165,Skoda,Slavia,2015,Petrol,Manual,94712,1,1498,19.6,116,5,Dealer,72290630,10,8610.18
CAR02166,Skoda,Kushaq,2020,Diesel,Manual,67871,1,1498,20.8,106,5,Dealer,155172810,5,11311.83
CAR02167,Honda,Jazz,2021,Electric,Manual,54661,2,1199,25.3,58,5,Dealer,92088250,4,10932.2
CAR02168,Renault,Triber,2014,Electric,Automatic,169934,1,999,17.2,72,5,Dealer,44577040,11,14161.17
CAR02169,Skoda,Kushaq,2025,CNG,Manual,25749,2,1498,25,108,5,Dealer,243299940,0,25749
CAR02170,Skoda,Octavia,2015,CNG,Manual,114735,1,1984,20.6,151,5,Dealer,149715060,10,10430.45
CAR02171,Maruti,Celerio,2022,Petrol,Manual,40398,1,998,19.8,46,5,Individual,75470090,3,10099.5
CAR02172,Volkswagen,Virtus,2023,Electric,Manual,12259,1,1498,14.6,103,5,Dealer,261302440,2,4086.33
CAR02173,Skoda,Octavia,2020,CNG,Manual,67419,2,1984,22.2,165,5,Dealer,261707520,5,11236.5
CAR02174,Volkswagen,Vento,2019,Diesel,Manual,60658,1,1498,19.1,52,5,Dealer,95919600,6,8665.43
CAR02175,Tata,Nexon,2015,Petrol,Automatic,134981,2,1199,16.8,77,5,Dealer,56095790,10,12271
CAR02176,Volkswagen,Vento,2016,Petrol,Manual,122465,1,1498,17.2,71,5,Individual,51341800,9,12246.5
CAR02177,Hyundai,Verna,2024,Diesel,Manual,19925,1,1497,17.5,84,7,Individual,163837760,1,9962.5
CAR02178,Toyota,Urban Cruiser,2018,Diesel,Automatic,106536,1,1462,15.1,74,5,Dealer,74600840,7,13317
CAR02179,Kia,Sonet,2014,Petrol,Manual,135642,1,1197,13.7,74,5,Dealer,50193630,11,11303.5
CAR02180,Toyota,Fortuner,2022,Petrol,Manual,13946,1,2755,17.6,227,5,Individual,442590560,3,3486.5
CAR02181,Kia,Sonet,2022,Diesel,Automatic,62966,1,1197,23.2,83,5,Individual,135692300,3,15741.5
CAR02182,Tata,Tiago,2014,Petrol,Automatic,182004,2,1199,20.8,45,5,Individual,24978730,11,15167
CAR02183,Kia,Seltos,2014,Electric,Automatic,132937,1,1497,23.2,91,5,Individual,59744360,11,11078.08
CAR02184,Kia,Seltos,2015,Petrol,Automatic,147219,1,1497,16,88,5,Individual,77797210,10,13383.55
CAR02185,Kia,Seltos,2014,Petrol,Manual,134110,1,1497,23.7,97,7,Individual,62340520,11,11175.83
CAR02186,Tata,Tiago,2021,Petrol,Automatic,35240,1,1199,19.5,53,5,Individual,85573720,4,7048
CAR02187,Honda,Amaze,2015,CNG,Manual,199303,1,1199,22.8,47,5,Individual,27304710,10,18118.45
CAR02188,Tata,Nexon,2021,CNG,Manual,73221,1,1199,17,80,5,Dealer,107877820,4,14644.2
CAR02189,Toyota,Fortuner,2016,Petrol,Automatic,153014,1,2755,18.3,254,5,Individual,182266240,9,15301.4
CAR02190,Mahindra,XUV500,2025,Petrol,Automatic,18709,1,2179,13.8,86,5,Dealer,274844690,0,18709
CAR02191,Honda,Amaze,2022,Petrol,Automatic,56509,1,1199,23.7,55,5,Individual,100167810,3,14127.25
CAR02192,Toyota,Urban Cruiser,2018,Petrol,Manual,60392,2,1462,15,65,7,Individual,88291480,7,7549
CAR02193,Tata,Harrier,2019,Diesel,Automatic,78720,1,1956,17.5,128,5,Individual,178434510,6,11245.71
CAR02194,Tata,Safari,2014,Petrol,Manual,168060,1,1956,15.6,138,5,Individual,73100030,11,14005
CAR02195,Kia,Carens,2014,Diesel,Automatic,110604,2,1497,18.2,125,5,Individual,92604480,11,9217
CAR02196,Renault,Triber,2020,Petrol,Automatic,89988,1,999,19.5,54,5,Individual,80761780,5,14998
CAR02197,Tata,Punch,2014,Petrol,Manual,150963,1,1199,17.5,58,5,Individual,40103870,11,12580.25
CAR02198,Renault,Triber,2021,Petrol,Automatic,60621,1,999,17.6,57,5,Dealer,97830620,4,12124.2
CAR02199,Mahindra,XUV700,2018,Petrol,Manual,88501,1,1997,19.7,181,7,Individual,172208780,7,11062.62
CAR02200,Hyundai,Venue,2015,Petrol,Manual,143889,1,1197,12.9,69,5,Individual,54061270,10,13080.82
CAR02201,Honda,Jazz,2020,Petrol,Automatic,125259,1,1199,19.7,53,7,Dealer,65030350,5,20876.5
CAR02202,Maruti,Wagon R,2020,Petrol,Manual,89679,1,1197,17.9,45,7,Individual,62590180,5,14946.5
CAR02203,Maruti,Baleno,2022,Electric,Manual,50904,1,1197,20.4,50,5,Individual,87612990,3,12726
CAR02204,Honda,City,2016,Petrol,Manual,146636,1,1498,17.9,74,5,Individual,56879160,9,14663.6
CAR02205,Toyota,Innova,2020,Petrol,Manual,42563,1,2393,17.8,125,5,Dealer,196018250,5,7093.83
CAR02206,Volkswagen,Taigun,2024,Petrol,Manual,24014,1,1498,9.6,105,5,Individual,216802540,1,12007
CAR02207,Hyundai,i10,2017,Diesel,Manual,93631,1,1197,23.4,45,5,Dealer,35834000,8,10403.44
CAR02208,Renault,Kwid,2024,CNG,Manual,12156,2,999,24.6,45,5,Individual,71123650,1,6078
CAR02209,Tata,Altroz,2022,Diesel,Manual,65440,1,1199,15.4,60,5,Individual,104751750,3,16360
CAR02210,Hyundai,i10,2019,Diesel,Automatic,52411,2,1197,17,47,7,Dealer,51893560,6,7487.29
CAR02211,Kia,Carens,2024,Diesel,Manual,41604,1,1497,23.4,111,5,Dealer,226184360,1,20802
CAR02212,Volkswagen,Polo,2025,Petrol,Manual,14187,1,999,19.5,59,7,Dealer,158020150,0,14187
CAR02213,Kia,Sonet,2016,CNG,Automatic,186332,1,1197,22.2,92,5,Dealer,61973440,9,18633.2
CAR02214,Hyundai,i20,2025,Diesel,Manual,21483,1,1197,20.6,67,5,Individual,128741910,0,21483
CAR02215,Hyundai,Creta,2014,Petrol,Manual,224216,1,1497,18.6,95,5,Dealer,53674430,11,18684.67
CAR02216,Honda,City,2015,Petrol,Manual,118545,1,1498,14.3,72,5,Individual,58349570,10,10776.82
CAR02217,Toyota,Glanza,2014,Petrol,Manual,136541,2,1197,15.8,60,7,Individual,30012970,11,11378.42
CAR02218,Skoda,Rapid,2018,Petrol,Automatic,132528,2,1498,20.5,55,5,Individual,61182660,7,16566
CAR02219,Tata,Punch,2025,CNG,Manual,23031,3,1199,23,51,5,Individual,122772870,0,23031
CAR02220,Hyundai,Creta,2021,Petrol,Manual,63492,1,1497,18.4,84,5,Dealer,165566570,4,12698.4
CAR02221,Skoda,Kushaq,2021,Diesel,Automatic,84953,1,1498,17.4,95,5,Dealer,169146740,4,16990.6
CAR02222,Hyundai,Grand i10,2015,Electric,Manual,144250,2,1197,25.5,46,5,Dealer,30680440,10,13113.64
CAR02223,Maruti,Wagon R,2020,Petrol,Automatic,72559,1,1197,14.6,45,5,Individual,57622820,5,12093.17
CAR02224,Toyota,Fortuner,2018,Petrol,Manual,103349,1,2755,21.9,262,5,Individual,221956290,7,12918.62
CAR02225,Toyota,Glanza,2019,Diesel,Manual,111794,1,1197,17.1,51,7,Individual,69264880,6,15970.57
CAR02226,Kia,Sonet,2017,Diesel,Automatic,109469,1,1197,16.7,65,5,Individual,67862870,8,12163.22
CAR02227,Renault,Kwid,2016,Petrol,Manual,149574,1,999,17.6,45,5,Individual,29041500,9,14957.4
CAR02228,Skoda,Octavia,2025,Petrol,Manual,24909,1,1984,18.1,153,5,Individual,482826670,0,24909
CAR02229,Tata,Safari,2020,Diesel,Automatic,89430,1,1956,19.6,115,5,Dealer,196511110,5,14905
CAR02230,Skoda,Slavia,2018,CNG,Manual,124531,2,1498,17,84,5,Individual,99433080,7,15566.38
CAR02231,Kia,Sonet,2014,Petrol,Automatic,126031,1,1197,18.8,73,5,Dealer,53184800,11,10502.58
CAR02232,Maruti,Brezza,2023,Petrol,Manual,57362,1,1462,20.4,69,5,Individual,123859480,2,19120.67
CAR02233,Skoda,Kushaq,2019,Electric,Manual,77162,1,1498,22.3,103,5,Individual,105714480,6,11023.14
CAR02234,Hyundai,Venue,2018,Petrol,Automatic,52263,3,1197,12.9,85,5,Dealer,82342010,7,6532.88
CAR02235,Mahindra,XUV700,2022,Petrol,Manual,43751,1,1997,16.9,160,7,Individual,261618600,3,10937.75
CAR02236,Volkswagen,Polo,2015,Diesel,Manual,99864,1,999,15.9,56,5,Individual,39207450,10,9078.55
CAR02237,Tata,Safari,2020,Petrol,Automatic,84943,1,1956,11.7,164,5,Dealer,161015880,5,14157.17
CAR02238,Tata,Punch,2024,Petrol,Manual,32583,3,1199,15.9,67,5,Individual,92016810,1,16291.5
CAR02239,Toyota,Fortuner,2019,Diesel,Manual,84729,1,2755,24.2,222,5,Individual,337622970,6,12104.14
CAR02240,Renault,Triber,2014,Diesel,Automatic,189149,1,999,19.1,66,5,Individual,33660970,11,15762.42
CAR02241,Tata,Harrier,2016,Petrol,Manual,170862,1,1956,16.7,155,7,Dealer,75725070,9,17086.2
CAR02242,Kia,Sonet,2014,Petrol,Manual,149409,2,1197,19.6,90,5,Individual,38654550,11,12450.75
CAR02243,Toyota,Innova,2020,Diesel,Automatic,106817,1,2393,21.1,158,5,Dealer,190385130,5,17802.83
CAR02244,Hyundai,Creta,2018,Diesel,Manual,89225,1,1497,14.9,103,5,Dealer,111906010,7,11153.12
CAR02245,Volkswagen,Taigun,2015,Diesel,Automatic,63773,1,1498,24.9,109,5,Individual,93582980,10,5797.55
CAR02246,Renault,Duster,2022,Diesel,Automatic,39753,1,1498,19.9,83,5,Individual,158495150,3,9938.25
CAR02247,Mahindra,XUV500,2016,Diesel,Manual,100336,1,2179,22,81,5,Dealer,103634360,9,10033.6
CAR02248,Hyundai,i10,2018,CNG,Manual,115717,1,1197,19.2,45,5,Individual,38944490,7,14464.62
CAR02249,Hyundai,Venue,2025,CNG,Automatic,12925,1,1197,15.1,75,5,Dealer,196447650,0,12925
CAR02250,Toyota,Glanza,2014,Petrol,Automatic,188108,2,1197,17.1,52,5,Dealer,33918230,11,15675.67
CAR02251,Mahindra,XUV700,2016,Electric,Manual,193412,1,1997,19.2,131,7,Dealer,86263420,9,19341.2
CAR02252,Mahindra,Scorpio,2017,CNG,Manual,72996,2,2179,24.5,98,7,Individual,128960600,8,8110.67
CAR02253,Tata,Tiago,2020,Petrol,Manual,118338,1,1199,13.2,49,5,Individual,54101930,5,19723
CAR02254,Mahindra,Bolero,2016,Petrol,Automatic,65799,2,1493,17.6,92,5,Dealer,62606710,9,6579.9
CAR02255,Tata,Punch,2025,Diesel,Automatic,14681,1,1199,18.2,56,7,Individual,148799830,0,14681
CAR02256,Kia,Carens,2014,Petrol,Automatic,137619,1,1497,18.8,93,5,Individual,74720540,11,11468.25
CAR02257,Volkswagen,Virtus,2025,Diesel,Manual,26096,1,1498,17.8,121,5,Individual,209639540,0,26096
CAR02258,Kia,Sonet,2020,Diesel,Automatic,82317,1,1197,14,75,5,Individual,93555810,5,13719.5
CAR02259,Maruti,Baleno,2014,Petrol,Manual,103494,1,1197,13,65,5,Dealer,38343710,11,8624.5
CAR02260,Skoda,Rapid,2015,Petrol,Manual,182826,1,1498,15.2,55,5,Dealer,42265500,10,16620.55
CAR02261,Maruti,Baleno,2015,CNG,Manual,98130,2,1197,16.8,61,5,Individual,47153060,10,8920.91
CAR02262,Skoda,Rapid,2017,Petrol,Manual,98452,1,1498,17.3,78,5,Individual,60879800,8,10939.11
CAR02263,Maruti,Ertiga,2017,Diesel,Manual,63806,1,1462,17,67,5,Individual,53808000,8,7089.56
CAR02264,Mahindra,Bolero,2021,Petrol,Manual,55703,2,1493,13.6,70,5,Individual,92865540,4,11140.6
CAR02265,Hyundai,Grand i10,2017,Petrol,Manual,79621,1,1197,13.2,45,5,Dealer,62629130,8,8846.78
CAR02266,Maruti,Brezza,2022,Diesel,Automatic,46555,2,1462,14.5,77,5,Dealer,127823260,3,11638.75
CAR02267,Kia,Carens,2017,Petrol,Manual,103089,1,1497,17.3,122,5,Individual,71341390,8,11454.33
CAR02268,Volkswagen,Vento,2017,Diesel,Manual,73720,1,1498,17.1,61,7,Dealer,85239700,8,8191.11
CAR02269,Hyundai,Venue,2017,Diesel,Manual,159187,2,1197,19.4,97,5,Individual,45868850,8,17687.44
CAR02270,Skoda,Slavia,2017,Petrol,Manual,103987,1,1498,17.3,106,5,Individual,101763620,8,11554.11
CAR02271,Honda,Amaze,2024,Petrol,Manual,26178,1,1199,16.9,52,5,Dealer,112347190,1,13089
CAR02272,Honda,City,2016,Diesel,Automatic,150534,1,1498,21.2,95,5,Individual,76685710,9,15053.4
CAR02273,Tata,Harrier,2017,Diesel,Manual,175288,1,1956,14.9,128,5,Individual,78966850,8,19476.44
CAR02274,Toyota,Urban Cruiser,2025,Diesel,Manual,22688,1,1462,21.3,70,5,Dealer,173830050,0,22688
CAR02275,Hyundai,i20,2021,Diesel,Automatic,59608,1,1197,20.5,59,7,Individual,113520060,4,11921.6
CAR02276,Toyota,Innova,2016,Petrol,Manual,87469,1,2393,16.9,178,7,Individual,115435640,9,8746.9
CAR02277,Tata,Punch,2024,Petrol,Automatic,18786,1,1199,15.1,52,5,Dealer,155326140,1,9393
CAR02278,Maruti,Ertiga,2016,Diesel,Manual,159622,1,1462,19.4,88,5,Individual,58482190,9,15962.2
CAR02279,Honda,Jazz,2015,Diesel,Automatic,139961,1,1199,20.6,53,5,Individual,44484890,10,12723.73
CAR02280,Kia,Sonet,2019,Diesel,Manual,84847,1,1197,18.35,68,5,Individual,76370310,6,12121
CAR02281,Volkswagen,Taigun,2022,Petrol,Manual,67969,2,1498,19.3,104,5,Dealer,152573990,3,16992.25
CAR02282,Honda,Amaze,2016,Petrol,Manual,50209,1,1199,22.7,59,7,Individual,51774810,9,5020.9
CAR02283,Honda,Jazz,2023,Diesel,Manual,39415,1,1199,19.1,47,7,Dealer,125795200,2,13138.33
CAR02284,Volkswagen,Polo,2015,Petrol,Automatic,161629,1,999,21.4,52,7,Individual,41415060,10,14693.55
CAR02285,Kia,Seltos,2023,Petrol,Manual,31143,1,1497,18.9,111,5,Dealer,203691210,2,10381
CAR02286,Renault,Triber,2015,Diesel,Manual,167567,1,999,20.1,67,5,Dealer,41110110,10,15233.36
CAR02287,Skoda,Slavia,2019,Petrol,Automatic,110143,1,1498,15.4,101,5,Dealer,108027350,6,15734.71
CAR02288,Renault,Kwid,2021,Petrol,Automatic,53370,2,999,16.5,45,5,Dealer,63731890,4,10674
CAR02289,Skoda,Kushaq,2017,Petrol,Manual,125044,2,1498,14.6,108,5,Individual,83826860,8,13893.78
CAR02290,Toyota,Innova,2021,CNG,Manual,60425,1,2393,23.8,155,5,Individual,221414220,4,12085
CAR02291,Honda,Jazz,2022,Petrol,Automatic,5589,1,1199,15.3,61,5,Individual,130424740,3,1397.25
CAR02292,Honda,WR-V,2021,Petrol,Automatic,61653,1,1498,22.8,79,5,Individual,96548500,4,12330.6
CAR02293,Tata,Punch,2018,Petrol,Automatic,66118,2,1199,18.8,57,7,Individual,66201510,7,8264.75
CAR02294,Volkswagen,Vento,2023,Petrol,Automatic,43376,1,1498,18.7,55,5,Dealer,161006190,2,14458.67
CAR02295,Volkswagen,Polo,2022,Petrol,Manual,61471,2,999,13.5,52,5,Individual,88944700,3,15367.75
CAR02296,Renault,Duster,2017,Diesel,Manual,95255,1,1498,21.3,70,5,Dealer,67732150,8,10583.89
CAR02297,Hyundai,Creta,2022,Petrol,Manual,38435,1,1497,16.8,89,5,Dealer,156657660,3,9608.75
CAR02298,Toyota,Innova,2025,Petrol,Manual,27855,1,2393,15.8,131,5,Individual,352116930,0,27855
CAR02299,Tata,Altroz,2023,Petrol,Automatic,64125,1,1199,15.5,67,5,Individual,99870270,2,21375
CAR02300,Renault,Triber,2022,Petrol,Manual,24415,1,999,13.8,53,5,Individual,105685220,3,6103.75
CAR02301,Tata,Tiago,2023,Petrol,Manual,40492,1,1199,17.5,45,7,Individual,82825750,2,13497.33
CAR02302,Hyundai,Creta,2023,Diesel,Manual,38915,1,1497,18.8,108,5,Individual,195733630,2,12971.67
CAR02303,Mahindra,Bolero,2017,Diesel,Manual,82021,1,1493,15.4,80,5,Individual,67306170,8,9113.44
CAR02304,Renault,Kwid,2022,Diesel,Manual,51565,1,999,20.8,45,7,Dealer,65638350,3,12891.25
CAR02305,Skoda,Octavia,2016,Petrol,Manual,92015,1,1984,23.9,191,5,Individual,137113310,9,9201.5
CAR02306,Maruti,Wagon R,2018,CNG,Automatic,106993,1,1197,16.7,45,7,Individual,44202930,7,13374.12
CAR02307,Honda,Jazz,2025,Diesel,Manual,24258,1,1199,19,54,5,Individual,146214880,0,24258
CAR02308,Hyundai,Creta,2017,Petrol,Manual,35607,1,1497,22.5,84,5,Individual,103620680,8,3956.33
CAR02309,Honda,WR-V,2024,Petrol,Manual,23591,1,1498,15.2,63,5,Individual,141139980,1,11795.5
CAR02310,Mahindra,XUV700,2019,Diesel,Manual,99206,1,1997,20.6,165,5,Dealer,182976080,6,14172.29
CAR02311,Tata,Safari,2016,Petrol,Automatic,102286,1,1956,18.7,145,5,Dealer,144950430,9,10228.6
CAR02312,Maruti,Swift,2015,Petrol,Manual,127486,3,1197,19.5,45,5,Individual,32220390,10,11589.64
CAR02313,Mahindra,Scorpio,2020,Diesel,Automatic,89933,1,2179,24.8,129,5,Dealer,156263030,5,14988.83
CAR02314,Maruti,Baleno,2019,Petrol,Manual,112828,1,1197,12.1,59,5,Dealer,67781170,6,16118.29
CAR02315,Tata,Safari,2020,Electric,Manual,104024,1,1956,23.1,157,5,Individual,193963400,5,17337.33
CAR02316,Maruti,Wagon R,2014,Petrol,Manual,152296,1,1197,16,45,5,Dealer,27802510,11,12691.33
CAR02317,Maruti,Brezza,2017,Petrol,Automatic,130482,1,1462,17.4,77,5,Dealer,50561470,8,14498
CAR02318,Toyota,Urban Cruiser,2014,Petrol,Automatic,196611,1,1462,17.6,74,5,Individual,41325760,11,16384.25
CAR02319,Renault,Duster,2017,Petrol,Manual,86298,2,1498,16.6,63,5,Individual,71561030,8,9588.67
CAR02320,Volkswagen,Polo,2025,CNG,Manual,9215,3,999,17.7,57,5,Dealer,119904820,0,9215
CAR02321,Maruti,Baleno,2015,Diesel,Manual,49930,2,1197,16.2,65,5,Individual,58948450,10,4539.09
CAR02322,Maruti,Baleno,2022,CNG,Manual,36669,1,1197,27.4,65,5,Individual,76938410,3,9167.25
CAR02323,Honda,WR-V,2014,Diesel,Manual,148960,1,1498,15.2,45,5,Dealer,42180190,11,12413.33
CAR02324,Kia,Carens,2020,Petrol,Automatic,83043,2,1497,21.2,113,5,Dealer,152421420,5,13840.5
CAR02325,Volkswagen,Vento,2025,Petrol,Manual,17493,1,1498,14.4,62,5,Dealer,171971280,0,17493
CAR02326,Renault,Triber,2018,Petrol,Automatic,83772,1,999,17.8,63,5,Individual,69561660,7,10471.5
CAR02327,Honda,City,2016,CNG,Automatic,103148,3,1498,26.9,66,5,Individual,56324360,9,10314.8
CAR02328,Hyundai,Verna,2020,Petrol,Manual,83640,1,1497,19.9,73,5,Dealer,97369110,5,13940
CAR02329,Maruti,Wagon R,2017,Petrol,Manual,31738,1,1197,13.2,45,5,Dealer,51079220,8,3526.44
CAR02330,Hyundai,Creta,2024,Petrol,Automatic,33434,2,1497,16.5,93,5,Dealer,173416040,1,16717
CAR02331,Maruti,Baleno,2024,Diesel,Manual,29327,1,1197,19.2,60,5,Individual,132028910,1,14663.5
CAR02332,Renault,Duster,2021,Petrol,Manual,64500,2,1498,20.6,74,5,Dealer,100145010,4,12900
CAR02333,Tata,Altroz,2021,Diesel,Automatic,55437,1,1199,19.4,76,5,Individual,103474760,4,11087.4
CAR02334,Renault,Kwid,2021,Diesel,Manual,39881,1,999,18.8,45,5,Individual,66206260,4,7976.2
CAR02335,Mahindra,XUV700,2022,CNG,Automatic,26451,2,1997,26.2,137,7,Dealer,398857690,3,6612.75
CAR02336,Mahindra,XUV500,2019,Petrol,Manual,115177,2,2179,22.2,115,5,Individual,111797710,6,16453.86
CAR02337,Toyota,Urban Cruiser,2025,Petrol,Manual,24471,2,1462,19.6,57,5,Dealer,150888690,0,24471
CAR02338,Renault,Duster,2018,Petrol,Manual,120227,1,1498,15.6,72,5,Individual,81834520,7,15028.38
CAR02339,Maruti,Swift,2014,CNG,Manual,94789,1,1197,13,52,5,Dealer,26277760,11,7899.08
CAR02340,Maruti,Brezza,2022,Electric,Manual,52751,1,1462,18.7,49,7,Individual,113006870,3,13187.75
CAR02341,Toyota,Urban Cruiser,2021,Diesel,Manual,48136,1,1462,14.7,63,5,Individual,116193740,4,9627.2
CAR02342,Honda,Amaze,2025,Petrol,Manual,14544,3,1199,17.3,46,5,Dealer,120015590,0,14544
CAR02343,Mahindra,Bolero,2018,Petrol,Manual,77417,3,1493,20.3,81,5,Dealer,73779850,7,9677.12
CAR02344,Volkswagen,Taigun,2019,Diesel,Manual,118786,1,1498,25.2,96,5,Dealer,114016910,6,16969.43
CAR02345,Mahindra,Thar,2020,Petrol,Manual,117113,3,1997,21.3,108,5,Individual,128323150,5,19518.83
CAR02346,Tata,Punch,2018,Diesel,Manual,105534,1,1199,17.2,47,5,Dealer,59125720,7,13191.75
CAR02347,Honda,City,2023,CNG,Manual,39091,2,1498,21.8,72,7,Individual,142553960,2,13030.33
CAR02348,Volkswagen,Vento,2019,Petrol,Manual,55692,1,1498,18.7,60,5,Individual,98720580,6,7956
CAR02349,Tata,Safari,2023,Petrol,Manual,24216,1,1956,12.8,136,5,Individual,305516390,2,8072
CAR02350,Mahindra,Thar,2019,Petrol,Manual,130017,1,1997,14.9,108,5,Individual,112971910,6,18573.86
CAR02351,Mahindra,Thar,2016,Petrol,Manual,62268,1,1997,16.2,133,5,Individual,109401050,9,6226.8
CAR02352,Volkswagen,Virtus,2025,Diesel,Automatic,20673,2,1498,25.7,114,5,Individual,304614270,0,20673
CAR02353,Volkswagen,Vento,2020,Petrol,Automatic,76701,1,1498,18.7,51,5,Individual,81289410,5,12783.5
CAR02354,Toyota,Fortuner,2022,Petrol,Manual,23854,2,2755,13.6,277,5,Dealer,383696830,3,5963.5
CAR02355,Honda,WR-V,2021,Petrol,Automatic,39528,1,1498,16.2,74,7,Individual,107415740,4,7905.6
CAR02356,Honda,Jazz,2018,Petrol,Manual,61610,1,1199,18.8,60,7,Dealer,71458620,7,7701.25
CAR02357,Toyota,Fortuner,2025,Diesel,Manual,25839,1,2755,18.5,276,5,Dealer,670130760,0,25839
CAR02358,Tata,Punch,2018,Diesel,Manual,103959,2,1199,18.2,69,5,Individual,51662710,7,12994.88
CAR02359,Kia,Carens,2025,Petrol,Manual,10395,2,1497,19.7,98,5,Dealer,229191300,0,10395
CAR02360,Tata,Nexon,2019,Petrol,Manual,68113,1,1199,21.7,65,5,Individual,81741610,6,9730.43
CAR02361,Kia,Seltos,2014,Petrol,Manual,121742,1,1497,21.1,105,5,Individual,58087750,11,10145.17
CAR02362,Volkswagen,Taigun,2014,Petrol,Automatic,128256,1,1498,16.6,94,7,Dealer,70731680,11,10688
CAR02363,Skoda,Rapid,2025,Petrol,Manual,22515,2,1498,17,65,5,Individual,111226190,0,22515
CAR02364,Hyundai,Creta,2020,CNG,Manual,85488,3,1497,20.1,85,5,Individual,102716280,5,14248
CAR02365,Volkswagen,Virtus,2018,Petrol,Manual,102434,2,1498,20.7,118,5,Dealer,92329360,7,12804.25
CAR02366,Maruti,Wagon R,2023,Petrol,Manual,19809,1,1197,16.3,45,5,Dealer,86392050,2,6603
CAR02367,Honda,Jazz,2021,Petrol,Manual,65600,2,1199,11.7,58,5,Individual,96541660,4,13120
CAR02368,Hyundai,Venue,2021,Diesel,Manual,77792,1,1197,20.7,71,5,Individual,89006070,4,15558.4
CAR02369,Hyundai,i20,2022,Petrol,Manual,58879,2,1197,19.1,52,5,Dealer,112012790,3,14719.75
CAR02370,Hyundai,Creta,2016,CNG,Manual,146947,1,1497,19.8,112,5,Dealer,87008980,9,14694.7
CAR02371,Maruti,Ertiga,2015,Petrol,Manual,55235,1,1462,23.1,90,7,Dealer,75843060,10,5021.36
CAR02372,Renault,Kwid,2022,CNG,Automatic,36406,1,999,19.4,45,5,Dealer,78658100,3,9101.5
CAR02373,Maruti,Brezza,2014,Diesel,Automatic,136247,2,1462,23.6,63,5,Individual,49929910,11,11353.92
CAR02374,Honda,Amaze,2022,Petrol,Manual,19196,1,1199,13.5,56.5,5,Individual,108991410,3,4799
CAR02375,Kia,Sonet,2015,Petrol,Manual,112464,1,1197,18.3,69,5,Dealer,62844780,10,10224
CAR02376,Skoda,Octavia,2017,Petrol,Automatic,133620,2,1984,15.1,174,5,Dealer,155723810,8,14846.67
CAR02377,Renault,Duster,2022,CNG,Automatic,60866,3,1498,20.8,67,5,Individual,96807850,3,15216.5
CAR02378,Hyundai,Grand i10,2021,CNG,Manual,65314,1,1197,23.3,45,5,Dealer,78648220,4,13062.8
CAR02379,Skoda,Kushaq,2023,Petrol,Manual,51219,1,1498,15.8,120,5,Individual,246900060,2,17073
CAR02380,Kia,Sonet,2021,Petrol,Automatic,59091,1,1197,15.4,71,5,Individual,115937240,4,11818.2
CAR02381,Hyundai,Verna,2014,Petrol,Manual,119316,1,1497,16.8,96,5,Dealer,52925640,11,9943
CAR02382,Toyota,Innova,2024,Petrol,Automatic,25294,1,2393,28.8,142,5,Individual,333681040,1,12647
CAR02383,Skoda,Rapid,2016,Diesel,Manual,67898,1,1498,19.9,60,5,Individual,49410640,9,6789.8
CAR02384,Honda,Jazz,2015,Petrol,Manual,186977,1,1199,17.9,57,5,Individual,31503900,10,16997.91
CAR02385,Hyundai,Grand i10,2024,Petrol,Automatic,26367,1,1197,18.8,45,5,Individual,110234770,1,13183.5
CAR02386,Renault,Kwid,2016,CNG,Automatic,121417,1,999,15.9,45,5,Dealer,33944450,9,12141.7
CAR02387,Skoda,Octavia,2020,Diesel,Manual,82908,1,1984,22.1,180,5,Individual,226507170,5,13818
CAR02388,Skoda,Slavia,2019,Diesel,Automatic,51560,1,1498,21.4,90,7,Individual,144875000,6,7365.71
CAR02389,Skoda,Rapid,2023,Petrol,Automatic,55487,1,1498,12.1,55,7,Dealer,129091890,2,18495.67
CAR02390,Renault,Triber,2014,CNG,Manual,177867,1,999,28.2,65,5,Dealer,31099200,11,14822.25
CAR02391,Toyota,Urban Cruiser,2015,Diesel,Automatic,69676,1,1462,19.3,78,5,Dealer,71717400,10,6334.18
CAR02392,Hyundai,Venue,2018,Petrol,Manual,97971,2,1197,14.1,59,5,Dealer,75526520,7,12246.38
CAR02393,Kia,Seltos,2019,Petrol,Manual,86972,2,1497,18.4,105,5,Dealer,100793860,6,12424.57
CAR02394,Tata,Punch,2023,CNG,Automatic,26092,1,1199,18.3,66,5,Dealer,137932780,2,8697.33
CAR02395,Toyota,Glanza,2021,Diesel,Manual,29953,1,1197,14.5,61,5,Individual,90571100,4,5990.6
CAR02396,Kia,Seltos,2015,CNG,Automatic,88821,2,1497,20.2,77,5,Individual,83162430,10,8074.64
CAR02397,Skoda,Kushaq,2025,Diesel,Manual,22140,1,1498,18.6,87,5,Individual,252749590,0,22140
CAR02398,Tata,Nexon,2019,Diesel,Manual,73205,1,1199,14.6,77,5,Dealer,100400940,6,10457.86
CAR02399,Tata,Nexon,2025,Diesel,Manual,17328,1,1199,17,96,5,Dealer,199276940,0,17328
CAR02400,Volkswagen,Vento,2025,CNG,Manual,2583,1,1498,17.9,62,5,Dealer,173844870,0,2583
CAR02401,Maruti,Ertiga,2014,Petrol,Automatic,86852,1,1462,16.4,83,5,Dealer,64599620,11,7237.67
CAR02402,Mahindra,Bolero,2020,Petrol,Manual,89947,1,1493,19.4,67,5,Dealer,105103440,5,14991.17
CAR02403,Volkswagen,Polo,2019,Diesel,Manual,97051,3,999,19.7,68,5,Individual,55438200,6,13864.43
CAR02404,Mahindra,XUV700,2019,Petrol,Manual,105338,1,1997,18.9,155,5,Individual,171810540,6,15048.29
CAR02405,Honda,Amaze,2017,Diesel,Manual,53884,1,1199,13.8,47,5,Individual,56590550,8,5987.11
CAR02406,Renault,Duster,2020,Diesel,Manual,60459,3,1498,19.2,63,5,Individual,67907900,5,10076.5
CAR02407,Honda,WR-V,2019,Diesel,Manual,91915,1,1498,16,59,5,Dealer,79596130,6,13130.71
CAR02408,Volkswagen,Taigun,2016,Diesel,Manual,133683,1,1498,14.1,107,5,Individual,69963510,9,13368.3
CAR02409,Toyota,Glanza,2017,Petrol,Manual,84929,3,1197,20.1,54,5,Individual,46946150,8,9436.56
CAR02410,Maruti,Swift,2015,CNG,Manual,110853,1,1197,17,46,5,Dealer,34604890,10,10077.55
CAR02411,Mahindra,XUV500,2024,Petrol,Manual,19738,1,2179,17.8,123,5,Individual,201101510,1,9869
CAR02412,Maruti,Baleno,2022,Diesel,Manual,55875,1,1197,17.8,52,5,Individual,87717870,3,13968.75
CAR02413,Skoda,Slavia,2018,CNG,Manual,160830,1,1498,18.1,107,5,Individual,92979920,7,20103.75
CAR02414,Kia,Seltos,2018,Petrol,Manual,107719,2,1497,21.2,95,5,Individual,94183570,7,13464.88
CAR02415,Honda,City,2014,Petrol,Manual,148851,1,1498,15.7,80,5,Dealer,50901380,11,12404.25
CAR02416,Toyota,Glanza,2017,Petrol,Manual,65885,2,1197,15.9,65,5,Individual,63217180,8,7320.56
CAR02417,Kia,Carens,2025,Diesel,Automatic,19317,1,1497,17.1,75,5,Individual,360339750,0,19317
CAR02418,Tata,Altroz,2014,Petrol,Manual,137224,2,1199,18,61,5,Individual,36383290,11,11435.33
CAR02419,Tata,Safari,2015,Petrol,Automatic,178795,1,1956,17,133,5,Individual,98338680,10,16254.09
CAR02420,Toyota,Glanza,2024,CNG,Manual,29699,2,1197,18.9,61,5,Individual,123232480,1,14849.5
CAR02421,Tata,Tiago,2020,Petrol,Manual,72293,1,1199,14.7,45,5,Individual,64391190,5,12048.83
CAR02422,Volkswagen,Virtus,2014,Diesel,Automatic,103280,2,1498,19.2,102,5,Dealer,63658930,11,8606.67
CAR02423,Hyundai,Creta,2019,Diesel,Manual,43138,2,1497,17.3,102,5,Individual,86741460,6,6162.57
CAR02424,Renault,Triber,2022,Petrol,Manual,51298,1,999,22.7,55,5,Dealer,82767800,3,12824.5
CAR02425,Honda,WR-V,2018,Petrol,Manual,97946,1,1498,15.9,66,5,Dealer,66508550,7,12243.25
CAR02426,Mahindra,Bolero,2018,Electric,Manual,102958,1,1493,23.5,64,5,Individual,84458800,7,12869.75
CAR02427,Hyundai,Grand i10,2021,Diesel,Manual,51507,1,1197,19,54,7,Individual,71906070,4,10301.4
CAR02428,Honda,WR-V,2021,Petrol,Automatic,44807,1,1498,16.6,56,5,Dealer,112487600,4,8961.4
CAR02429,Volkswagen,Virtus,2024,Diesel,Manual,41899,1,1498,22,101,5,Individual,232836070,1,20949.5
CAR02430,Tata,Safari,2016,Petrol,Manual,75190,3,1956,19.2,146,5,Dealer,117712790,9,7519
CAR02431,Hyundai,i10,2017,Petrol,Manual,124915,3,1197,19.2,45,5,Individual,24824450,8,13879.44
CAR02432,Mahindra,Bolero,2015,Diesel,Manual,127762,1,1493,20.9,64,5,Individual,54369640,10,11614.73
CAR02433,Hyundai,Venue,2021,Petrol,Automatic,85657,1,1197,12.7,71,5,Dealer,126179000,4,17131.4
CAR02434,Honda,Jazz,2020,Petrol,Manual,56169,1,1199,18.8,66,5,Dealer,103759000,5,9361.5
CAR02435,Toyota,Fortuner,2018,CNG,Automatic,46031,2,2755,20.3,248,5,Individual,287574500,7,5753.88
CAR02436,Mahindra,Bolero,2022,Petrol,Manual,38055,3,1493,16,91,5,Dealer,135510470,3,9513.75
CAR02437,Kia,Carens,2018,Petrol,Manual,116836,1,1497,27.9,113,7,Individual,97829480,7,14604.5
CAR02438,Kia,Carens,2016,Petrol,Manual,26446,1,1497,13.1,99,5,Individual,131746570,9,2644.6
CAR02439,Renault,Duster,2020,Diesel,Automatic,84087,1,1498,19,46,5,Dealer,95284240,5,14014.5
CAR02440,Maruti,Dzire,2019,Diesel,Manual,74627,1,1197,18.8,45,5,Individual,67118260,6,10661
CAR02441,Honda,City,2018,CNG,Manual,57296,3,1498,20.8,78,5,Individual,81851050,7,7162
CAR02442,Maruti,Brezza,2019,Petrol,Automatic,80135,1,1462,14.5,56,5,Individual,102830660,6,11447.86
CAR02443,Maruti,Dzire,2024,Diesel,Manual,18422,1,1197,20,51,5,Dealer,137525040,1,9211
CAR02444,Tata,Harrier,2016,Diesel,Manual,63587,1,1956,15.9,130,5,Individual,104919710,9,6358.7
CAR02445,Mahindra,Thar,2017,Petrol,Automatic,41734,1,1997,18.4,108,7,Dealer,131270430,8,4637.11
CAR02446,Renault,Triber,2020,Petrol,Manual,93364,1,999,18,57,5,Dealer,94269830,5,15560.67
CAR02447,Volkswagen,Polo,2014,Diesel,Manual,123861,1,999,18.6,70,5,Dealer,38259350,11,10321.75
CAR02448,Kia,Sonet,2015,Petrol,Manual,120657,1,1197,17.3,74,5,Individual,57382850,10,10968.82
CAR02449,Volkswagen,Taigun,2020,Diesel,Automatic,92065,1,1498,24.1,103,5,Individual,127623570,5,15344.17
CAR02450,Hyundai,Verna,2020,Diesel,Manual,75029,2,1497,21,67,5,Dealer,96171920,5,12504.83
CAR02451,Renault,Triber,2021,Petrol,Automatic,41958,2,999,18,59,5,Individual,87847450,4,8391.6
CAR02452,Renault,Triber,2015,Electric,Automatic,158167,1,999,23.8,56,5,Individual,44994280,10,14378.82
CAR02453,Maruti,Ertiga,2024,Diesel,Manual,48671,1,1462,19.4,95,5,Individual,170616390,1,24335.5
CAR02454,Toyota,Urban Cruiser,2019,Petrol,Manual,108787,3,1462,19.2,79,5,Dealer,81197830,6,15541
CAR02455,Renault,Duster,2015,Diesel,Automatic,94658,2,1498,17.5,83,5,Dealer,50891500,10,8605.27
CAR02456,Toyota,Innova,2017,Petrol,Manual,58650,3,2393,24.1,144,5,Individual,132294150,8,6516.67
CAR02457,Renault,Duster,2016,Diesel,Manual,88888,1,1498,19.9,81,5,Individual,60983920,9,8888.8
CAR02458,Skoda,Slavia,2019,Petrol,Manual,90179,1,1498,26,91,5,Dealer,95087400,6,12882.71
CAR02459,Toyota,Innova,2019,Petrol,Automatic,111361,1,2393,24.2,144,5,Individual,171666140,6,15908.71
CAR02460,Maruti,Ertiga,2019,Petrol,Manual,57649,2,1462,16,68,5,Dealer,105881680,6,8235.57
CAR02461,Honda,Jazz,2019,Petrol,Manual,69081,1,1199,18.2,56,5,Individual,83907990,6,9868.71
CAR02462,Tata,Safari,2024,Petrol,Manual,39370,1,1956,18.6,141,7,Individual,294477770,1,19685
CAR02463,Toyota,Innova,2025,Petrol,Manual,22902,3,2393,20.3,123,7,Individual,316637090,0,22902
CAR02464,Mahindra,Bolero,2019,Electric,Automatic,124292,3,1493,22.9,60,5,Individual,75643370,6,17756
CAR02465,Toyota,Fortuner,2025,Petrol,Manual,10022,1,2755,21.1,276,5,Individual,562620020,0,10022
CAR02466,Hyundai,Grand i10,2023,Petrol,Automatic,53271,1,1197,12.2,45,5,Dealer,86347970,2,17757
CAR02467,Honda,Jazz,2023,Petrol,Automatic,38776,1,1199,15.7,72,7,Individual,122936840,2,12925.33
CAR02468,Kia,Sonet,2016,Diesel,Manual,148906,1,1197,18.7,66,5,Dealer,54263050,9,14890.6
CAR02469,Maruti,Celerio,2019,Petrol,Automatic,76851,1,998,15.5,49,5,Individual,59201340,6,10978.71
CAR02470,Tata,Punch,2018,Diesel,Automatic,88354,1,1199,14.1,64,5,Individual,64833510,7,11044.25
CAR02471,Renault,Triber,2015,Diesel,Automatic,152074,2,999,22,51,7,Individual,40031670,10,13824.91
CAR02472,Maruti,Celerio,2014,Petrol,Automatic,171770,2,998,14.2,48,7,Individual,22766370,11,14314.17
CAR02473,Toyota,Innova,2021,Electric,Manual,80047,2,2393,20.5,143,5,Individual,215456200,4,16009.4
CAR02474,Tata,Punch,2019,Petrol,Automatic,43625,2,1199,19.8,64,5,Dealer,66273140,6,6232.14
CAR02475,Hyundai,Venue,2023,Diesel,Manual,51213,1,1197,23,85,5,Individual,135953170,2,17071
CAR02476,Toyota,Glanza,2022,Petrol,Automatic,44481,1,1197,15.8,66,5,Individual,108536170,3,11120.25
CAR02477,Mahindra,Bolero,2015,Diesel,Manual,101868,1,1493,16.2,65,5,Individual,55290570,10,9260.73
CAR02478,Hyundai,Verna,2024,CNG,Manual,29034,1,1497,18.6,76,5,Dealer,158687430,1,14517
CAR02479,Maruti,Ertiga,2019,Petrol,Automatic,121583,1,1462,20.8,69,5,Individual,74319640,6,17369
CAR02480,Hyundai,Venue,2020,Petrol,Manual,80599,1,1197,21,68,5,Individual,97861210,5,13433.17
CAR02481,Kia,Sonet,2025,Petrol,Manual,23589,1,1197,18.5,78,5,Individual,173467910,0,23589
CAR02482,Renault,Kwid,2021,Petrol,Automatic,44626,1,999,18.2,45,5,Individual,67674580,4,8925.2
CAR02483,Hyundai,Venue,2014,Electric,Automatic,182182,1,1197,18.5,79,7,Individual,35497510,11,15181.83
CAR02484,Honda,City,2016,Diesel,Manual,136726,1,1498,20.7,83,5,Dealer,74156050,9,13672.6
CAR02485,Honda,City,2019,Diesel,Automatic,78494,1,1498,21.7,85,7,Dealer,106691080,6,11213.43
CAR02486,Honda,WR-V,2014,Electric,Automatic,201297,1,1498,23,63,5,Individual,24885630,11,16774.75
CAR02487,Tata,Tiago,2016,CNG,Automatic,95995,2,1199,21.6,53,5,Individual,39811840,9,9599.5
CAR02488,Maruti,Dzire,2023,Diesel,Manual,52556,1,1197,16.2,57,5,Individual,92971940,2,17518.67
CAR02489,Mahindra,XUV500,2015,Petrol,Manual,118570,1,2179,21,98,5,Dealer,65676540,10,10779.09
CAR02490,Honda,City,2016,Petrol,Automatic,101750,1,1498,13.4,92,7,Dealer,85225450,9,10175
CAR02491,Honda,City,2020,Petrol,Automatic,49334,1,1498,17.5,75,5,Individual,133877990,5,8222.33
CAR02492,Tata,Tiago,2015,Petrol,Manual,185588,1,1199,18.9,46,5,Dealer,28470930,10,16871.64
CAR02493,Skoda,Rapid,2017,Petrol,Manual,146006,1,1498,20.9,70,5,Individual,51216210,8,16222.89
CAR02494,Kia,Seltos,2025,Petrol,Manual,12441,1,1497,20.7,83,5,Individual,254466050,0,12441
CAR02495,Toyota,Urban Cruiser,2021,Petrol,Automatic,75764,2,1462,20.9,95,5,Dealer,93954240,4,15152.8
CAR02496,Tata,Safari,2025,Petrol,Automatic,21617,2,1956,16.6,129,5,Dealer,361945440,0,21617
CAR02497,Renault,Triber,2018,Petrol,Manual,83857,1,999,24.5,56,7,Individual,71265960,7,10482.12
CAR02498,Renault,Kwid,2021,Petrol,Manual,64219,2,999,20.8,45,5,Individual,59163720,4,12843.8
CAR02499,Maruti,Brezza,2016,Petrol,Manual,99784,1,1462,16.4,77,5,Dealer,54979160,9,9978.4
CAR02500,Skoda,Rapid,2018,Petrol,Automatic,35626,1,1498,16.6,70,5,Individual,83476120,7,4453.25
CAR02501,Kia,Carens,2016,Diesel,Manual,122675,2,1497,21.6,125,5,Individual,68602540,9,12267.5
CAR02502,Maruti,Swift,2023,Diesel,Manual,41226,3,1197,17.9,49,5,Individual,82306100,2,13742
CAR02503,Volkswagen,Taigun,2016,Petrol,Manual,100434,1,1498,13.7,109,5,Dealer,85062240,9,10043.4
CAR02504,Hyundai,Grand i10,2016,Petrol,Automatic,87936,1,1197,17.7,45,5,Individual,39109030,9,8793.6
CAR02505,Maruti,Ertiga,2019,Petrol,Manual,46821,1,1462,10.7,66,5,Individual,102820400,6,6688.71
CAR02506,Hyundai,Venue,2019,Petrol,Manual,79716,1,1197,18.6,73,7,Individual,80786860,6,11388
CAR02507,Toyota,Innova,2017,Petrol,Manual,80371,1,2393,19.4,146,7,Individual,126085710,8,8930.11
CAR02508,Kia,Carens,2018,Electric,Automatic,123370,1,1497,21.7,104,5,Dealer,116296150,7,15421.25
CAR02509,Toyota,Glanza,2017,Petrol,Manual,118247,2,1197,20.9,64,5,Individual,41568960,8,13138.56
CAR02510,Hyundai,Venue,2024,Petrol,Manual,12673,1,1197,20.1,73,5,Dealer,166265580,1,6336.5
CAR02511,Hyundai,Venue,2020,Diesel,Manual,77839,1,1197,16.2,71,5,Dealer,84764510,5,12973.17
CAR02512,Renault,Duster,2025,Petrol,Manual,19885,2,1498,17.6,92,5,Individual,137163660,0,19885
CAR02513,Skoda,Kushaq,2025,Petrol,Automatic,16361,1,1498,15.9,101,5,Dealer,322880300,0,16361
CAR02514,Volkswagen,Vento,2021,Petrol,Automatic,48772,1,1498,16.5,75,5,Individual,106786650,4,9754.4
CAR02515,Hyundai,Creta,2023,CNG,Manual,60892,1,1497,24.4,82,5,Individual,165573220,2,20297.33
CAR02516,Renault,Kwid,2015,Petrol,Automatic,147809,1,999,19.4,45,5,Individual,29924430,10,13437.18
CAR02517,Kia,Seltos,2025,Diesel,Manual,19341,1,1497,17.1,90,5,Individual,276990360,0,19341
CAR02518,Mahindra,Bolero,2019,Diesel,Automatic,98641,1,1493,20,92,5,Individual,91575250,6,14091.57
CAR02519,Hyundai,Creta,2022,Petrol,Manual,67681,1,1497,15.2,91,5,Individual,175674950,3,16920.25
CAR02520,Skoda,Rapid,2016,Diesel,Manual,130697,1,1498,17.8,63,7,Individual,45835980,9,13069.7
CAR02521,Toyota,Innova,2015,Petrol,Automatic,115181,2,2393,22.1,125,5,Dealer,108248700,10,10471
CAR02522,Maruti,Celerio,2024,Petrol,Automatic,37384,2,998,25.1,45,5,Individual,97280760,1,18692
CAR02523,Tata,Altroz,2019,Petrol,Automatic,64708,1,1199,22.8,59,5,Individual,81772390,6,9244
CAR02524,Toyota,Fortuner,2015,Electric,Manual,137110,1,2755,23.3,256,5,Dealer,191834450,10,12464.55
CAR02525,Maruti,Wagon R,2021,Petrol,Automatic,54839,2,1197,18.1,48,5,Individual,55154720,4,10967.8
CAR02526,Honda,City,2014,Petrol,Automatic,124659,1,1498,20.6,75,5,Dealer,53450230,11,10388.25
CAR02527,Toyota,Fortuner,2019,CNG,Manual,98320,1,2755,21.3,226,7,Dealer,273168130,6,14045.71
CAR02528,Skoda,Rapid,2022,Petrol,Manual,81236,1,1498,13.2,73,7,Dealer,92898030,3,20309
CAR02529,Maruti,Ertiga,2022,CNG,Manual,57148,1,1462,26.5,93,5,Individual,131612810,3,14287
CAR02530,Mahindra,XUV500,2019,Diesel,Manual,84933,1,2179,15.7,97,5,Dealer,121745920,6,12133.29
CAR02531,Skoda,Kushaq,2018,Diesel,Automatic,102086,1,1498,22.9,111,5,Dealer,120266580,7,12760.75
CAR02532,Renault,Triber,2024,Diesel,Manual,45102,1,999,21.6,72,5,Dealer,123678220,1,22551
CAR02533,Skoda,Octavia,2016,Diesel,Manual,129205,2,1984,24.9,235,5,Dealer,149071340,9,12920.5
CAR02534,Hyundai,Grand i10,2014,Petrol,Manual,149541,1,1197,20.1,48,5,Individual,27878890,11,12461.75
CAR02535,Renault,Kwid,2015,Electric,Automatic,144708,2,999,20.7,45,7,Individual,25591290,10,13155.27
CAR02536,Skoda,Kushaq,2023,CNG,Manual,29073,1,1498,24.3,107,5,Dealer,216329630,2,9691
CAR02537,Honda,City,2019,CNG,Automatic,95968,1,1498,19.9,65,5,Individual,105906570,6,13709.71
CAR02538,Toyota,Glanza,2014,Diesel,Manual,95750,1,1197,16.4,62,5,Individual,42875400,11,7979.17
CAR02539,Mahindra,XUV700,2016,Diesel,Manual,134261,1,1997,13.8,181,5,Individual,107144610,9,13426.1
CAR02540,Toyota,Glanza,2014,Diesel,Automatic,93976,1,1197,18.9,54,5,Dealer,55756450,11,7831.33
CAR02541,Tata,Harrier,2023,Petrol,Manual,48190,2,1956,12.4,96,5,Dealer,240327390,2,16063.33
CAR02542,Skoda,Octavia,2019,Petrol,Automatic,76680,1,1984,21.8,188,5,Dealer,207867410,6,10954.29
CAR02543,Skoda,Kushaq,2014,Diesel,Manual,89777,3,1498,14.6,81,7,Individual,53338320,11,7481.42
CAR02544,Honda,WR-V,2016,Diesel,Manual,100018,1,1498,18.2,53,5,Individual,59919540,9,10001.8
CAR02545,Renault,Duster,2021,Petrol,Manual,100236,1,1498,16.5,55,5,Individual,107085520,4,20047.2
CAR02546,Honda,Jazz,2021,Petrol,Automatic,23847,1,1199,18,45,7,Dealer,115072740,4,4769.4
CAR02547,Volkswagen,Taigun,2023,Diesel,Manual,42234,2,1498,16.7,119,5,Individual,198130480,2,14078
CAR02548,Mahindra,Bolero,2014,Petrol,Manual,102032,1,1493,20.9,75,5,Dealer,56385920,11,8502.67
CAR02549,Toyota,Fortuner,2014,Electric,Manual,196453,1,2755,23,310,7,Individual,124393950,11,16371.08
CAR02550,Hyundai,Verna,2014,Diesel,Automatic,184163,1,1497,19.2,84,5,Dealer,38264100,11,15346.92
CAR02551,Kia,Sonet,2018,Petrol,Automatic,102294,1,1197,15.5,93,5,Individual,74779440,7,12786.75
CAR02552,Honda,Amaze,2022,Petrol,Automatic,73332,1,1199,19.1,51,5,Dealer,108868480,3,18333
CAR02553,Tata,Altroz,2021,Diesel,Manual,76066,2,1199,23.5,62,5,Dealer,88448610,4,15213.2
CAR02554,Hyundai,Verna,2016,Petrol,Manual,118308,1,1497,25.6,64,5,Dealer,62795000,9,11830.8
CAR02555,Skoda,Slavia,2021,CNG,Automatic,46315,2,1498,18.2,101,5,Dealer,162342650,4,9263
CAR02556,Hyundai,i20,2021,Petrol,Automatic,53012,1,1197,17.1,75,5,Individual,106274410,4,10602.4
CAR02557,Volkswagen,Virtus,2016,Petrol,Automatic,94293,2,1498,11.8,104,5,Dealer,91025580,9,9429.3
CAR02558,Renault,Triber,2022,Petrol,Automatic,46316,3,999,19.5,58,5,Dealer,98515190,3,11579
CAR02559,Maruti,Swift,2019,Diesel,Automatic,35732,1,1197,15.2,49,5,Individual,71004710,6,5104.57
CAR02560,Mahindra,Bolero,2014,Electric,Manual,184587,3,1493,23.3,75,5,Individual,31139100,11,15382.25
CAR02561,Mahindra,Thar,2018,CNG,Manual,152807,2,1997,24.7,114,5,Individual,97880400,7,19100.88
CAR02562,Honda,City,2023,Petrol,Automatic,32807,1,1498,16.3,94,5,Dealer,173470380,2,10935.67
CAR02563,Kia,Sonet,2022,Diesel,Manual,65535,1,1197,16.5,67,5,Dealer,131171820,3,16383.75
CAR02564,Toyota,Urban Cruiser,2017,Petrol,Manual,97358,1,1462,21.5,72,7,Individual,69080770,8,10817.56
CAR02565,Toyota,Fortuner,2023,Diesel,Manual,34477,1,2755,21.4,248,5,Dealer,571415690,2,11492.33
CAR02566,Toyota,Urban Cruiser,2018,CNG,Manual,82547,1,1462,17.6,65,5,Individual,82884270,7,10318.38
CAR02567,Renault,Duster,2019,Petrol,Automatic,89171,1,1498,17.9,66,5,Individual,90897330,6,12738.71
CAR02568,Kia,Seltos,2015,Electric,Automatic,99570,1,1497,19.9,108,5,Dealer,87658020,10,9051.82
CAR02569,Honda,Amaze,2025,Petrol,Manual,13949,1,1199,20.7,50,5,Individual,166697070,0,13949
CAR02570,Skoda,Slavia,2024,Petrol,Manual,30824,1,1498,17.9,142,5,Individual,225205860,1,15412
CAR02571,Renault,Triber,2016,Diesel,Manual,73584,1,999,23.9,72,5,Individual,54780420,9,7358.4
CAR02572,Skoda,Octavia,2020,CNG,Automatic,85015,3,1984,18.2,179,7,Individual,212347800,5,14169.17
CAR02573,Volkswagen,Polo,2023,Petrol,Manual,25965,1,999,18.2,60,5,Individual,89150850,2,8655
CAR02574,Honda,WR-V,2020,Diesel,Manual,61626,1,1498,19.3,73,5,Individual,91694760,5,10271
CAR02575,Volkswagen,Taigun,2016,Petrol,Manual,118036,1,1498,18.3,113,5,Individual,92552610,9,11803.6
CAR02576,Honda,City,2025,Diesel,Manual,10743,3,1498,17.6,81,5,Dealer,189097500,0,10743
CAR02577,Tata,Safari,2017,Diesel,Manual,158077,1,1956,12.5,190,5,Individual,124924430,8,17564.11
CAR02578,Toyota,Fortuner,2018,Petrol,Automatic,114885,1,2755,19.5,222,5,Dealer,289976290,7,14360.62
CAR02579,Skoda,Slavia,2018,Diesel,Manual,83352,1,1498,19.5,100,5,Dealer,122447020,7,10419
CAR02580,Mahindra,Thar,2024,Diesel,Manual,31749,1,1997,16.8,113,5,Individual,262157250,1,15874.5
CAR02581,Honda,City,2020,Petrol,Manual,85443,1,1498,16,87,5,Individual,107078110,5,14240.5
CAR02582,Toyota,Innova,2022,Petrol,Manual,50689,1,2393,14,176,5,Individual,231051210,3,12672.25
CAR02583,Tata,Tiago,2024,Petrol,Manual,45139,1,1199,11.9,45,5,Dealer,97270500,1,22569.5
CAR02584,Kia,Seltos,2025,Electric,Automatic,10857,1,1497,25.6,105,5,Dealer,208065770,0,10857
CAR02585,Honda,City,2024,Diesel,Manual,39867,3,1498,21,84,5,Individual,170302320,1,19933.5
CAR02586,Mahindra,XUV500,2024,Diesel,Automatic,10898,1,2179,15.2,97,5,Individual,234002860,1,5449
CAR02587,Honda,WR-V,2025,Diesel,Manual,22564,3,1498,26.9,77,5,Individual,124487430,0,22564
CAR02588,Honda,City,2025,CNG,Automatic,32679,1,1498,17.6,85,5,Dealer,205531170,0,32679
CAR02589,Skoda,Rapid,2021,Petrol,Manual,60147,1,1498,19.6,71,5,Individual,111695300,4,12029.4
CAR02590,Honda,Jazz,2015,Petrol,Manual,80288,1,1199,17.5,57,5,Individual,48495980,10,7298.91
CAR02591,Maruti,Swift,2015,Diesel,Manual,123099,2,1197,15.5,46,5,Individual,33595040,10,11190.82
CAR02592,Honda,Jazz,2023,Petrol,Manual,44873,2,1199,18.5,57,5,Dealer,132177110,2,14957.67
CAR02593,Mahindra,Scorpio,2017,Petrol,Manual,82615,1,2179,16.9,131,5,Individual,132771050,8,9179.44
CAR02594,Maruti,Brezza,2023,Diesel,Automatic,49763,1,1462,17.4,80,5,Individual,137409520,2,16587.67
CAR02595,Honda,Amaze,2025,CNG,Manual,9921,1,1199,18.2,71,5,Individual,115546600,0,9921
CAR02596,Hyundai,Verna,2021,Diesel,Automatic,51317,1,1497,21.2,79,5,Dealer,141914230,4,10263.4
CAR02597,Mahindra,Thar,2023,Petrol,Automatic,46785,2,1997,19.7,139,5,Individual,198269940,2,15595
CAR02598,Volkswagen,Vento,2017,Electric,Manual,70463,1,1498,21.9,72,5,Individual,71190910,8,7829.22
CAR02599,Skoda,Rapid,2019,Petrol,Automatic,58727,1,1498,18.6,58,5,Individual,84742660,6,8389.57
CAR02600,Honda,Amaze,2025,Petrol,Manual,23253,1,1199,17.4,57,5,Dealer,146234640,0,23253
CAR02601,Renault,Kwid,2023,Electric,Manual,25959,1,999,24,45,7,Individual,83125380,2,8653
CAR02602,Tata,Nexon,2016,Diesel,Manual,141199,3,1199,16.4,85,5,Dealer,42720740,9,14119.9
CAR02603,Volkswagen,Vento,2025,CNG,Automatic,21223,1,1498,13.9,62,5,Dealer,183358930,0,21223
CAR02604,Mahindra,XUV700,2019,Diesel,Manual,94789,2,1997,23.4,147,7,Dealer,169675890,6,13541.29
CAR02605,Volkswagen,Polo,2024,Diesel,Manual,36109,1,999,19.3,54,5,Dealer,127520020,1,18054.5
CAR02606,Volkswagen,Vento,2020,Petrol,Manual,60275,1,1498,19.2,65,5,Individual,95760380,5,10045.83
CAR02607,Mahindra,Scorpio,2021,Petrol,Manual,55605,1,2179,15.4,131,5,Individual,195113470,4,11121
CAR02608,Tata,Punch,2015,CNG,Manual,142605,1,1199,20.3,74,5,Dealer,39049180,10,12964.09
CAR02609,Mahindra,XUV700,2018,CNG,Manual,139574,1,1997,25.6,146,5,Dealer,128715120,7,17446.75
CAR02610,Renault,Kwid,2022,Petrol,Automatic,36615,1,999,18.6,45,5,Dealer,63946970,3,9153.75
CAR02611,Skoda,Rapid,2024,Petrol,Manual,26223,2,1498,24.1,49,5,Individual,129493170,1,13111.5
CAR02612,Skoda,Rapid,2015,Petrol,Manual,89037,1,1498,20.2,70,5,Dealer,54530760,10,8094.27
CAR02613,Hyundai,Venue,2014,Petrol,Automatic,176549,1,1197,15.5,68,5,Individual,41907160,11,14712.42
CAR02614,Mahindra,Thar,2022,CNG,Automatic,47658,1,1997,22.3,116,5,Individual,224124380,3,11914.5
CAR02615,Hyundai,Verna,2019,Petrol,Manual,93638,1,1497,22.5,70,5,Individual,86861540,6,13376.86
CAR02616,Kia,Sonet,2024,Petrol,Manual,28007,1,1197,18.2,72,7,Individual,158030790,1,14003.5
CAR02617,Skoda,Slavia,2014,CNG,Manual,169010,1,1498,22.9,101,5,Individual,50473500,11,14084.17
CAR02618,Maruti,Celerio,2018,Diesel,Automatic,92302,1,998,23.5,45,5,Individual,48912840,7,11537.75
CAR02619,Kia,Seltos,2014,Petrol,Manual,70122,1,1497,10.5,114,5,Individual,80897820,11,5843.5
CAR02620,Skoda,Octavia,2022,Petrol,Manual,56492,1,1984,18.5,204,5,Dealer,347302520,3,14123
CAR02621,Renault,Triber,2024,Petrol,Manual,31215,2,999,21.5,64,5,Dealer,121905520,1,15607.5
CAR02622,Honda,Jazz,2015,Petrol,Manual,120006,1,1199,15.2,75,7,Dealer,48662040,10,10909.64
CAR02623,Hyundai,i10,2017,Petrol,Manual,110078,3,1197,20.6,45,5,Dealer,35636780,8,12230.89
CAR02624,Skoda,Rapid,2024,Petrol,Automatic,6766,1,1498,17.5,61,5,Dealer,146054520,1,3383
CAR02625,Skoda,Octavia,2014,Petrol,Manual,149728,2,1984,12.4,167,5,Dealer,105012620,11,12477.33
CAR02626,Mahindra,Scorpio,2025,Petrol,Manual,8193,3,2179,19.9,137,5,Individual,277290370,0,8193
CAR02627,Skoda,Rapid,2024,Petrol,Automatic,23640,1,1498,17.5,53,5,Individual,165090240,1,11820
CAR02628,Maruti,Swift,2015,Electric,Manual,169762,1,1197,22.3,53,5,Dealer,28770560,10,15432.91
CAR02629,Kia,Carens,2015,Petrol,Manual,166852,1,1497,19.4,86,5,Individual,67379510,10,15168.36
CAR02630,Maruti,Dzire,2022,Petrol,Manual,56215,1,1197,14.7,58,5,Dealer,89115700,3,14053.75
CAR02631,Skoda,Kushaq,2014,CNG,Automatic,140145,1,1498,23.3,121,5,Individual,73084070,11,11678.75
CAR02632,Kia,Sonet,2020,Petrol,Manual,14224,1,1197,14.8,63,5,Individual,126270770,5,2370.67
CAR02633,Skoda,Octavia,2014,Petrol,Automatic,98153,2,1984,22,167,5,Individual,141781420,11,8179.42
CAR02634,Mahindra,Scorpio,2020,CNG,Manual,63873,1,2179,24.4,145,5,Dealer,199972720,5,10645.5
CAR02635,Maruti,Swift,2018,Diesel,Manual,87724,2,1197,23.9,58,5,Individual,43429440,7,10965.5
CAR02636,Maruti,Baleno,2022,Petrol,Manual,31898,1,1197,18.9,46,5,Individual,94806960,3,7974.5
CAR02637,Honda,City,2024,Diesel,Manual,34836,1,1498,18,84,5,Individual,189068430,1,17418
CAR02638,Volkswagen,Taigun,2019,Diesel,Manual,119154,1,1498,17.1,114,5,Individual,118082530,6,17022
CAR02639,Hyundai,Verna,2021,Petrol,Automatic,42874,1,1497,15.2,77,7,Individual,127455990,4,8574.8
CAR02640,Renault,Triber,2021,Petrol,Manual,82045,1,999,17,70,5,Dealer,80086140,4,16409
CAR02641,Tata,Harrier,2025,Petrol,Manual,15766,1,1956,15.4,117,5,Individual,188344150,0,15766
CAR02642,Toyota,Urban Cruiser,2016,CNG,Automatic,87735,1,1462,22,70,5,Dealer,60548440,9,8773.5
CAR02643,Tata,Altroz,2016,Petrol,Manual,96467,1,1199,15.1,54,7,Individual,49112150,9,9646.7
CAR02644,Toyota,Glanza,2018,Petrol,Manual,146080,2,1197,15.6,61,5,Dealer,49722620,7,18260
CAR02645,Toyota,Innova,2022,Petrol,Manual,41098,1,2393,16.4,135,5,Dealer,263609420,3,10274.5
CAR02646,Maruti,Dzire,2024,CNG,Manual,16382,2,1197,18.7,58,5,Dealer,120320540,1,8191
CAR02647,Mahindra,Scorpio,2017,Petrol,Automatic,174818,1,2179,16.5,120,5,Dealer,126944130,8,19424.22
CAR02648,Volkswagen,Polo,2015,Petrol,Automatic,101657,1,999,19.3,55,5,Individual,42595910,10,9241.55
CAR02649,Skoda,Slavia,2021,Petrol,Manual,83216,1,1498,14.8,108,5,Individual,119988040,4,16643.2
CAR02650,Honda,Jazz,2021,Diesel,Automatic,54192,2,1199,15.7,54,5,Individual,83222280,4,10838.4
CAR02651,Renault,Duster,2018,Petrol,Manual,92382,1,1498,17,80,5,Individual,85115250,7,11547.75
CAR02652,Renault,Duster,2016,CNG,Automatic,149223,1,1498,17.6,77,5,Individual,54955030,9,14922.3
CAR02653,Skoda,Kushaq,2024,Petrol,Automatic,24689,2,1498,21.5,115,7,Individual,254558010,1,12344.5
CAR02654,Honda,Amaze,2024,Petrol,Manual,39907,2,1199,15.4,49,5,Dealer,108110950,1,19953.5
CAR02655,Renault,Kwid,2022,Petrol,Manual,65173,2,999,17.6,46,5,Individual,55839100,3,16293.25
CAR02656,Mahindra,XUV700,2020,Petrol,Automatic,53951,2,1997,18.9,118,5,Individual,179028260,5,8991.83
CAR02657,Maruti,Ertiga,2017,Petrol,Manual,180875,1,1462,13.7,85,5,Individual,53276570,8,20097.22
CAR02658,Tata,Safari,2018,Diesel,Manual,121815,2,1956,16.8,143,5,Individual,125058570,7,15226.88
CAR02659,Kia,Sonet,2014,Petrol,Manual,121494,1,1197,15.6,80,5,Individual,52309470,11,10124.5
CAR02660,Hyundai,Grand i10,2016,Diesel,Manual,102176,2,1197,21.6,45,7,Dealer,39068370,9,10217.6
CAR02661,Toyota,Glanza,2019,Petrol,Manual,127788,1,1197,23,61,5,Individual,73688080,6,18255.43
CAR02662,Volkswagen,Vento,2019,Diesel,Manual,66819,1,1498,24.9,73,7,Dealer,83513740,6,9545.57
CAR02663,Hyundai,Venue,2014,Petrol,Automatic,124055,1,1197,21.3,74,5,Individual,52835770,11,10337.92
CAR02664,Toyota,Glanza,2025,Diesel,Manual,15160,2,1197,15.6,62,5,Individual,136116760,0,15160
CAR02665,Tata,Tiago,2017,Petrol,Manual,55594,1,1199,14.9,46,5,Individual,44163980,8,6177.11
CAR02666,Mahindra,Scorpio,2020,Electric,Manual,70674,2,2179,26.7,162,5,Individual,163278970,5,11779
CAR02667,Tata,Harrier,2019,CNG,Manual,84863,1,1956,25.6,101,5,Individual,143218200,6,12123.29
CAR02668,Skoda,Kushaq,2019,CNG,Manual,67469,1,1498,23.4,123,5,Individual,149880170,6,9638.43
CAR02669,Maruti,Baleno,2024,CNG,Manual,9650,1,1197,23.4,60,5,Dealer,121384920,1,4825
CAR02670,Skoda,Kushaq,2022,Petrol,Manual,53782,1,1498,16.2,110,5,Dealer,177819670,3,13445.5
CAR02671,Volkswagen,Polo,2024,Petrol,Manual,29504,1,999,22.6,47,5,Individual,105966420,1,14752
CAR02672,Renault,Duster,2018,Petrol,Manual,73334,3,1498,15.3,69,5,Dealer,71418530,7,9166.75
CAR02673,Renault,Triber,2017,CNG,Manual,76019,1,999,16.2,51,7,Dealer,53135400,8,8446.56
CAR02674,Hyundai,Verna,2019,Petrol,Automatic,106556,1,1497,19.9,92,5,Individual,91425910,6,15222.29
CAR02675,Skoda,Octavia,2020,Petrol,Manual,88878,1,1984,15.8,164,5,Individual,196487740,5,14813
CAR02676,Mahindra,XUV500,2018,Diesel,Automatic,87175,2,2179,15.4,117,5,Individual,94017320,7,10896.88
CAR02677,Skoda,Octavia,2019,Petrol,Manual,106340,1,1984,20.1,160,5,Dealer,185121560,6,15191.43
CAR02678,Renault,Triber,2015,Diesel,Manual,140501,2,999,13.8,53,5,Individual,40432950,10,12772.82
CAR02679,Mahindra,Scorpio,2021,Petrol,Manual,76903,1,2179,18.9,125,5,Individual,180211200,4,15380.6
CAR02680,Honda,Amaze,2022,Diesel,Manual,60865,2,1199,18,51,5,Individual,85392650,3,15216.25
CAR02681,Hyundai,Venue,2020,CNG,Manual,52796,1,1197,25.8,72,5,Individual,108444020,5,8799.33
CAR02682,Hyundai,Verna,2024,Diesel,Automatic,20965,2,1497,20.7,94,7,Individual,159696900,1,10482.5
CAR02683,Honda,WR-V,2025,Petrol,Automatic,22069,2,1498,20.7,62,5,Individual,130131000,0,22069
CAR02684,Renault,Duster,2024,Petrol,Manual,30326,2,1498,14.2,72,5,Dealer,130407450,1,15163
CAR02685,Mahindra,Scorpio,2015,Petrol,Automatic,123004,1,2179,12.4,153,7,Individual,94763830,10,11182.18
CAR02686,Toyota,Glanza,2024,Petrol,Manual,15176,2,1197,16.4,62,5,Individual,123363010,1,7588
CAR02687,Tata,Nexon,2018,Diesel,Manual,114111,1,1199,21.1,89,5,Individual,79582830,7,14263.88
CAR02688,Mahindra,Thar,2019,Petrol,Automatic,125855,1,1997,17.7,121,5,Individual,123884180,6,17979.29
CAR02689,Kia,Seltos,2018,Petrol,Manual,98467,1,1497,21,111,5,Dealer,115005100,7,12308.38
CAR02690,Skoda,Octavia,2017,Petrol,Manual,112973,1,1984,19.1,175,5,Dealer,168488960,8,12552.56
CAR02691,Volkswagen,Virtus,2024,CNG,Manual,26647,1,1498,17.9,114,5,Dealer,204197750,1,13323.5
CAR02692,Kia,Sonet,2021,Petrol,Manual,56021,1,1197,18.9,91,5,Individual,83466810,4,11204.2
CAR02693,Skoda,Kushaq,2025,Petrol,Manual,13934,1,1498,18,101,5,Dealer,242003000,0,13934
CAR02694,Toyota,Glanza,2025,Petrol,Manual,22678,1,1197,21.3,63,5,Dealer,151531650,0,22678
CAR02695,Skoda,Slavia,2019,Petrol,Manual,85770,1,1498,14.7,97,5,Individual,126973960,6,12252.86
CAR02696,Honda,Jazz,2022,CNG,Automatic,41904,1,1199,19,68,7,Dealer,114769500,3,10476
CAR02697,Hyundai,Grand i10,2020,Petrol,Automatic,73166,1,1197,18.7,45,5,Dealer,68609380,5,12194.33
CAR02698,Toyota,Innova,2019,Diesel,Manual,42085,1,2393,23.5,136,5,Dealer,215040860,6,6012.14
CAR02699,Hyundai,i20,2022,Diesel,Manual,62690,1,1197,18.7,72,7,Individual,103941590,3,15672.5
CAR02700,Hyundai,Creta,2022,Diesel,Manual,43872,2,1497,21.1,97,5,Individual,163346800,3,10968
CAR02701,Renault,Duster,2024,Diesel,Manual,29754,1,1498,19.4,54,5,Dealer,182403800,1,14877
CAR02702,Volkswagen,Vento,2023,Diesel,Manual,31732,1,1498,19.2,60,5,Individual,106452630,2,10577.33
CAR02703,Tata,Harrier,2021,Petrol,Manual,50880,2,1956,21,116,7,Dealer,220970760,4,10176
CAR02704,Renault,Kwid,2025,Petrol,Automatic,16875,2,999,17.8,47,5,Individual,70612740,0,16875
CAR02705,Maruti,Celerio,2015,Diesel,Manual,93683,1,998,18,50,5,Individual,32570180,10,8516.64
CAR02706,Tata,Altroz,2023,Diesel,Manual,49543,2,1199,17.8,67,5,Dealer,102070280,2,16514.33
CAR02707,Volkswagen,Virtus,2018,Petrol,Manual,47363,3,1498,16.6,89,5,Individual,89007210,7,5920.38
CAR02708,Honda,Amaze,2019,Petrol,Automatic,102789,1,1199,15.4,56,5,Individual,66156860,6,14684.14
CAR02709,Volkswagen,Vento,2023,Petrol,Manual,36823,1,1498,16.8,80,5,Dealer,132940150,2,12274.33
CAR02710,Renault,Duster,2017,Petrol,Automatic,85306,1,1498,17.7,79,5,Dealer,81557310,8,9478.44
CAR02711,Maruti,Baleno,2024,Petrol,Automatic,32178,2,1197,18.4,53,5,Individual,129709770,1,16089
CAR02712,Maruti,Baleno,2019,Petrol,Manual,67744,1,1197,14.5,62,5,Individual,69676990,6,9677.71
CAR02713,Skoda,Kushaq,2018,Petrol,Manual,107801,1,1498,16.2,88,5,Individual,116392480,7,13475.12
CAR02714,Mahindra,Bolero,2017,Diesel,Manual,106291,2,1493,18.2,66,5,Individual,66449270,8,11810.11
CAR02715,Mahindra,XUV500,2019,Diesel,Manual,108503,2,2179,17,75,5,Dealer,100667890,6,15500.43
CAR02716,Toyota,Fortuner,2025,Diesel,Manual,13460,1,2755,17.6,243,5,Dealer,636092830,0,13460
CAR02717,Toyota,Glanza,2015,Diesel,Manual,139794,3,1197,22,65,7,Individual,32815470,10,12708.55
CAR02718,Kia,Carens,2020,Petrol,Automatic,89614,2,1497,21.6,93,5,Individual,117756490,5,14935.67
CAR02719,Mahindra,Scorpio,2024,Petrol,Manual,50872,2,2179,16.6,125,5,Individual,251517060,1,25436
CAR02720,Hyundai,i20,2019,Diesel,Manual,45220,3,1197,17.2,57,5,Individual,59983950,6,6460
CAR02721,Kia,Seltos,2020,Diesel,Manual,94653,1,1497,19.1,91,5,Individual,120331560,5,15775.5
CAR02722,Kia,Sonet,2018,Diesel,Manual,140321,2,1197,19.6,64,5,Dealer,49631040,7,17540.12
CAR02723,Hyundai,Verna,2015,Diesel,Automatic,135277,1,1497,21.4,90,7,Dealer,60152480,10,12297.91
CAR02724,Honda,City,2021,Diesel,Manual,105223,2,1498,18.1,74,5,Individual,92990560,4,21044.6
CAR02725,Volkswagen,Virtus,2025,Diesel,Manual,34514,2,1498,17.7,102,5,Dealer,252872330,0,34514
CAR02726,Kia,Carens,2020,Diesel,Manual,76930,2,1497,26.7,99,5,Dealer,130799990,5,12821.67
CAR02727,Hyundai,i20,2019,Diesel,Manual,74414,2,1197,15.4,66,5,Individual,69723160,6,10630.57
CAR02728,Maruti,Wagon R,2015,Petrol,Automatic,142146,2,1197,20.2,56,5,Individual,28727050,10,12922.36
CAR02729,Mahindra,XUV700,2025,Petrol,Manual,15706,1,1997,22,210,7,Individual,354742730,0,15706
CAR02730,Toyota,Urban Cruiser,2024,Petrol,Automatic,39784,1,1462,16.7,72,5,Individual,157910330,1,19892
CAR02731,Skoda,Slavia,2024,Diesel,Manual,39705,1,1498,20.6,111,5,Dealer,217367030,1,19852.5
CAR02732,Mahindra,XUV700,2018,Diesel,Automatic,103526,2,1997,14.3,174,7,Individual,154606040,7,12940.75
CAR02733,Skoda,Kushaq,2021,Petrol,Manual,39302,1,1498,17.6,123,5,Individual,157420510,4,7860.4
CAR02734,Tata,Harrier,2019,Petrol,Manual,88378,1,1956,21,137,5,Individual,152449730,6,12625.43
CAR02735,Toyota,Innova,2016,Diesel,Manual,81322,1,2393,19.7,161,5,Dealer,106384610,9,8132.2
CAR02736,Hyundai,Creta,2016,Petrol,Automatic,137595,1,1497,17.6,104,5,Individual,67806440,9,13759.5
CAR02737,Mahindra,XUV500,2018,CNG,Manual,27912,1,2179,26.2,91,5,Dealer,148694950,7,3489
CAR02738,Hyundai,Grand i10,2020,Petrol,Manual,101564,3,1197,20,52,5,Dealer,48094700,5,16927.33
CAR02739,Toyota,Glanza,2015,Petrol,Automatic,118084,2,1197,19.6,61,7,Individual,39179330,10,10734.91
CAR02740,Honda,Amaze,2022,Petrol,Manual,31986,1,1199,15.1,59,5,Individual,99238900,3,7996.5
CAR02741,Hyundai,i20,2019,Petrol,Manual,70442,2,1197,10.2,52,7,Individual,76836380,6,10063.14
CAR02742,Maruti,Wagon R,2024,Petrol,Automatic,26916,1,1197,18.6,45,5,Individual,104943270,1,13458
CAR02743,Mahindra,Bolero,2017,Petrol,Manual,109246,1,1493,17.5,70,5,Individual,61395270,8,12138.44
CAR02744,Skoda,Rapid,2014,Petrol,Automatic,207057,1,1498,19.8,68,5,Dealer,32682660,11,17254.75
CAR02745,Hyundai,i20,2017,Petrol,Automatic,114954,2,1197,17.9,78,5,Dealer,56669020,8,12772.67
CAR02746,Toyota,Innova,2025,Diesel,Automatic,21453,1,2393,19.4,155,5,Individual,377518220,0,21453
CAR02747,Tata,Tiago,2017,Petrol,Automatic,99048,1,1199,17.6,45,5,Individual,45884620,8,11005.33
CAR02748,Renault,Kwid,2022,Petrol,Manual,53564,1,999,14.2,45,7,Individual,58956050,3,13391
CAR02749,Toyota,Glanza,2024,Petrol,Manual,32786,1,1197,18.4,69,5,Individual,121087950,1,16393
CAR02750,Skoda,Octavia,2017,CNG,Manual,109198,1,1984,18.3,183,5,Individual,153830270,8,12133.11
CAR02751,Tata,Harrier,2021,Diesel,Automatic,38990,1,1956,16,75,5,Dealer,258286380,4,7798
CAR02752,Maruti,Wagon R,2016,Electric,Manual,162379,2,1197,22.4,48,5,Individual,26730910,9,16237.9
CAR02753,Mahindra,XUV700,2018,CNG,Automatic,90935,1,1997,16.1,162,5,Individual,231419430,7,11366.88
CAR02754,Kia,Seltos,2017,Petrol,Manual,128365,1,1497,16.1,72,5,Dealer,84617260,8,14262.78
CAR02755,Skoda,Rapid,2022,Diesel,Manual,47329,1,1498,25.1,68,5,Individual,89709830,3,11832.25
CAR02756,Renault,Triber,2024,Petrol,Manual,53003,1,999,17.3,61,5,Dealer,130819560,1,26501.5
CAR02757,Renault,Kwid,2017,CNG,Automatic,54257,2,999,21.1,45,5,Dealer,46652600,8,6028.56
CAR02758,Kia,Seltos,2017,Petrol,Manual,112080,1,1497,17.5,124,5,Individual,91923330,8,12453.33
CAR02759,Honda,WR-V,2023,Petrol,Manual,30131,1,1498,18.1,71,5,Individual,133058710,2,10043.67
CAR02760,Toyota,Fortuner,2019,CNG,Manual,36751,2,2755,19.4,231,5,Dealer,302133820,6,5250.14
CAR02761,Hyundai,Venue,2020,CNG,Manual,55405,2,1197,20.5,67,5,Individual,92425310,5,9234.17
CAR02762,Toyota,Glanza,2022,Electric,Automatic,69234,1,1197,20.9,58,7,Individual,79874480,3,17308.5
CAR02763,Honda,Jazz,2015,Petrol,Manual,126549,1,1199,13,59,5,Dealer,47674800,10,11504.45
CAR02764,Maruti,Celerio,2024,Petrol,Manual,28624,2,998,21,49,5,Individual,88414410,1,14312
CAR02765,Tata,Altroz,2018,Petrol,Manual,123890,1,1199,14.9,58,5,Individual,63053590,7,15486.25
CAR02766,Mahindra,Thar,2021,Petrol,Manual,63773,3,1997,22.3,107,5,Individual,137100200,4,12754.6
CAR02767,Honda,WR-V,2019,Petrol,Manual,103856,1,1498,15.2,68,5,Individual,73342660,6,14836.57
CAR02768,Skoda,Kushaq,2023,Petrol,Manual,37248,2,1498,13.4,100,5,Dealer,221141190,2,12416
CAR02769,Toyota,Fortuner,2021,Diesel,Manual,76009,1,2755,25.1,243,5,Dealer,418204630,4,15201.8
CAR02770,Skoda,Octavia,2016,Petrol,Manual,95571,1,1984,13.1,207,5,Individual,161937380,9,9557.1
CAR02771,Kia,Seltos,2016,Diesel,Manual,158864,2,1497,12.5,93,5,Individual,52237840,9,15886.4
CAR02772,Maruti,Swift,2024,CNG,Automatic,17422,1,1197,16.7,48,7,Dealer,106738390,1,8711
CAR02773,Tata,Harrier,2020,Diesel,Manual,70675,1,1956,18.9,114,5,Individual,179963250,5,11779.17
CAR02774,Volkswagen,Virtus,2017,Petrol,Manual,137785,1,1498,13.5,120,5,Individual,80891360,8,15309.44
CAR02775,Mahindra,XUV500,2015,Petrol,Manual,119303,2,2179,15.8,77,5,Individual,66745860,10,10845.73
CAR02776,Honda,WR-V,2015,Petrol,Automatic,117292,1,1498,11.4,59,5,Individual,53459730,10,10662.91
CAR02777,Mahindra,Bolero,2025,Diesel,Manual,23131,1,1493,22.6,80,5,Individual,181826010,0,23131
CAR02778,Skoda,Octavia,2025,Petrol,Automatic,26772,1,1984,18.8,172,5,Individual,404304800,0,26772
CAR02779,Honda,Amaze,2018,Petrol,Automatic,96907,1,1199,13.7,62,5,Individual,68554090,7,12113.38
CAR02780,Maruti,Baleno,2016,Electric,Automatic,93151,2,1197,15.6,55,5,Individual,45930790,9,9315.1
CAR02781,Honda,Jazz,2019,Diesel,Automatic,36990,1,1199,16.6,54,5,Dealer,93473350,6,5284.29
CAR02782,Skoda,Rapid,2015,CNG,Manual,167655,1,1498,23,62,5,Individual,38271320,10,15241.36
CAR02783,Volkswagen,Virtus,2020,Petrol,Automatic,105077,1,1498,20.7,88,5,Dealer,170894930,5,17512.83
CAR02784,Renault,Duster,2021,Electric,Automatic,60217,1,1498,21.8,63,5,Individual,130492570,4,12043.4
CAR02785,Skoda,Kushaq,2025,Petrol,Manual,12735,1,1498,16,117,5,Individual,314653300,0,12735
CAR02786,Hyundai,Grand i10,2017,Petrol,Manual,110549,1,1197,15.8,45,5,Individual,47689240,8,12283.22
CAR02787,Tata,Tiago,2016,CNG,Automatic,108215,2,1199,21.9,45,5,Individual,37235630,9,10821.5
CAR02788,Maruti,Dzire,2015,CNG,Manual,141549,2,1197,23.6,53,7,Individual,31370140,10,12868.09
CAR02789,Maruti,Ertiga,2018,Petrol,Automatic,146704,2,1462,17.1,61,5,Individual,60858520,7,18338
CAR02790,Renault,Triber,2021,Petrol,Manual,70620,1,999,16.4,48,5,Individual,89666890,4,14124
CAR02791,Skoda,Octavia,2014,Petrol,Automatic,174826,2,1984,19.8,184,5,Individual,97191840,11,14568.83
CAR02792,Hyundai,Grand i10,2023,Diesel,Manual,36144,1,1197,23.8,45,5,Individual,87640540,2,12048
CAR02793,Volkswagen,Taigun,2019,CNG,Automatic,104733,1,1498,20.1,102,7,Dealer,119675110,6,14961.86
CAR02794,Mahindra,XUV700,2023,Petrol,Manual,35742,1,1997,17.8,166,5,Individual,308962040,2,11914
CAR02795,Maruti,Swift,2019,Petrol,Automatic,95835,1,1197,15.2,45,7,Dealer,60061660,6,13690.71
CAR02796,Skoda,Kushaq,2015,Diesel,Manual,129050,1,1498,19.5,97,5,Individual,70333820,10,11731.82
CAR02797,Renault,Triber,2014,Diesel,Manual,115595,1,999,18.8,57,5,Individual,40305460,11,9632.92
CAR02798,Mahindra,XUV500,2020,Petrol,Manual,90063,2,2179,21.8,102,5,Individual,114933090,5,15010.5
CAR02799,Volkswagen,Taigun,2020,Diesel,Manual,23056,3,1498,22,100,7,Dealer,121602850,5,3842.67
CAR02800,Honda,City,2023,Electric,Automatic,44066,1,1498,27.7,74,7,Individual,152002660,2,14688.67
CAR02801,Volkswagen,Vento,2024,Petrol,Manual,32464,3,1498,15.8,81,5,Dealer,135330540,1,16232
CAR02802,Toyota,Innova,2015,Diesel,Manual,178962,1,2393,25.5,141,5,Dealer,86380270,10,16269.27
CAR02803,Skoda,Slavia,2017,Diesel,Automatic,123981,1,1498,20,114,5,Individual,78975400,8,13775.67
CAR02804,Maruti,Ertiga,2016,Diesel,Manual,102021,3,1462,18.9,59,5,Individual,59757280,9,10202.1
CAR02805,Hyundai,Verna,2015,CNG,Manual,139926,1,1497,24.8,64,5,Individual,52123460,10,12720.55
CAR02806,Skoda,Slavia,2014,Diesel,Manual,156053,1,1498,16.2,113,5,Individual,55084230,11,13004.42
CAR02807,Tata,Punch,2014,Petrol,Manual,211545,1,1199,17.6,58,5,Dealer,27599970,11,17628.75
CAR02808,Honda,Jazz,2020,Petrol,Automatic,90459,1,1199,17,57,5,Dealer,86032570,5,15076.5
CAR02809,Volkswagen,Polo,2015,Diesel,Manual,168991,2,999,20.6,49,5,Individual,25126930,10,15362.82
CAR02810,Hyundai,Venue,2016,Petrol,Manual,119863,1,1197,16.2,83,5,Individual,60950480,9,11986.3
CAR02811,Mahindra,Scorpio,2015,Petrol,Manual,80206,1,2179,15.9,137,5,Individual,112050600,10,7291.45
CAR02812,Tata,Tiago,2022,Petrol,Automatic,41164,1,1199,16.4,45,5,Dealer,96772890,3,10291
CAR02813,Hyundai,i20,2021,Diesel,Manual,46692,1,1197,18.4,65,5,Individual,109582690,4,9338.4
CAR02814,Skoda,Octavia,2025,Electric,Automatic,16244,1,1984,22.7,168,5,Dealer,444282700,0,16244
CAR02815,Hyundai,Venue,2015,Diesel,Manual,103614,2,1197,23.2,67,5,Individual,57396910,10,9419.45
CAR02816,Maruti,Celerio,2016,CNG,Manual,147706,1,998,14.5,45,5,Dealer,35478130,9,14770.6
CAR02817,Kia,Sonet,2019,Petrol,Automatic,64380,2,1197,19.8,81,5,Individual,83706210,6,9197.14
CAR02818,Renault,Duster,2021,Petrol,Manual,52204,1,1498,16.1,66,5,Individual,112710280,4,10440.8
CAR02819,Hyundai,Verna,2015,Electric,Manual,183414,1,1497,22,78,7,Dealer,49015440,10,16674
CAR02820,Volkswagen,Virtus,2016,Petrol,Manual,151885,1,1498,14.2,99,5,Dealer,90727470,9,15188.5
CAR02821,Mahindra,XUV500,2019,Diesel,Automatic,82438,1,2179,19.4,110,5,Individual,139433590,6,11776.86
CAR02822,Renault,Duster,2014,Diesel,Manual,111768,2,1498,18.1,64,7,Dealer,42621180,11,9314
CAR02823,Hyundai,i20,2018,Petrol,Manual,121203,2,1197,16.8,75,7,Individual,58237280,7,15150.38
CAR02824,Skoda,Kushaq,2023,Diesel,Manual,50336,1,1498,21,97,5,Individual,202706250,2,16778.67
CAR02825,Kia,Carens,2020,Petrol,Automatic,78473,2,1497,19.4,97,5,Individual,141775530,5,13078.83
CAR02826,Renault,Triber,2019,Petrol,Manual,81271,2,999,21.8,75,5,Individual,63500850,6,11610.14
CAR02827,Honda,Amaze,2019,Petrol,Manual,60005,1,1199,15.7,48,5,Dealer,85434450,6,8572.14
CAR02828,Skoda,Kushaq,2025,Petrol,Manual,24958,1,1498,19.5,104,5,Individual,236476660,0,24958
CAR02829,Kia,Sonet,2020,Petrol,Manual,104848,2,1197,19.4,83,5,Individual,97242000,5,17474.67
CAR02830,Hyundai,Venue,2020,CNG,Manual,49700,2,1197,21.3,59,5,Dealer,86091470,5,8283.33
CAR02831,Skoda,Rapid,2025,Petrol,Automatic,15135,1,1498,22.6,65,5,Individual,160780850,0,15135
CAR02832,Volkswagen,Vento,2015,CNG,Automatic,199539,1,1498,19.1,53,7,Individual,42628780,10,18139.91
CAR02833,Honda,Amaze,2015,Diesel,Manual,118149,1,1199,19.8,56,5,Individual,36444660,10,10740.82
CAR02834,Mahindra,Scorpio,2019,Petrol,Manual,75273,1,2179,18.4,159,7,Dealer,145650010,6,10753.29
CAR02835,Honda,WR-V,2017,Petrol,Manual,61144,1,1498,13.9,46,5,Individual,72063580,8,6793.78
CAR02836,Mahindra,Scorpio,2016,CNG,Manual,143319,1,2179,24.8,125,7,Dealer,80242890,9,14331.9
CAR02837,Skoda,Kushaq,2015,Diesel,Manual,111043,1,1498,19,99,5,Dealer,90103130,10,10094.82
CAR02838,Renault,Duster,2024,CNG,Manual,15139,1,1498,22.3,61,5,Dealer,186760310,1,7569.5
CAR02839,Tata,Tiago,2021,Petrol,Automatic,47928,1,1199,22.2,45,5,Dealer,91577340,4,9585.6
CAR02840,Skoda,Kushaq,2022,Diesel,Manual,60350,1,1498,19.9,120,5,Individual,179691740,3,15087.5
CAR02841,Toyota,Fortuner,2015,Diesel,Manual,71627,1,2755,19.4,251,5,Dealer,202020540,10,6511.55
CAR02842,Volkswagen,Polo,2018,Electric,Automatic,70408,2,999,22.7,45,5,Individual,60046460,7,8801
CAR02843,Volkswagen,Virtus,2021,Petrol,Manual,78409,2,1498,14.5,92,5,Individual,144888490,4,15681.8
CAR02844,Toyota,Urban Cruiser,2020,Electric,Manual,77125,1,1462,21.4,68,7,Individual,97701990,5,12854.17
CAR02845,Toyota,Innova,2022,Petrol,Manual,39920,2,2393,17,112,5,Dealer,227826530,3,9980
CAR02846,Toyota,Fortuner,2022,CNG,Automatic,53112,2,2755,21.3,248,5,Individual,482517920,3,13278
CAR02847,Renault,Kwid,2018,Diesel,Manual,130958,1,999,23.4,45,7,Dealer,36350610,7,16369.75
CAR02848,Honda,WR-V,2023,Diesel,Manual,48579,3,1498,22.1,69,5,Dealer,128534240,2,16193
CAR02849,Tata,Nexon,2017,Petrol,Manual,110591,1,1199,15.7,97,5,Individual,69941470,8,12287.89
CAR02850,Honda,City,2014,CNG,Manual,188961,1,1498,20.9,71,5,Individual,42198050,11,15746.75
CAR02851,Hyundai,Creta,2024,Petrol,Manual,26041,2,1497,21.7,92,5,Individual,209452580,1,13020.5
CAR02852,Honda,Jazz,2014,Petrol,Manual,66018,1,1199,12.3,55,5,Individual,47751560,11,5501.5
CAR02853,Hyundai,Creta,2017,Diesel,Automatic,47942,1,1497,18.6,109,5,Dealer,115378260,8,5326.89
CAR02854,Maruti,Dzire,2015,Diesel,Automatic,88182,1,1197,15.4,58,7,Individual,47452690,10,8016.55
CAR02855,Volkswagen,Taigun,2016,Petrol,Manual,55160,1,1498,24.8,90,5,Individual,106567960,9,5516
CAR02856,Maruti,Ertiga,2018,Diesel,Manual,93255,1,1462,21.6,91,5,Individual,93213050,7,11656.88
CAR02857,Mahindra,XUV500,2015,Petrol,Manual,105855,1,2179,16,87,5,Individual,74415210,10,9623.18
CAR02858,Volkswagen,Polo,2019,Diesel,Manual,106911,3,999,19.2,62,7,Individual,49107970,6,15273
CAR02859,Volkswagen,Polo,2025,Diesel,Manual,24090,1,999,16.8,62,5,Individual,125640920,0,24090
CAR02860,Toyota,Urban Cruiser,2015,Diesel,Manual,165769,2,1462,25.3,77,5,Dealer,55080240,10,15069.91
CAR02861,Hyundai,Grand i10,2025,CNG,Automatic,16479,1,1197,14.1,45,5,Individual,97730870,0,16479
CAR02862,Skoda,Slavia,2018,Diesel,Manual,111753,1,1498,20.3,101,5,Individual,91176440,7,13969.12
CAR02863,Renault,Triber,2021,Petrol,Manual,54020,2,999,17.3,63,5,Individual,85205690,4,10804
CAR02864,Kia,Sonet,2019,Diesel,Automatic,96319,1,1197,16.2,78,5,Dealer,87788930,6,13759.86
CAR02865,Maruti,Baleno,2017,Petrol,Automatic,142734,1,1197,16.7,61,5,Dealer,55502420,8,15859.33
CAR02866,Maruti,Dzire,2015,Petrol,Automatic,157638,2,1197,12.6,57,5,Individual,36434210,10,14330.73
CAR02867,Honda,Jazz,2021,Diesel,Automatic,53816,1,1199,24,62,5,Individual,93193480,4,10763.2
CAR02868,Hyundai,i20,2024,Petrol,Manual,35741,1,1197,17.6,74,5,Dealer,160554940,1,17870.5
CAR02869,Renault,Duster,2020,Petrol,Manual,51623,3,1498,20.2,65,5,Dealer,78551890,5,8603.83
CAR02870,Tata,Altroz,2021,Electric,Manual,34005,1,1199,21,60,7,Dealer,92198450,4,6801
CAR02871,Tata,Nexon,2021,Petrol,Automatic,70520,1,1199,21.5,71,5,Dealer,147014020,4,14104
CAR02872,Skoda,Kushaq,2018,Petrol,Manual,134248,1,1498,17.6,138,5,Individual,84076520,7,16781
CAR02873,Renault,Duster,2015,Petrol,Automatic,83071,1,1498,20.7,77,5,Individual,62830340,10,7551.91
CAR02874,Tata,Altroz,2020,Petrol,Manual,86246,1,1199,19.2,67,5,Dealer,91703690,5,14374.33
CAR02875,Honda,Amaze,2024,Diesel,Automatic,38336,1,1199,19.2,59,5,Individual,94717470,1,19168
CAR02876,Mahindra,Thar,2017,Diesel,Manual,87205,1,1997,22.3,111,5,Individual,103942350,8,9689.44
CAR02877,Kia,Sonet,2024,Diesel,Automatic,17226,2,1197,30,99,7,Dealer,187499030,1,8613
CAR02878,Skoda,Kushaq,2024,Petrol,Manual,30234,2,1498,14.1,121,5,Dealer,213872930,1,15117
CAR02879,Renault,Triber,2016,Diesel,Manual,120499,1,999,18.9,57,5,Individual,47539900,9,12049.9
CAR02880,Skoda,Rapid,2020,Petrol,Automatic,72886,1,1498,13.6,61,5,Dealer,95704330,5,12147.67
CAR02881,Maruti,Wagon R,2022,Diesel,Manual,32527,1,1197,20.5,45,5,Individual,76854620,3,8131.75
CAR02882,Tata,Nexon,2019,Diesel,Manual,91749,2,1199,20,72,5,Dealer,78803450,6,13107
CAR02883,Mahindra,Bolero,2022,Petrol,Automatic,50933,1,1493,23.3,70,5,Dealer,150888690,3,12733.25
CAR02884,Maruti,Baleno,2024,Diesel,Automatic,37306,2,1197,18.5,45,7,Dealer,127674490,1,18653
CAR02885,Honda,WR-V,2021,Diesel,Manual,61215,1,1498,22.2,46,7,Dealer,92124160,4,12243
CAR02886,Hyundai,Creta,2024,Petrol,Manual,23895,2,1497,11.3,123,5,Dealer,198523970,1,11947.5
CAR02887,Skoda,Kushaq,2023,Diesel,Manual,29078,3,1498,19.8,98,5,Dealer,159688350,2,9692.67
CAR02888,Maruti,Brezza,2023,Diesel,Manual,40461,1,1462,16.7,67,5,Individual,136882840,2,13487
CAR02889,Hyundai,Verna,2024,Petrol,Manual,23589,1,1497,19.3,78,5,Individual,176993550,1,11794.5
CAR02890,Hyundai,Creta,2016,Petrol,Manual,90295,1,1497,21,107,5,Individual,86678380,9,9029.5
CAR02891,Hyundai,Creta,2014,Diesel,Manual,63695,1,1497,17.5,108,5,Individual,79457240,11,5307.92
CAR02892,Mahindra,Bolero,2015,CNG,Manual,167031,2,1493,22.6,83,5,Dealer,44931960,10,15184.64
CAR02893,Honda,Amaze,2016,Diesel,Automatic,149469,1,1199,18.2,60,7,Individual,47215570,9,14946.9
CAR02894,Skoda,Rapid,2022,Diesel,Manual,37288,1,1498,19.4,61,5,Dealer,113519680,3,9322
CAR02895,Tata,Tiago,2020,Diesel,Manual,96356,3,1199,20.5,53,7,Individual,52479520,5,16059.33
CAR02896,Mahindra,XUV500,2019,Petrol,Automatic,53433,3,2179,14.5,96,5,Individual,101225540,6,7633.29
CAR02897,Kia,Carens,2014,Petrol,Automatic,116871,1,1497,14.5,119,7,Individual,64773850,11,9739.25
CAR02898,Kia,Carens,2022,Petrol,Manual,43872,3,1497,20.1,84,5,Individual,158254230,3,10968
CAR02899,Volkswagen,Virtus,2018,CNG,Automatic,90258,1,1498,19,123,5,Individual,126909170,7,11282.25
CAR02900,Tata,Punch,2023,Diesel,Manual,50173,1,1199,23.1,53,5,Individual,108163770,2,16724.33
CAR02901,Mahindra,XUV500,2015,CNG,Manual,112790,1,2179,15.7,80,5,Individual,77039870,10,10253.64
CAR02902,Renault,Duster,2017,Petrol,Manual,101341,1,1498,20.3,58,5,Dealer,69343350,8,11260.11
CAR02903,Renault,Duster,2014,Petrol,Manual,177121,1,1498,17.5,72,5,Individual,30361620,11,14760.08
CAR02904,Kia,Carens,2017,Diesel,Automatic,116149,1,1497,19,136,5,Dealer,128645770,8,12905.44
CAR02905,Kia,Sonet,2025,Petrol,Manual,29187,1,1197,17.9,72,7,Dealer,158968250,0,29187
CAR02906,Renault,Triber,2019,Petrol,Automatic,93730,2,999,13.2,59,5,Individual,61916440,6,13390
CAR02907,Kia,Carens,2019,Diesel,Manual,106998,1,1497,22.7,115,5,Individual,128647860,6,15285.43
CAR02908,Skoda,Slavia,2017,Diesel,Manual,132124,1,1498,18,97,7,Dealer,92277680,8,14680.44
CAR02909,Hyundai,i20,2017,Diesel,Manual,61947,1,1197,16.8,62,5,Dealer,62118600,8,6883
CAR02910,Honda,City,2022,Petrol,Manual,33530,1,1498,24,77,7,Individual,135806300,3,8382.5
CAR02911,Hyundai,i20,2025,Petrol,Automatic,6971,1,1197,16.5,79,5,Dealer,161545220,0,6971
CAR02912,Maruti,Brezza,2022,Petrol,Automatic,51424,1,1462,14.9,71,5,Individual,117881700,3,12856
CAR02913,Toyota,Innova,2022,Petrol,Automatic,21899,1,2393,19.9,153,5,Individual,296751690,3,5474.75
CAR02914,Tata,Safari,2019,Petrol,Automatic,77048,3,1956,18.3,127,5,Individual,148397030,6,11006.86
CAR02915,Toyota,Innova,2015,Petrol,Manual,114372,1,2393,20.5,119,5,Dealer,95690080,10,10397.45
CAR02916,Toyota,Urban Cruiser,2022,Electric,Manual,43229,1,1462,22.8,80,5,Individual,117449070,3,10807.25
CAR02917,Kia,Carens,2023,Petrol,Manual,59343,2,1497,20.4,108,5,Individual,176165340,2,19781
CAR02918,Skoda,Rapid,2020,Petrol,Automatic,49290,2,1498,23.7,71,5,Individual,82720870,5,8215
CAR02919,Renault,Kwid,2015,Petrol,Manual,155838,1,999,15.2,45,7,Individual,24100740,10,14167.09
CAR02920,Honda,Amaze,2022,Diesel,Manual,48845,2,1199,17.9,55,7,Individual,92195220,3,12211.25
CAR02921,Honda,Amaze,2025,Petrol,Manual,18222,1,1199,12.7,47,5,Individual,130042460,0,18222
CAR02922,Volkswagen,Vento,2016,Petrol,Manual,107103,1,1498,18.6,62,5,Dealer,52243540,9,10710.3
CAR02923,Hyundai,Grand i10,2015,Petrol,Manual,149446,2,1197,17.9,45,5,Dealer,27097800,10,13586
CAR02924,Mahindra,XUV500,2022,Petrol,Manual,63393,1,2179,21.3,94,5,Individual,183608210,3,15848.25
CAR02925,Toyota,Innova,2017,Diesel,Manual,114473,2,2393,19.2,164,5,Individual,141361140,8,12719.22
CAR02926,Hyundai,Verna,2022,Petrol,Manual,45309,1,1497,17.2,69,5,Individual,133099940,3,11327.25
CAR02927,Kia,Carens,2022,Petrol,Automatic,53857,2,1497,18.1,93,5,Dealer,198823790,3,13464.25
CAR02928,Honda,Amaze,2017,Diesel,Automatic,100500,2,1199,18.6,55,5,Individual,47311520,8,11166.67
CAR02929,Hyundai,i10,2014,Petrol,Manual,236469,1,1197,18.6,45,5,Dealer,16162350,11,19705.75
CAR02930,Kia,Sonet,2020,Diesel,Automatic,47766,1,1197,20,81,7,Individual,117323100,5,7961
CAR02931,Hyundai,Venue,2018,Petrol,Automatic,169624,1,1197,19.1,61,5,Individual,49659920,7,21203
CAR02932,Kia,Seltos,2024,Diesel,Manual,23615,2,1497,18.6,66,5,Individual,215736640,1,11807.5
CAR02933,Hyundai,Venue,2018,Petrol,Automatic,130133,1,1197,19.2,74,5,Dealer,72686780,7,16266.62
CAR02934,Toyota,Fortuner,2016,Petrol,Automatic,145027,2,2755,19.4,298,5,Individual,162050430,9,14502.7
CAR02935,Renault,Duster,2024,Petrol,Manual,18434,1,1498,16.5,68,5,Individual,161237230,1,9217
CAR02936,Tata,Nexon,2022,Electric,Manual,61581,1,1199,22.3,81,5,Individual,145571920,3,15395.25
CAR02937,Volkswagen,Polo,2021,Petrol,Manual,55949,2,999,17,55,5,Dealer,80224650,4,11189.8
CAR02938,Volkswagen,Vento,2025,CNG,Manual,16737,2,1498,17.3,73,5,Individual,156256760,0,16737
CAR02939,Skoda,Rapid,2023,CNG,Automatic,48975,1,1498,19.5,61,7,Dealer,138763270,2,16325
CAR02940,Hyundai,i20,2024,Petrol,Manual,28831,1,1197,19.8,62,5,Dealer,145275330,1,14415.5
CAR02941,Volkswagen,Taigun,2023,Petrol,Manual,35298,2,1498,20,127,7,Individual,170912220,2,11766
CAR02942,Skoda,Octavia,2018,Petrol,Automatic,93148,2,1984,18.5,201,5,Individual,187270270,7,11643.5
CAR02943,Volkswagen,Taigun,2014,Electric,Automatic,97691,1,1498,19.5,96,7,Individual,81036520,11,8140.92
CAR02944,Hyundai,i20,2021,Diesel,Manual,37618,1,1197,22.2,58,5,Dealer,75964850,4,7523.6
CAR02945,Renault,Triber,2023,Diesel,Automatic,55723,1,999,24.9,55,5,Dealer,133852910,2,18574.33
CAR02946,Hyundai,Grand i10,2025,Petrol,Manual,12839,1,1197,19.3,45,5,Dealer,99327250,0,12839
CAR02947,Mahindra,Thar,2022,CNG,Manual,34229,1,1997,21,104,5,Individual,200467290,3,8557.25
CAR02948,Toyota,Innova,2020,Petrol,Manual,53788,1,2393,14.9,138,5,Dealer,233764600,5,8964.67
CAR02949,Mahindra,Scorpio,2020,Petrol,Automatic,35391,2,2179,17.5,113,5,Individual,180461810,5,5898.5
CAR02950,Mahindra,XUV500,2015,Petrol,Manual,167252,1,2179,16,104,5,Individual,54509480,10,15204.73
CAR02951,Maruti,Brezza,2014,Petrol,Manual,162832,2,1462,16.9,55,5,Individual,39543370,11,13569.33
CAR02952,Mahindra,XUV700,2014,CNG,Manual,89541,1,1997,24.9,131,5,Individual,126022250,11,7461.75
CAR02953,Skoda,Octavia,2024,Diesel,Automatic,19070,1,1984,21.9,190,5,Individual,372071300,1,9535
CAR02954,Toyota,Innova,2023,Petrol,Manual,45449,1,2393,16.5,174,7,Individual,202321310,2,15149.67
CAR02955,Tata,Harrier,2017,Petrol,Manual,56675,1,1956,17.8,130,5,Dealer,152505210,8,6297.22
CAR02956,Skoda,Rapid,2019,Diesel,Automatic,72355,1,1498,19.3,56,5,Individual,89244710,6,10336.43
CAR02957,Maruti,Brezza,2019,Diesel,Automatic,39882,2,1462,18,60,5,Dealer,99885090,6,5697.43
CAR02958,Toyota,Fortuner,2016,Petrol,Manual,165733,2,2755,13.5,233,5,Individual,128679970,9,16573.3
CAR02959,Mahindra,Bolero,2019,Petrol,Manual,68036,2,1493,20,85,5,Individual,88784530,6,9719.43
CAR02960,Toyota,Glanza,2018,Diesel,Manual,71671,2,1197,22.8,63,5,Individual,67407820,7,8958.88
CAR02961,Skoda,Kushaq,2022,Electric,Manual,46565,2,1498,20.7,88,5,Dealer,212465600,3,11641.25
CAR02962,Toyota,Innova,2023,Diesel,Manual,29265,1,2393,17.3,147,5,Dealer,278342780,2,9755
CAR02963,Skoda,Slavia,2015,Petrol,Automatic,111874,1,1498,20.2,124,5,Individual,85359780,10,10170.36
CAR02964,Maruti,Dzire,2019,Diesel,Manual,100732,1,1197,17.3,60,5,Individual,46088870,6,14390.29
CAR02965,Volkswagen,Polo,2025,Petrol,Automatic,24006,1,999,13.3,66,5,Individual,159681700,0,24006
CAR02966,Mahindra,Scorpio,2024,CNG,Manual,35657,1,2179,19.7,139,5,Individual,293686420,1,17828.5
CAR02967,Tata,Punch,2023,Petrol,Automatic,35422,2,1199,21.6,50,5,Dealer,125715780,2,11807.33
CAR02968,Tata,Punch,2022,Petrol,Manual,52129,1,1199,15.9,53,5,Dealer,117178320,3,13032.25
CAR02969,Volkswagen,Polo,2014,Petrol,Manual,163615,3,999,15.6,69,5,Individual,25555570,11,13634.58
CAR02970,Kia,Sonet,2025,Petrol,Manual,19758,1,1197,16.1,70,5,Individual,174773210,0,19758
CAR02971,Kia,Seltos,2022,Petrol,Manual,15919,2,1497,14,74,5,Individual,165548900,3,3979.75
CAR02972,Maruti,Swift,2024,Diesel,Manual,16467,3,1197,15.3,53,5,Dealer,109064180,1,8233.5
CAR02973,Mahindra,Scorpio,2024,Diesel,Manual,30135,1,2179,18.5,143,5,Individual,302382530,1,15067.5
CAR02974,Skoda,Rapid,2017,CNG,Automatic,100772,2,1498,16.8,62,5,Individual,60567060,8,11196.89
CAR02975,Maruti,Swift,2014,Petrol,Manual,104417,2,1197,16.3,52,5,Dealer,33603590,11,8701.42
CAR02976,Toyota,Fortuner,2021,Petrol,Manual,107631,2,2755,18.3,219,5,Individual,319796980,4,21526.2
CAR02977,Toyota,Innova,2019,Petrol,Manual,140657,3,2393,18.5,132,5,Individual,116195070,6,20093.86
CAR02978,Renault,Triber,2014,Petrol,Automatic,219155,1,999,17.1,46,5,Individual,33792830,11,18262.92
CAR02979,Tata,Altroz,2017,Petrol,Manual,99505,1,1199,13.9,51,5,Dealer,54870290,8,11056.11
CAR02980,Toyota,Urban Cruiser,2025,CNG,Manual,11346,1,1462,19.8,87,5,Dealer,197625460,0,11346
CAR02981,Volkswagen,Virtus,2018,Electric,Manual,142111,1,1498,23.5,60,7,Individual,88701500,7,17763.88
CAR02982,Maruti,Celerio,2017,Petrol,Manual,95825,1,998,19.4,45,7,Individual,46717580,8,10647.22
CAR02983,Renault,Duster,2021,Diesel,Manual,78676,1,1498,18.5,65,5,Individual,99596670,4,15735.2
CAR02984,Renault,Duster,2021,Diesel,Manual,65403,1,1498,17.2,75,5,Dealer,130752300,4,13080.6
CAR02985,Volkswagen,Taigun,2017,Petrol,Manual,158406,2,1498,17.7,76,5,Individual,74872540,8,17600.67
CAR02986,Kia,Seltos,2024,Diesel,Automatic,52696,3,1497,18.2,88,5,Individual,204675600,1,26348
CAR02987,Volkswagen,Virtus,2020,Petrol,Manual,74403,3,1498,14.4,97,5,Individual,112527880,5,12400.5
CAR02988,Volkswagen,Vento,2015,Petrol,Manual,181915,1,1498,18.4,70,7,Dealer,39532540,10,16537.73
CAR02989,Skoda,Rapid,2017,Electric,Manual,103771,1,1498,22.6,63,5,Individual,57539220,8,11530.11
CAR02990,Toyota,Innova,2024,Diesel,Automatic,25452,1,2393,16,110,5,Individual,341454510,1,12726
CAR02991,Toyota,Innova,2015,Petrol,Automatic,115153,1,2393,15.6,134,5,Individual,102676000,10,10468.45
CAR02992,Kia,Seltos,2014,Petrol,Manual,145168,1,1497,16.9,88,5,Dealer,58484850,11,12097.33
CAR02993,Hyundai,Verna,2021,Electric,Automatic,43408,1,1497,17.9,82,5,Dealer,137221040,4,8681.6
CAR02994,Renault,Kwid,2019,Petrol,Manual,64678,3,999,15.3,45,7,Dealer,44433400,6,9239.71
CAR02995,Volkswagen,Virtus,2017,CNG,Manual,62567,1,1498,22.9,129,5,Individual,107225170,8,6951.89
CAR02996,Kia,Sonet,2019,CNG,Manual,62818,2,1197,19.5,67,5,Individual,83384920,6,8974
CAR02997,Honda,Jazz,2016,Petrol,Automatic,128747,2,1199,15.1,55,5,Individual,40266700,9,12874.7
CAR02998,Honda,Amaze,2018,Diesel,Manual,123005,2,1199,22.5,52,5,Dealer,54394340,7,15375.62
CAR02999,Toyota,Innova,2016,Diesel,Manual,151788,1,2393,18.5,137,5,Dealer,113693530,9,15178.8
CAR03000,Kia,Seltos,2021,Diesel,Manual,64196,1,1497,21.4,109,5,Individual,160322570,4,12839.2
CAR03001,Volkswagen,Taigun,2022,Petrol,Manual,26090,3,1498,15.1,99,5,Individual,166146260,3,6522.5
CAR03002,Kia,Carens,2024,Petrol,Automatic,19881,1,1497,16.6,100,7,Individual,235489610,1,9940.5
CAR03003,Skoda,Kushaq,2014,Petrol,Manual,127672,1,1498,17.5,110,5,Dealer,67954260,11,10639.33
CAR03004,Skoda,Kushaq,2017,Diesel,Automatic,132478,3,1498,20,92,5,Individual,83915780,8,14719.78
CAR03005,Volkswagen,Virtus,2017,Diesel,Manual,96374,2,1498,26.2,114,5,Individual,91543710,8,10708.22
CAR03006,Honda,WR-V,2020,Diesel,Automatic,37837,2,1498,19.6,63,5,Individual,88851600,5,6306.17
CAR03007,Mahindra,Scorpio,2020,Diesel,Automatic,94318,1,2179,22.6,111,5,Individual,141765650,5,15719.67
CAR03008,Toyota,Innova,2024,Petrol,Automatic,27354,1,2393,24.4,107,5,Individual,310155240,1,13677
CAR03009,Kia,Seltos,2025,Petrol,Manual,23979,2,1497,22.6,84,7,Dealer,222587280,0,23979
CAR03010,Renault,Duster,2023,Diesel,Manual,55890,1,1498,19.8,68,5,Dealer,138386500,2,18630
CAR03011,Honda,Jazz,2016,Diesel,Manual,116632,1,1199,22.7,59,5,Individual,45848140,9,11663.2
CAR03012,Mahindra,XUV500,2014,Diesel,Manual,117709,1,2179,19.7,94,5,Individual,63275320,11,9809.08
CAR03013,Maruti,Swift,2024,Petrol,Automatic,33748,1,1197,17.4,45,5,Dealer,119109480,1,16874
CAR03014,Volkswagen,Vento,2025,Petrol,Manual,12290,1,1498,20,65,7,Dealer,197876260,0,12290
CAR03015,Toyota,Urban Cruiser,2017,CNG,Manual,90649,2,1462,23.7,59,5,Individual,64141910,8,10072.11
CAR03016,Toyota,Innova,2014,Petrol,Manual,142430,1,2393,19,117,5,Dealer,75547610,11,11869.17
CAR03017,Mahindra,Scorpio,2022,Petrol,Manual,25409,1,2179,17,144,5,Dealer,220337300,3,6352.25
CAR03018,Tata,Nexon,2021,Diesel,Manual,73245,3,1199,17.9,76,5,Dealer,119344510,4,14649
CAR03019,Mahindra,XUV700,2024,Diesel,Manual,14424,3,1997,15.7,162,7,Individual,340985780,1,7212
CAR03020,Volkswagen,Taigun,2020,Electric,Automatic,48162,1,1498,23,124,5,Individual,175286970,5,8027
CAR03021,Honda,Amaze,2023,CNG,Manual,51371,2,1199,21.7,55,5,Individual,104192770,2,17123.67
CAR03022,Hyundai,Creta,2023,Diesel,Manual,54441,1,1497,21.8,110,5,Dealer,202061580,2,18147
CAR03023,Honda,WR-V,2014,Petrol,Manual,156414,1,1498,13.1,70,7,Dealer,39589350,11,13034.5
CAR03024,Hyundai,Creta,2015,Petrol,Manual,52294,1,1497,17.8,89,5,Dealer,96373130,10,4754
CAR03025,Honda,City,2023,CNG,Manual,35949,1,1498,20.4,79,5,Individual,169917570,2,11983
CAR03026,Kia,Carens,2016,Petrol,Manual,102125,2,1497,17.3,94,5,Individual,88994670,9,10212.5
CAR03027,Hyundai,Grand i10,2016,Electric,Manual,112449,2,1197,26.2,49,5,Dealer,33764330,9,11244.9
CAR03028,Volkswagen,Polo,2023,Diesel,Automatic,44962,1,999,23.1,63,5,Dealer,115290290,2,14987.33
CAR03029,Tata,Altroz,2016,Petrol,Manual,178360,1,1199,20.5,49,7,Dealer,38043510,9,17836
CAR03030,Renault,Duster,2015,Petrol,Manual,163742,3,1498,17.8,62,5,Individual,41887780,10,14885.64
CAR03031,Volkswagen,Vento,2014,Diesel,Automatic,118027,1,1498,18.7,63,7,Dealer,50942040,11,9835.58
CAR03032,Tata,Harrier,2019,Petrol,Automatic,116972,1,1956,21.1,112,5,Dealer,157040130,6,16710.29
CAR03033,Mahindra,Thar,2021,Petrol,Manual,56768,1,1997,22.6,108,7,Dealer,187422080,4,11353.6
CAR03034,Hyundai,Creta,2022,Diesel,Automatic,3822,1,1497,24.1,102,5,Individual,172252480,3,955.5
CAR03035,Maruti,Ertiga,2024,Petrol,Automatic,19527,1,1462,19,89,5,Dealer,208237150,1,9763.5
CAR03036,Skoda,Kushaq,2021,Petrol,Manual,8869,1,1498,17.6,98,5,Individual,169245350,4,1773.8
CAR03037,Renault,Triber,2023,Diesel,Manual,18960,1,999,21.4,55,5,Individual,114437570,2,6320
CAR03038,Hyundai,i20,2016,Diesel,Manual,102127,1,1197,21.6,66,5,Individual,48379890,9,10212.7
CAR03039,Tata,Punch,2018,Petrol,Manual,40890,1,1199,16.3,59,5,Individual,71334550,7,5111.25
CAR03040,Hyundai,Verna,2017,Electric,Automatic,66411,1,1497,21.9,61,5,Dealer,87219120,8,7379
CAR03041,Honda,WR-V,2014,CNG,Manual,79706,1,1498,30,59,5,Dealer,43900450,11,6642.17
CAR03042,Tata,Punch,2025,Petrol,Manual,11757,1,1199,16.3,57,5,Individual,120946210,0,11757
CAR03043,Honda,WR-V,2016,Petrol,Manual,90707,2,1498,20.1,73,5,Dealer,54695680,9,9070.7
CAR03044,Mahindra,XUV500,2019,Diesel,Manual,109269,2,2179,17.8,112,5,Individual,107908790,6,15609.86
CAR03045,Hyundai,Venue,2018,Petrol,Automatic,102124,1,1197,17.1,63,5,Individual,86208130,7,12765.5
CAR03046,Renault,Kwid,2014,CNG,Manual,212139,1,999,18.2,45,5,Dealer,21002790,11,17678.25
CAR03047,Volkswagen,Vento,2024,Diesel,Manual,16380,1,1498,16.5,74,5,Individual,145216430,1,8190
CAR03048,Volkswagen,Virtus,2016,Petrol,Manual,202932,1,1498,19.4,98,5,Dealer,63045420,9,20293.2
CAR03049,Hyundai,Verna,2015,Diesel,Automatic,134548,1,1497,20.8,80,5,Dealer,59200010,10,12231.64
CAR03050,Volkswagen,Virtus,2018,Diesel,Automatic,68282,3,1498,24.8,102,5,Individual,117758580,7,8535.25
CAR03051,Renault,Kwid,2015,CNG,Automatic,211978,1,999,21.1,45,5,Individual,25325290,10,19270.73
CAR03052,Hyundai,i10,2025,Petrol,Manual,5343,1,1197,18,45,5,Individual,92241010,0,5343
CAR03053,Volkswagen,Vento,2016,CNG,Manual,95300,1,1498,20.9,76,7,Dealer,57528390,9,9530
CAR03054,Honda,Jazz,2017,Petrol,Manual,58428,1,1199,14.6,47,5,Individual,61816690,8,6492
CAR03055,Volkswagen,Taigun,2017,Diesel,Automatic,53272,1,1498,21.1,99,7,Dealer,120505030,8,5919.11
CAR03056,Toyota,Glanza,2014,CNG,Manual,54226,1,1197,20.5,67,5,Individual,44115720,11,4518.83
CAR03057,Renault,Duster,2014,Petrol,Automatic,173744,1,1498,13.2,68,7,Individual,41217460,11,14478.67
CAR03058,Hyundai,Venue,2020,Petrol,Manual,41184,2,1197,20.8,72,7,Individual,90736590,5,6864
CAR03059,Honda,Jazz,2016,Diesel,Manual,114027,1,1199,17.6,66,5,Individual,51670690,9,11402.7
CAR03060,Tata,Safari,2015,CNG,Automatic,160107,1,1956,22,147,7,Individual,110449660,10,14555.18
CAR03061,Tata,Altroz,2017,Petrol,Manual,124042,3,1199,18.6,66,5,Individual,43233170,8,13782.44
CAR03062,Honda,Jazz,2017,Petrol,Automatic,120903,2,1199,18.1,68,5,Dealer,63445370,8,13433.67
CAR03063,Honda,City,2019,Diesel,Manual,109510,1,1498,16.3,65,5,Dealer,90383570,6,15644.29
CAR03064,Hyundai,Venue,2025,Petrol,Automatic,16855,3,1197,21.7,69,5,Individual,156379310,0,16855
CAR03065,Volkswagen,Virtus,2017,Diesel,Manual,72925,2,1498,17.1,93,5,Individual,104427040,8,8102.78
CAR03066,Mahindra,Thar,2022,Petrol,Automatic,50931,1,1997,10.1,116,5,Individual,186298040,3,12732.75
CAR03067,Renault,Kwid,2023,Petrol,Automatic,26344,1,999,20,45,5,Dealer,90989860,2,8781.33
CAR03068,Volkswagen,Taigun,2014,CNG,Manual,141451,1,1498,23.4,70,5,Dealer,68961640,11,11787.58
CAR03069,Hyundai,Verna,2020,Petrol,Manual,48758,1,1497,13.9,61,5,Dealer,108466440,5,8126.33
CAR03070,Maruti,Swift,2019,CNG,Manual,68936,3,1197,21,45,7,Individual,49066740,6,9848
CAR03071,Toyota,Innova,2020,Diesel,Manual,71126,1,2393,22.5,123,7,Dealer,177231810,5,11854.33
CAR03072,Toyota,Fortuner,2016,Petrol,Automatic,177785,1,2755,21.7,244,5,Dealer,199848650,9,17778.5
CAR03073,Tata,Harrier,2019,Petrol,Manual,49746,1,1956,19.3,151,7,Individual,157677200,6,7106.57
CAR03074,Volkswagen,Vento,2015,Petrol,Automatic,37552,2,1498,20,55,5,Individual,62277630,10,3413.82
CAR03075,Mahindra,Bolero,2025,Diesel,Manual,23762,1,1493,21.5,95,5,Individual,176830340,0,23762
CAR03076,Volkswagen,Virtus,2021,Diesel,Manual,32235,1,1498,18.9,111,5,Dealer,172651100,4,6447
CAR03077,Hyundai,Grand i10,2014,Diesel,Automatic,134914,1,1197,16,48,5,Individual,31892260,11,11242.83
CAR03078,Renault,Duster,2020,Petrol,Manual,85329,1,1498,16.7,76,5,Individual,94463440,5,14221.5
CAR03079,Tata,Nexon,2025,Petrol,Manual,17483,1,1199,20.9,62,5,Individual,190764370,0,17483
CAR03080,Toyota,Urban Cruiser,2022,Petrol,Manual,51167,1,1462,20.8,67,7,Individual,122301860,3,12791.75
CAR03081,Toyota,Urban Cruiser,2017,Diesel,Manual,97816,1,1462,19.9,63,5,Dealer,63576090,8,10868.44
CAR03082,Renault,Duster,2024,Petrol,Manual,35353,1,1498,16.5,75,7,Individual,140186940,1,17676.5
CAR03083,Tata,Harrier,2016,Petrol,Automatic,71004,1,1956,22.7,110,5,Individual,120301920,9,7100.4
CAR03084,Tata,Tiago,2016,Petrol,Manual,136469,1,1199,17.9,45,5,Individual,34467140,9,13646.9
CAR03085,Honda,Jazz,2015,Petrol,Automatic,93516,1,1199,19.4,54,5,Dealer,43114420,10,8501.45
CAR03086,Honda,City,2025,Diesel,Manual,8940,1,1498,15.7,94,7,Individual,212979550,0,8940
CAR03087,Hyundai,Verna,2022,Diesel,Manual,22985,1,1497,19.1,70,5,Individual,144202400,3,5746.25
CAR03088,Hyundai,i10,2020,Electric,Manual,95304,1,1197,25.8,45,5,Individual,45290490,5,15884
CAR03089,Tata,Tiago,2022,Petrol,Manual,41354,1,1199,13.4,48,7,Individual,71802710,3,10338.5
CAR03090,Toyota,Fortuner,2017,Diesel,Automatic,123348,1,2755,19.2,240,5,Dealer,222029250,8,13705.33
CAR03091,Honda,Jazz,2014,Petrol,Manual,183496,1,1199,18.7,69,5,Dealer,28625590,11,15291.33
CAR03092,Honda,Amaze,2024,Diesel,Manual,31079,1,1199,23.6,57,5,Individual,116478360,1,15539.5
CAR03093,Volkswagen,Taigun,2025,Diesel,Manual,9385,1,1498,22.2,107,5,Individual,256642500,0,9385
CAR03094,Tata,Punch,2014,Petrol,Manual,155439,3,1199,22.6,65,5,Individual,33064750,11,12953.25
CAR03095,Skoda,Kushaq,2014,Diesel,Manual,126430,1,1498,21.8,110,5,Individual,70956450,11,10535.83
CAR03096,Volkswagen,Vento,2020,Petrol,Manual,92133,1,1498,20.2,72,5,Individual,94246460,5,15355.5
CAR03097,Hyundai,Venue,2014,Petrol,Manual,150407,2,1197,14.6,79,5,Individual,41456670,11,12533.92
CAR03098,Honda,Amaze,2022,Petrol,Manual,36082,1,1199,18.2,53,7,Individual,89551180,3,9020.5
CAR03099,Hyundai,i20,2025,Petrol,Automatic,19367,2,1197,22.5,52,5,Dealer,188605590,0,19367
CAR03100,Tata,Tiago,2017,CNG,Manual,112956,1,1199,19.6,45,5,Dealer,40933980,8,12550.67
CAR03101,Honda,Amaze,2017,Diesel,Manual,73739,1,1199,17.7,45,5,Individual,47141090,8,8193.22
CAR03102,Hyundai,i10,2024,Diesel,Manual,18155,2,1197,12.4,45,5,Dealer,84717010,1,9077.5
CAR03103,Maruti,Baleno,2018,CNG,Automatic,97258,1,1197,24.2,52,5,Dealer,54364890,7,12157.25
CAR03104,Toyota,Glanza,2016,Diesel,Manual,126370,2,1197,15.9,69,5,Individual,42937530,9,12637
CAR03105,Volkswagen,Polo,2015,Petrol,Manual,35065,1,999,15,54,5,Dealer,50334040,10,3187.73
CAR03106,Honda,Jazz,2024,Petrol,Manual,22230,1,1199,20.8,72,7,Dealer,143191980,1,11115
CAR03107,Renault,Duster,2025,Petrol,Manual,12252,1,1498,10.9,73,5,Individual,189605750,0,12252
CAR03108,Honda,Amaze,2014,CNG,Manual,75289,1,1199,25.1,45,5,Dealer,42037310,11,6274.08
CAR03109,Skoda,Slavia,2023,CNG,Manual,21820,1,1498,18.5,119,5,Individual,201753210,2,7273.33
CAR03110,Tata,Tiago,2015,Diesel,Manual,128895,3,1199,18.9,51,5,Individual,29827720,10,11717.73
CAR03111,Mahindra,XUV700,2015,Petrol,Manual,99518,1,1997,15.2,119,5,Individual,109155380,10,9047.09
CAR03112,Volkswagen,Virtus,2018,Petrol,Manual,87562,2,1498,13.5,113,5,Dealer,108205760,7,10945.25
CAR03113,Maruti,Baleno,2019,CNG,Manual,54394,1,1197,18.7,66,5,Dealer,77706580,6,7770.57
CAR03114,Skoda,Kushaq,2024,Petrol,Manual,23868,1,1498,15,75,5,Individual,211740370,1,11934
CAR03115,Honda,Amaze,2022,Diesel,Manual,26001,1,1199,15.6,48,7,Individual,97868240,3,6500.25
CAR03116,Toyota,Urban Cruiser,2015,Petrol,Automatic,182522,1,1462,22.1,82,5,Individual,47161420,10,16592.91
CAR03117,Kia,Seltos,2021,Petrol,Automatic,90933,1,1497,14.6,95,5,Dealer,173462400,4,18186.6
CAR03118,Kia,Sonet,2024,Diesel,Manual,18123,2,1197,13.6,87,5,Individual,133714590,1,9061.5
CAR03119,Maruti,Wagon R,2021,Electric,Manual,34317,2,1197,16.3,47,5,Dealer,64506520,4,6863.4
CAR03120,Renault,Triber,2016,Diesel,Manual,149527,1,999,20.6,65,5,Individual,48994730,9,14952.7
CAR03121,Kia,Sonet,2015,Petrol,Automatic,144995,1,1197,12.3,84,5,Individual,58292380,10,13181.36
CAR03122,Skoda,Octavia,2019,Petrol,Manual,125509,1,1984,17,155,7,Individual,177046370,6,17929.86
CAR03123,Toyota,Glanza,2019,CNG,Manual,141999,1,1197,26.9,56,5,Individual,58379970,6,20285.57
CAR03124,Kia,Carens,2018,Diesel,Automatic,41028,1,1497,19.8,130,7,Individual,141025600,7,5128.5
CAR03125,Toyota,Urban Cruiser,2015,Petrol,Manual,179479,1,1462,18.5,69,5,Dealer,47665300,10,16316.27
CAR03126,Renault,Kwid,2015,Diesel,Manual,118484,1,999,17.7,45,5,Individual,31831650,10,10771.27
CAR03127,Renault,Duster,2020,Petrol,Manual,87524,1,1498,17.5,67,5,Individual,99435360,5,14587.33
CAR03128,Skoda,Slavia,2025,Petrol,Manual,23596,3,1498,16.9,94,5,Dealer,196294130,0,23596
CAR03129,Mahindra,XUV700,2021,CNG,Automatic,86758,2,1997,21.9,133,5,Individual,183346200,4,17351.6
CAR03130,Volkswagen,Polo,2019,Diesel,Manual,108087,3,999,24.3,59,7,Dealer,52229290,6,15441
CAR03131,Honda,City,2025,Petrol,Manual,13702,1,1498,16.2,93,7,Dealer,168188000,0,13702
CAR03132,Toyota,Urban Cruiser,2022,Petrol,Manual,37552,1,1462,15.1,77,7,Dealer,151666550,3,9388
CAR03133,Volkswagen,Taigun,2022,Electric,Manual,70738,1,1498,22.3,107,5,Individual,144094100,3,17684.5
CAR03134,Maruti,Baleno,2020,Diesel,Automatic,45033,2,1197,22.2,47,7,Individual,77915770,5,7505.5
CAR03135,Volkswagen,Taigun,2023,Diesel,Automatic,56369,1,1498,18.3,104,7,Individual,190579500,2,18789.67
CAR03136,Maruti,Brezza,2020,Petrol,Automatic,55310,1,1462,18.3,71,5,Individual,88286920,5,9218.33
CAR03137,Mahindra,Bolero,2021,Electric,Automatic,75487,1,1493,24,64,5,Individual,128630950,4,15097.4
CAR03138,Toyota,Urban Cruiser,2021,CNG,Manual,53999,1,1462,27.5,77,5,Individual,106071490,4,10799.8
CAR03139,Toyota,Urban Cruiser,2023,Diesel,Manual,25274,1,1462,22.1,66,5,Individual,173698570,2,8424.67
CAR03140,Toyota,Innova,2024,Petrol,Manual,23957,1,2393,14.9,131,5,Dealer,363692110,1,11978.5
CAR03141,Toyota,Urban Cruiser,2017,Diesel,Manual,128534,2,1462,12.7,80,7,Dealer,60778150,8,14281.56
CAR03142,Toyota,Fortuner,2022,CNG,Manual,38129,3,2755,21.5,293,7,Individual,293432390,3,9532.25
CAR03143,Toyota,Fortuner,2014,Diesel,Manual,250544,1,2755,17.2,290,7,Dealer,98769030,11,20878.67
CAR03144,Mahindra,Thar,2020,Electric,Manual,67684,1,1997,21,109,5,Dealer,192566710,5,11280.67
CAR03145,Volkswagen,Taigun,2024,Diesel,Automatic,28480,2,1498,16.3,111,5,Individual,238928420,1,14240
CAR03146,Mahindra,Scorpio,2021,Petrol,Manual,66314,1,2179,16,135,5,Dealer,191334370,4,13262.8
CAR03147,Kia,Carens,2017,Petrol,Manual,25237,2,1497,15.9,112,5,Dealer,107379830,8,2804.11
CAR03148,Renault,Kwid,2021,Diesel,Automatic,57508,2,999,19,45,5,Dealer,66685250,4,11501.6
CAR03149,Skoda,Rapid,2018,Petrol,Manual,89709,1,1498,15.5,73,7,Dealer,71300160,7,11213.62
CAR03150,Hyundai,i20,2019,Petrol,Manual,59452,1,1197,15.3,57,5,Individual,80935440,6,8493.14
CAR03151,Volkswagen,Virtus,2016,Diesel,Manual,101478,1,1498,20.9,89,7,Individual,98162930,9,10147.8
CAR03152,Tata,Altroz,2021,Petrol,Automatic,85088,1,1199,17.5,62,5,Dealer,104663970,4,17017.6
CAR03153,Hyundai,Venue,2016,Diesel,Automatic,125513,3,1197,19.3,70,5,Individual,56093320,9,12551.3
CAR03154,Volkswagen,Taigun,2019,Petrol,Manual,95513,1,1498,17.4,130,5,Individual,100281620,6,13644.71
CAR03155,Maruti,Dzire,2025,Petrol,Manual,30474,1,1197,14.8,49,5,Dealer,116784450,0,30474
CAR03156,Renault,Duster,2023,Petrol,Manual,28401,1,1498,21.8,79,7,Dealer,134645210,2,9467
CAR03157,Volkswagen,Polo,2018,Diesel,Manual,83839,2,999,25.4,59,5,Dealer,57705850,7,10479.88
CAR03158,Skoda,Rapid,2025,Diesel,Automatic,10620,1,1498,23,51,5,Individual,194188550,0,10620
CAR03159,Kia,Carens,2014,Petrol,Manual,86594,1,1497,12.2,112,7,Individual,91561190,11,7216.17
CAR03160,Renault,Duster,2025,Petrol,Automatic,13473,1,1498,15.5,63,5,Individual,193734070,0,13473
CAR03161,Hyundai,Creta,2018,Petrol,Automatic,43944,1,1497,19.6,127,5,Dealer,137156440,7,5493
CAR03162,Renault,Duster,2023,Diesel,Manual,50082,1,1498,17,62,7,Individual,111120930,2,16694
CAR03163,Hyundai,Venue,2025,Electric,Automatic,16352,1,1197,20.4,64,5,Dealer,193779290,0,16352
CAR03164,Honda,Amaze,2021,Diesel,Manual,63265,1,1199,15.2,45,5,Individual,79144500,4,12653
CAR03165,Hyundai,Creta,2021,Petrol,Manual,67495,2,1497,16.4,87,5,Individual,126654380,4,13499
CAR03166,Toyota,Glanza,2022,Diesel,Automatic,32377,2,1197,18.4,64,5,Dealer,117099660,3,8094.25
CAR03167,Volkswagen,Polo,2016,Petrol,Automatic,57523,3,999,10.3,48,5,Individual,47180420,9,5752.3
CAR03168,Tata,Punch,2016,Petrol,Automatic,156492,3,1199,21,63,5,Individual,31941660,9,15649.2
CAR03169,Renault,Duster,2018,Petrol,Manual,162487,1,1498,18.8,72,5,Individual,63735880,7,20310.88
CAR03170,Kia,Sonet,2019,Petrol,Manual,100547,1,1197,13.5,64,5,Individual,92168620,6,14363.86
CAR03171,Kia,Carens,2022,Petrol,Automatic,45654,1,1497,20.1,102,5,Dealer,208679660,3,11413.5
CAR03172,Skoda,Octavia,2017,Diesel,Manual,91025,1,1984,19.7,152,5,Individual,163540030,8,10113.89
CAR03173,Toyota,Fortuner,2020,Petrol,Manual,72670,3,2755,21,270,5,Dealer,266543780,5,12111.67
CAR03174,Honda,Jazz,2014,Diesel,Manual,139594,1,1199,21.5,45,5,Individual,33762620,11,11632.83
CAR03175,Skoda,Rapid,2014,CNG,Manual,196965,1,1498,18.7,68,7,Individual,35325560,11,16413.75
CAR03176,Mahindra,Thar,2025,Diesel,Manual,8728,1,1997,21.3,101,5,Dealer,268709970,0,8728
CAR03177,Kia,Seltos,2024,Petrol,Automatic,32597,2,1497,19.6,99,5,Dealer,264678930,1,16298.5
CAR03178,Tata,Nexon,2024,Diesel,Manual,18405,1,1199,22.5,81,5,Dealer,194513070,1,9202.5
CAR03179,Tata,Tiago,2017,Petrol,Automatic,122476,1,1199,20.5,46,5,Dealer,45898300,8,13608.44
CAR03180,Hyundai,Creta,2020,Petrol,Automatic,57569,1,1497,23.7,123,5,Individual,185744000,5,9594.83
CAR03181,Tata,Altroz,2022,Petrol,Manual,55505,1,1199,20.4,56,5,Individual,112562460,3,13876.25
CAR03182,Hyundai,i20,2017,CNG,Manual,135246,2,1197,18.6,51,5,Individual,46945580,8,15027.33
CAR03183,Volkswagen,Taigun,2022,Diesel,Manual,42166,1,1498,19.8,133,5,Dealer,170021120,3,10541.5
CAR03184,Maruti,Ertiga,2022,CNG,Automatic,28719,2,1462,17.9,80,5,Individual,132979480,3,7179.75
CAR03185,Kia,Sonet,2018,Diesel,Manual,115895,1,1197,22.9,74,5,Individual,70833520,7,14486.88
CAR03186,Skoda,Octavia,2019,Diesel,Manual,72780,1,1984,16.7,224,5,Individual,195220630,6,10397.14
CAR03187,Volkswagen,Vento,2017,CNG,Automatic,116778,3,1498,27.7,55,5,Individual,48718280,8,12975.33
CAR03188,Toyota,Innova,2023,CNG,Manual,48132,1,2393,20.1,137,5,Dealer,280141320,2,16044
CAR03189,Maruti,Baleno,2025,Petrol,Manual,25677,1,1197,17.4,48,5,Individual,146203290,0,25677
CAR03190,Renault,Kwid,2025,Electric,Automatic,21669,1,999,21.1,45,7,Dealer,124148090,0,21669
CAR03191,Maruti,Baleno,2023,CNG,Manual,38365,2,1197,18.8,45,5,Individual,101274180,2,12788.33
CAR03192,Kia,Seltos,2018,Petrol,Manual,75318,1,1497,15.9,98,5,Dealer,117874290,7,9414.75
CAR03193,Kia,Seltos,2023,Petrol,Manual,48178,1,1497,18.2,97,5,Individual,150041860,2,16059.33
CAR03194,Hyundai,Grand i10,2016,Petrol,Automatic,127101,2,1197,17.6,45,5,Individual,38748410,9,12710.1
CAR03195,Volkswagen,Polo,2024,Diesel,Automatic,39605,1,999,18,45,5,Individual,114721240,1,19802.5
CAR03196,Hyundai,Grand i10,2017,Petrol,Automatic,118100,1,1197,18.4,50,7,Individual,44546640,8,13122.22
CAR03197,Tata,Altroz,2018,Petrol,Automatic,62791,1,1199,15.9,57,5,Dealer,74982930,7,7848.88
CAR03198,Renault,Triber,2015,Diesel,Manual,200738,1,999,19.3,79,5,Dealer,33151200,10,18248.91
CAR03199,Skoda,Slavia,2014,CNG,Manual,161047,2,1498,26.3,98,5,Individual,48132130,11,13420.58
CAR03200,Tata,Safari,2018,CNG,Manual,94557,1,1956,19.3,128,5,Individual,133940690,7,11819.62
CAR03201,Skoda,Kushaq,2020,Diesel,Automatic,72777,2,1498,18.4,106,5,Individual,126993530,5,12129.5
CAR03202,Skoda,Kushaq,2014,Petrol,Automatic,231334,3,1498,14,88,7,Individual,40512560,11,19277.83
CAR03203,Volkswagen,Taigun,2024,Petrol,Manual,20138,1,1498,16.5,121,5,Individual,259330620,1,10069
CAR03204,Hyundai,Grand i10,2015,Diesel,Automatic,109754,1,1197,20.4,45,5,Individual,35343230,10,9977.64
CAR03205,Tata,Altroz,2025,Petrol,Manual,22057,1,1199,15.9,53,7,Individual,134192060,0,22057
CAR03206,Kia,Sonet,2017,Diesel,Manual,112345,2,1197,15.9,81,5,Dealer,67961860,8,12482.78
CAR03207,Skoda,Kushaq,2018,Electric,Manual,71692,1,1498,23.6,108,5,Individual,119360660,7,8961.5
CAR03208,Renault,Kwid,2015,Diesel,Automatic,119622,1,999,20.7,45,5,Dealer,37695430,10,10874.73
CAR03209,Toyota,Fortuner,2023,Diesel,Manual,34203,3,2755,21.1,202,5,Dealer,472046830,2,11401
CAR03210,Tata,Safari,2022,Diesel,Manual,64286,1,1956,15.6,157,5,Individual,184030390,3,16071.5
CAR03211,Skoda,Slavia,2014,CNG,Automatic,212899,2,1498,25.1,91,7,Individual,54301810,11,17741.58
CAR03212,Tata,Nexon,2015,Petrol,Manual,157537,1,1199,16,60,5,Individual,52843370,10,14321.55
CAR03213,Honda,WR-V,2021,Petrol,Manual,73674,1,1498,14.5,70,5,Dealer,117473200,4,14734.8
CAR03214,Skoda,Slavia,2024,Petrol,Automatic,25607,1,1498,20.6,102,5,Individual,242399720,1,12803.5
CAR03215,Mahindra,XUV500,2015,Diesel,Manual,155762,2,2179,23.3,95,5,Individual,65525680,10,14160.18
CAR03216,Tata,Tiago,2016,Petrol,Manual,61582,1,1199,16.6,49,5,Individual,41006180,9,6158.2
CAR03217,Maruti,Brezza,2020,Petrol,Manual,75752,1,1462,15,67,7,Dealer,98704050,5,12625.33
CAR03218,Toyota,Urban Cruiser,2015,Diesel,Automatic,137342,2,1462,20.6,57,5,Dealer,47258700,10,12485.64
CAR03219,Skoda,Kushaq,2017,Petrol,Manual,153809,3,1498,13.5,100,5,Individual,61630680,8,17089.89
CAR03220,Toyota,Glanza,2014,Diesel,Manual,199607,1,1197,27,62,5,Dealer,33730320,11,16633.92
CAR03221,Kia,Seltos,2019,Petrol,Automatic,78441,1,1497,14.4,100,5,Individual,125908250,6,11205.86
CAR03222,Tata,Punch,2022,Petrol,Manual,40458,1,1199,18.6,58,5,Individual,90323720,3,10114.5
CAR03223,Volkswagen,Taigun,2018,Petrol,Automatic,67570,1,1498,17,138,5,Individual,136454010,7,8446.25
CAR03224,Volkswagen,Virtus,2017,Petrol,Automatic,91629,1,1498,14.7,127,7,Dealer,81328930,8,10181
CAR03225,Kia,Carens,2019,Electric,Automatic,122390,1,1497,19.7,89,5,Dealer,113872510,6,17484.29
CAR03226,Volkswagen,Virtus,2020,Electric,Manual,83346,1,1498,25.9,87,5,Individual,113011810,5,13891
CAR03227,Mahindra,Thar,2015,Diesel,Manual,151248,1,1997,20.4,131,5,Individual,82258790,10,13749.82
CAR03228,Honda,Jazz,2015,Diesel,Manual,156375,1,1199,17.2,68,5,Individual,36697930,10,14215.91
CAR03229,Volkswagen,Vento,2016,Diesel,Automatic,73785,3,1498,17.6,79,5,Individual,56713480,9,7378.5
CAR03230,Renault,Triber,2025,CNG,Automatic,17301,1,999,18.6,56,5,Individual,161870880,0,17301
CAR03231,Renault,Kwid,2022,Petrol,Manual,47547,2,999,20.1,45,5,Individual,66416400,3,11886.75
CAR03232,Tata,Punch,2015,Petrol,Manual,94019,1,1199,20.3,46,7,Individual,49608620,10,8547.18
CAR03233,Kia,Carens,2017,Diesel,Manual,66595,2,1497,20.9,107,5,Individual,107300790,8,7399.44
CAR03234,Maruti,Brezza,2018,Electric,Automatic,57131,2,1462,23.3,64,5,Individual,78433330,7,7141.38
CAR03235,Mahindra,XUV700,2016,Petrol,Automatic,142554,1,1997,19.4,158,5,Individual,133908580,9,14255.4
CAR03236,Mahindra,Bolero,2024,Petrol,Automatic,16617,1,1493,12.6,82,5,Individual,165160160,1,8308.5
CAR03237,Honda,WR-V,2025,Petrol,Manual,32872,1,1498,18.3,65,5,Individual,150476200,0,32872
CAR03238,Skoda,Kushaq,2016,Petrol,Automatic,81095,1,1498,20.7,116,5,Dealer,88664640,9,8109.5
CAR03239,Renault,Duster,2014,Diesel,Manual,142607,2,1498,20,69,7,Individual,46759000,11,11883.92
CAR03240,Maruti,Dzire,2017,Petrol,Manual,101911,1,1197,17.7,56,5,Individual,43597210,8,11323.44
CAR03241,Tata,Tiago,2020,CNG,Manual,70970,1,1199,19.1,45,5,Individual,69243410,5,11828.33
CAR03242,Tata,Safari,2023,Diesel,Manual,33190,3,1956,17.6,122,5,Individual,248706960,2,11063.33
CAR03243,Renault,Duster,2018,Petrol,Automatic,121024,1,1498,15.9,74,5,Dealer,76930620,7,15128
CAR03244,Mahindra,Thar,2017,Diesel,Manual,87762,1,1997,20,136,5,Individual,111354060,8,9751.33
CAR03245,Volkswagen,Taigun,2016,Diesel,Manual,116562,1,1498,17.8,111,5,Individual,75393520,9,11656.2
CAR03246,Renault,Triber,2014,Petrol,Manual,123607,3,999,12,60,5,Individual,38885780,11,10300.58
CAR03247,Volkswagen,Vento,2014,Petrol,Manual,148368,1,1498,19.9,79,5,Individual,38587480,11,12364
CAR03248,Maruti,Wagon R,2019,CNG,Automatic,84381,1,1197,22.6,45,5,Dealer,60829260,6,12054.43
CAR03249,Hyundai,Venue,2021,Petrol,Manual,60433,1,1197,18.6,66,5,Dealer,108970130,4,12086.6
CAR03250,Honda,WR-V,2014,Petrol,Manual,145269,2,1498,14.7,67,5,Individual,32319760,11,12105.75
CAR03251,Honda,Jazz,2016,Petrol,Manual,118477,1,1199,16,62,5,Individual,56976060,9,11847.7
CAR03252,Volkswagen,Polo,2024,Petrol,Automatic,30363,3,999,19.1,47,5,Individual,106065030,1,15181.5
CAR03253,Hyundai,i20,2025,Diesel,Manual,23687,1,1197,19.4,64,5,Individual,158771410,0,23687
CAR03254,Honda,Jazz,2021,Petrol,Manual,52426,1,1199,15.4,46,7,Individual,63782430,4,10485.2
CAR03255,Tata,Tiago,2020,Diesel,Manual,71860,1,1199,23.2,45,7,Individual,60112010,5,11976.67
CAR03256,Hyundai,Venue,2020,Petrol,Manual,80290,1,1197,15,72,7,Individual,101420670,5,13381.67
CAR03257,Hyundai,Grand i10,2018,CNG,Manual,44942,2,1197,12,45,7,Individual,50692380,7,5617.75
CAR03258,Hyundai,Verna,2016,Petrol,Manual,63877,1,1497,17.8,58,5,Individual,70825350,9,6387.7
CAR03259,Mahindra,Scorpio,2018,CNG,Automatic,80419,1,2179,21.4,128,5,Individual,143295530,7,10052.38
CAR03260,Toyota,Urban Cruiser,2022,CNG,Manual,45308,1,1462,21.2,82,5,Dealer,143031620,3,11327
CAR03261,Toyota,Glanza,2021,Petrol,Manual,26280,1,1197,18.7,70,5,Individual,84824740,4,5256
CAR03262,Toyota,Glanza,2022,Diesel,Automatic,62112,2,1197,17.6,71,7,Dealer,100451860,3,15528
CAR03263,Volkswagen,Virtus,2021,Petrol,Manual,74157,1,1498,20.6,105,5,Individual,174621590,4,14831.4
CAR03264,Renault,Duster,2014,CNG,Manual,44446,2,1498,16.9,92,5,Individual,44841330,11,3703.83
CAR03265,Mahindra,XUV500,2021,Diesel,Manual,43660,1,2179,19.2,88,5,Dealer,158473300,4,8732
CAR03266,Kia,Sonet,2024,Petrol,Manual,35083,3,1197,15.6,67,5,Individual,120684010,1,17541.5
CAR03267,Volkswagen,Polo,2021,Petrol,Manual,33125,2,999,20.5,56,5,Dealer,90194520,4,6625
CAR03268,Kia,Sonet,2020,Petrol,Automatic,93558,1,1197,15.1,81,5,Dealer,104000680,5,15593
CAR03269,Hyundai,i20,2016,Diesel,Manual,129342,1,1197,19.5,68,5,Individual,44116290,9,12934.2
CAR03270,Skoda,Slavia,2023,Diesel,Automatic,47820,2,1498,19.6,73,5,Individual,199378020,2,15940
CAR03271,Hyundai,Venue,2019,Petrol,Automatic,72936,1,1197,18.1,64,5,Individual,96408850,6,10419.43
CAR03272,Toyota,Innova,2017,Petrol,Manual,127659,1,2393,15.3,154,5,Dealer,116910040,8,14184.33
CAR03273,Kia,Seltos,2019,Petrol,Manual,68093,2,1497,18.6,87,5,Individual,107034220,6,9727.57
CAR03274,Toyota,Glanza,2015,Diesel,Manual,134675,2,1197,19.4,59,7,Dealer,37346020,10,12243.18
CAR03275,Tata,Nexon,2025,Petrol,Manual,12041,2,1199,18.5,81,5,Individual,137159480,0,12041
CAR03276,Skoda,Octavia,2022,Petrol,Automatic,49486,2,1984,22.2,186,5,Individual,328043550,3,12371.5
CAR03277,Maruti,Ertiga,2017,CNG,Manual,141594,1,1462,21.3,86,7,Individual,70535980,8,15732.67
CAR03278,Tata,Tiago,2023,Petrol,Automatic,39531,2,1199,14.5,53,7,Dealer,75483960,2,13177
CAR03279,Skoda,Rapid,2014,Diesel,Manual,112157,1,1498,25.2,68,5,Dealer,49458710,11,9346.42
CAR03280,Volkswagen,Virtus,2018,Petrol,Manual,129466,2,1498,20.4,88,5,Individual,95212800,7,16183.25
CAR03281,Maruti,Brezza,2021,Petrol,Manual,75662,1,1462,19.5,75,5,Individual,90228720,4,15132.4
CAR03282,Volkswagen,Vento,2014,Diesel,Manual,150208,1,1498,18.8,76,5,Individual,38962350,11,12517.33
CAR03283,Skoda,Rapid,2022,Petrol,Manual,72857,3,1498,19.7,67,5,Individual,81319620,3,18214.25
CAR03284,Maruti,Dzire,2023,Petrol,Manual,43960,1,1197,11.3,52,5,Dealer,113264130,2,14653.33
CAR03285,Toyota,Urban Cruiser,2021,Electric,Manual,58299,1,1462,27.1,76,7,Individual,101137190,4,11659.8
CAR03286,Toyota,Innova,2016,CNG,Manual,123401,1,2393,23.7,138,7,Dealer,139034210,9,12340.1
CAR03287,Hyundai,i20,2022,Diesel,Automatic,51531,1,1197,18.8,56,5,Individual,128649380,3,12882.75
CAR03288,Tata,Altroz,2018,Petrol,Manual,89043,1,1199,20.1,75,7,Dealer,57087590,7,11130.38
CAR03289,Hyundai,Grand i10,2022,Petrol,Manual,46734,3,1197,19.4,45,5,Dealer,81750730,3,11683.5
CAR03290,Hyundai,Venue,2021,Petrol,Automatic,33648,1,1197,14.5,73,5,Dealer,142606590,4,6729.6
CAR03291,Toyota,Fortuner,2015,CNG,Automatic,135908,1,2755,21.5,234,5,Dealer,186812750,10,12355.27
CAR03292,Toyota,Fortuner,2015,Diesel,Automatic,175895,1,2755,20.4,203,5,Individual,170198770,10,15990.45
CAR03293,Tata,Nexon,2014,Diesel,Automatic,168594,2,1199,18.9,86,5,Dealer,49568530,11,14049.5
CAR03294,Tata,Nexon,2014,Electric,Manual,164899,2,1199,21.8,82,5,Individual,37800690,11,13741.58
CAR03295,Hyundai,i20,2017,Petrol,Manual,152605,1,1197,20.2,65,5,Individual,53890840,8,16956.11
CAR03296,Volkswagen,Taigun,2014,Diesel,Automatic,145396,1,1498,19.8,97,5,Individual,65950900,11,12116.33
CAR03297,Tata,Tiago,2025,Petrol,Manual,13815,1,1199,23.1,49,5,Dealer,126145560,0,13815
CAR03298,Skoda,Kushaq,2024,Petrol,Automatic,24445,1,1498,15.5,101,7,Dealer,254478210,1,12222.5
CAR03299,Mahindra,XUV500,2016,CNG,Manual,114009,1,2179,22.2,104,5,Individual,71358300,9,11400.9
CAR03300,Renault,Duster,2017,CNG,Automatic,97897,1,1498,18.2,69,5,Dealer,77970680,8,10877.44
CAR03301,Kia,Carens,2022,Petrol,Automatic,55973,1,1497,19.5,72,5,Dealer,190226290,3,13993.25
CAR03302,Tata,Punch,2021,Petrol,Manual,74936,3,1199,14.2,67,5,Dealer,78955450,4,14987.2
CAR03303,Kia,Sonet,2020,Diesel,Manual,46221,2,1197,20.2,96,7,Individual,101305530,5,7703.5
CAR03304,Tata,Harrier,2025,Petrol,Automatic,20213,2,1956,21,127,5,Individual,353491770,0,20213
CAR03305,Hyundai,Creta,2021,Diesel,Automatic,9635,1,1497,19.5,108,5,Individual,172198140,4,1927
CAR03306,Tata,Altroz,2022,Diesel,Automatic,48693,3,1199,16.3,69,7,Dealer,90353550,3,12173.25
CAR03307,Tata,Altroz,2020,Petrol,Automatic,74443,1,1199,20.3,53,5,Individual,98902980,5,12407.17
CAR03308,Hyundai,Venue,2020,Petrol,Manual,111976,3,1197,18.6,76,5,Dealer,78846770,5,18662.67
CAR03309,Maruti,Ertiga,2017,Petrol,Manual,154063,1,1462,17.2,76,5,Dealer,59510280,8,17118.11
CAR03310,Skoda,Slavia,2020,CNG,Manual,103039,1,1498,18.1,99,5,Individual,132977390,5,17173.17
CAR03311,Mahindra,XUV500,2025,Petrol,Manual,23930,1,2179,12.7,110,5,Dealer,237039440,0,23930
CAR03312,Toyota,Innova,2018,Diesel,Manual,75151,2,2393,26.1,136,5,Individual,138628750,7,9393.88
CAR03313,Skoda,Kushaq,2015,Petrol,Manual,77573,1,1498,15.8,80,5,Dealer,111962440,10,7052.09
CAR03314,Tata,Safari,2021,Diesel,Automatic,91666,1,1956,16.3,148,5,Individual,189056460,4,18333.2
CAR03315,Toyota,Innova,2023,Petrol,Manual,32194,1,2393,18.4,140,5,Dealer,243527940,2,10731.33
CAR03316,Renault,Kwid,2025,Petrol,Automatic,25364,3,999,14.4,45,5,Dealer,100839840,0,25364
CAR03317,Kia,Carens,2020,Diesel,Manual,58950,2,1497,20.8,99,5,Dealer,134831410,5,9825
CAR03318,Honda,Amaze,2023,Diesel,Manual,20894,2,1199,23.4,45,7,Individual,108064210,2,6964.67
CAR03319,Tata,Punch,2017,Petrol,Manual,123140,1,1199,14.3,52,5,Individual,54849390,8,13682.22
CAR03320,Maruti,Baleno,2019,Petrol,Automatic,90566,2,1197,16.6,49,5,Dealer,55722820,6,12938
CAR03321,Maruti,Brezza,2019,Electric,Automatic,38245,1,1462,23.8,61,5,Dealer,115340070,6,5463.57
CAR03322,Hyundai,Grand i10,2017,Petrol,Manual,73237,1,1197,13.8,45,7,Dealer,44547590,8,8137.44
CAR03323,Volkswagen,Taigun,2022,Petrol,Manual,47262,1,1498,14.8,115,5,Dealer,222591460,3,11815.5
CAR03324,Kia,Seltos,2024,Petrol,Manual,33125,1,1497,17.1,81,5,Dealer,201066170,1,16562.5
CAR03325,Toyota,Glanza,2017,Petrol,Manual,91942,1,1197,23.4,66,5,Individual,65244860,8,10215.78
CAR03326,Volkswagen,Virtus,2015,Diesel,Manual,158239,1,1498,16.7,88,5,Dealer,82216420,10,14385.36
CAR03327,Hyundai,Creta,2023,Diesel,Manual,20524,2,1497,18.5,93,7,Individual,174442420,2,6841.33
CAR03328,Tata,Altroz,2024,Diesel,Automatic,31275,2,1199,26.7,59,5,Dealer,131639220,1,15637.5
CAR03329,Honda,City,2025,Diesel,Automatic,30328,1,1498,21.7,77,5,Individual,199728190,0,30328
CAR03330,Skoda,Slavia,2017,Petrol,Manual,94787,2,1498,12.4,113,5,Dealer,110409000,8,10531.89
CAR03331,Kia,Seltos,2022,Diesel,Automatic,54746,1,1497,18.6,97,7,Individual,181104770,3,13686.5
CAR03332,Renault,Kwid,2022,Petrol,Manual,35420,1,999,19.3,45,5,Individual,71459570,3,8855
CAR03333,Tata,Tiago,2023,Petrol,Automatic,33463,1,1199,21.8,45,5,Individual,94296810,2,11154.33
CAR03334,Renault,Kwid,2023,Diesel,Manual,18424,1,999,23.5,45,5,Dealer,84581920,2,6141.33
CAR03335,Maruti,Celerio,2025,Petrol,Manual,4988,1,998,19.2,56,7,Dealer,125375110,0,4988
CAR03336,Tata,Altroz,2019,Petrol,Automatic,82262,1,1199,19.7,56,5,Dealer,74000250,6,11751.71
CAR03337,Mahindra,XUV700,2014,Petrol,Manual,156700,2,1997,13.6,167,5,Individual,99030470,11,13058.33
CAR03338,Maruti,Dzire,2016,Diesel,Automatic,100208,1,1197,17.2,47,5,Individual,46798140,9,10020.8
CAR03339,Renault,Duster,2024,Petrol,Automatic,39172,2,1498,13.6,79,7,Dealer,170886190,1,19586
CAR03340,Renault,Duster,2024,Diesel,Automatic,27705,3,1498,22.4,75,5,Dealer,129078210,1,13852.5
CAR03341,Mahindra,Bolero,2014,Diesel,Manual,58636,1,1493,20.4,70,5,Dealer,63601930,11,4886.33
CAR03342,Honda,WR-V,2018,Diesel,Manual,96917,1,1498,19.6,63,5,Individual,75662940,7,12114.62
CAR03343,Maruti,Baleno,2016,Petrol,Manual,70088,1,1197,22.1,61,7,Dealer,54676680,9,7008.8
CAR03344,Kia,Carens,2017,Diesel,Manual,101970,1,1497,20.9,106,5,Individual,107212440,8,11330
CAR03345,Mahindra,XUV700,2021,Petrol,Automatic,25865,1,1997,20.9,130,5,Dealer,263560210,4,5173
CAR03346,Volkswagen,Virtus,2020,CNG,Manual,69756,1,1498,23.3,84,7,Individual,147117000,5,11626
CAR03347,Kia,Seltos,2019,Diesel,Manual,88359,1,1497,21.9,97,5,Individual,96211630,6,12622.71
CAR03348,Hyundai,Creta,2019,Petrol,Manual,109058,1,1497,14.4,88,5,Individual,108643520,6,15579.71
CAR03349,Hyundai,Verna,2021,Diesel,Automatic,62161,1,1497,22.2,77,5,Dealer,119510950,4,12432.2
CAR03350,Volkswagen,Virtus,2022,Petrol,Automatic,52571,1,1498,18.9,113,7,Dealer,198030350,3,13142.75
CAR03351,Hyundai,i20,2014,Petrol,Manual,119949,1,1197,16.3,53,5,Dealer,49071300,11,9995.75
CAR03352,Skoda,Slavia,2015,Petrol,Manual,126178,2,1498,19.6,91,5,Individual,81617730,10,11470.73
CAR03353,Hyundai,Venue,2018,Diesel,Automatic,120973,1,1197,23.2,89,7,Dealer,69053030,7,15121.62
CAR03354,Volkswagen,Taigun,2019,Diesel,Manual,65268,1,1498,19,99,7,Individual,145331380,6,9324
CAR03355,Skoda,Slavia,2025,CNG,Automatic,20634,1,1498,18.8,119,5,Individual,313598800,0,20634
CAR03356,Toyota,Urban Cruiser,2024,Petrol,Automatic,12669,1,1462,15.4,97,5,Dealer,191566740,1,6334.5
CAR03357,Maruti,Celerio,2021,Diesel,Automatic,75270,1,998,15.1,47,5,Individual,80936960,4,15054
CAR03358,Renault,Duster,2014,Diesel,Manual,125250,1,1498,18.8,62,5,Individual,43443880,11,10437.5
CAR03359,Hyundai,Verna,2015,Diesel,Automatic,78080,1,1497,21.1,78,5,Individual,64214870,10,7098.18
CAR03360,Mahindra,Bolero,2019,Petrol,Automatic,102104,1,1493,22.7,72,7,Dealer,87342620,6,14586.29
CAR03361,Skoda,Rapid,2021,Petrol,Manual,62613,1,1498,15.1,64,5,Individual,101148210,4,12522.6
CAR03362,Volkswagen,Taigun,2021,Diesel,Automatic,62820,2,1498,20.4,115,5,Individual,156872170,4,12564
CAR03363,Maruti,Ertiga,2015,Petrol,Manual,156227,1,1462,17.6,85,5,Individual,46113000,10,14202.45
CAR03364,Renault,Kwid,2024,Petrol,Automatic,24964,1,999,17.5,45,7,Dealer,88174440,1,12482
CAR03365,Hyundai,i10,2019,Diesel,Manual,35490,1,1197,14.7,45,5,Individual,51018230,6,5070
CAR03366,Volkswagen,Taigun,2021,Petrol,Manual,85930,1,1498,14.5,109,5,Individual,135418700,4,17186
CAR03367,Kia,Sonet,2014,Petrol,Manual,111677,1,1197,22.9,73.5,5,Individual,52864460,11,9306.42
CAR03368,Tata,Altroz,2023,Petrol,Manual,67883,1,1199,20.5,65,7,Individual,119082880,2,22627.67
CAR03369,Toyota,Fortuner,2020,Diesel,Manual,65995,1,2755,20.1,212,5,Individual,363221290,5,10999.17
CAR03370,Hyundai,i10,2016,Electric,Automatic,40613,3,1197,23.9,45,5,Dealer,47572390,9,4061.3
CAR03371,Skoda,Octavia,2017,Petrol,Manual,165314,1,1984,19.7,199,7,Individual,137782490,8,18368.22
CAR03372,Tata,Tiago,2018,Petrol,Automatic,95532,1,1199,16.2,46,5,Individual,59325030,7,11941.5
CAR03373,Honda,Jazz,2014,Diesel,Manual,153017,1,1199,18.1,71,5,Individual,35925770,11,12751.42
CAR03374,Mahindra,XUV500,2025,Petrol,Manual,26688,1,2179,15.7,89,5,Individual,227903290,0,26688
CAR03375,Kia,Carens,2023,Electric,Automatic,19418,1,1497,23,109,5,Dealer,240185840,2,6472.67
CAR03376,Mahindra,XUV500,2024,Diesel,Manual,19995,1,2179,15.8,103,5,Dealer,229015740,1,9997.5
CAR03377,Mahindra,XUV500,2018,Petrol,Automatic,152946,2,2179,15.5,103,5,Dealer,87963350,7,19118.25
CAR03378,Mahindra,XUV500,2020,Petrol,Automatic,46322,2,2179,19,106,5,Individual,124947420,5,7720.33
CAR03379,Renault,Triber,2019,Petrol,Manual,128573,1,999,16.4,63,7,Individual,55318690,6,18367.57
CAR03380,Honda,Amaze,2019,Diesel,Automatic,82415,1,1199,14,56,5,Individual,79225820,6,11773.57
CAR03381,Renault,Kwid,2021,Petrol,Manual,54888,1,999,16.4,45,5,Individual,63738160,4,10977.6
CAR03382,Volkswagen,Polo,2019,CNG,Manual,64750,1,999,22.6,62,5,Dealer,84579830,6,9250
CAR03383,Skoda,Kushaq,2023,Diesel,Manual,54343,2,1498,19.6,73,5,Individual,174092060,2,18114.33
CAR03384,Skoda,Slavia,2014,CNG,Automatic,104493,1,1498,15.9,88,7,Individual,74260550,11,8707.75
CAR03385,Volkswagen,Virtus,2016,CNG,Manual,75438,1,1498,24.1,95,5,Dealer,87157370,9,7543.8
CAR03386,Tata,Harrier,2024,Petrol,Manual,33478,1,1956,16.8,141,5,Individual,298228370,1,16739
CAR03387,Volkswagen,Taigun,2024,Diesel,Automatic,18859,1,1498,20.3,102,5,Dealer,238032760,1,9429.5
CAR03388,Volkswagen,Virtus,2023,CNG,Manual,21793,1,1498,24.1,130,5,Individual,209440040,2,7264.33
CAR03389,Tata,Safari,2018,Petrol,Automatic,108655,1,1956,17.1,115,5,Dealer,161350280,7,13581.88
CAR03390,Kia,Seltos,2019,Petrol,Manual,97053,1,1497,11.8,84,5,Dealer,97229840,6,13864.71
CAR03391,Tata,Safari,2014,Petrol,Manual,208412,1,1956,22.8,99,7,Dealer,75970930,11,17367.67
CAR03392,Mahindra,Scorpio,2017,Petrol,Manual,178393,1,2179,10.9,107,5,Individual,100169140,8,19821.44
CAR03393,Volkswagen,Virtus,2022,CNG,Manual,35063,1,1498,20,96,5,Individual,190315970,3,8765.75
CAR03394,Hyundai,i20,2018,Petrol,Automatic,120521,2,1197,21.4,75,5,Individual,60419620,7,15065.12
CAR03395,Honda,City,2019,Diesel,Automatic,74881,1,1498,17.2,91,7,Dealer,108232740,6,10697.29
CAR03396,Volkswagen,Virtus,2015,Electric,Automatic,90035,1,1498,20.6,108,5,Individual,101893200,10,8185
CAR03397,Toyota,Glanza,2019,Petrol,Manual,71593,1,1197,16.8,57,5,Individual,72429140,6,10227.57
CAR03398,Skoda,Rapid,2022,Diesel,Manual,38246,1,1498,18.8,69,7,Individual,110048380,3,9561.5
CAR03399,Maruti,Celerio,2020,Petrol,Manual,54014,1,998,14.9,53,7,Dealer,61398120,5,9002.33
CAR03400,Volkswagen,Polo,2020,Petrol,Manual,29243,1,999,15.6,51,5,Individual,59630740,5,4873.83
CAR03401,Renault,Triber,2024,Petrol,Manual,28984,1,999,20.7,55,5,Individual,142852640,1,14492
CAR03402,Skoda,Rapid,2016,Petrol,Manual,145646,1,1498,15.9,60,5,Dealer,48128330,9,14564.6
CAR03403,Hyundai,i20,2017,Petrol,Automatic,102196,1,1197,19,49,5,Dealer,59508570,8,11355.11
CAR03404,Skoda,Octavia,2021,Petrol,Automatic,46220,2,1984,14.8,202,5,Dealer,346753230,4,9244
CAR03405,Honda,WR-V,2019,Petrol,Automatic,108646,1,1498,21.7,62,5,Individual,81999630,6,15520.86
CAR03406,Honda,City,2025,Petrol,Manual,27185,1,1498,20.3,78,5,Individual,188381580,0,27185
CAR03407,Honda,City,2014,Diesel,Manual,111677,2,1498,19,96,5,Individual,55772980,11,9306.42
CAR03408,Kia,Sonet,2015,Petrol,Manual,60156,2,1197,19.4,68,5,Individual,60611140,10,5468.73
CAR03409,Kia,Seltos,2018,Diesel,Manual,111426,1,1497,23.9,114,7,Individual,100053620,7,13928.25
CAR03410,Toyota,Glanza,2019,CNG,Manual,75108,1,1197,18,46,5,Individual,67038650,6,10729.71
CAR03411,Maruti,Celerio,2024,Diesel,Automatic,26964,1,998,16.1,49,5,Individual,114266760,1,13482
CAR03412,Skoda,Octavia,2019,Diesel,Manual,83745,2,1984,20.4,165,7,Individual,209356440,6,11963.57
CAR03413,Tata,Punch,2019,Diesel,Manual,101504,1,1199,15.4,47,5,Dealer,64932500,6,14500.57
CAR03414,Maruti,Baleno,2016,Diesel,Manual,119319,2,1197,14.6,48,5,Individual,33743620,9,11931.9
CAR03415,Mahindra,Thar,2019,CNG,Automatic,77765,1,1997,16.2,114,5,Dealer,164168360,6,11109.29
CAR03416,Toyota,Innova,2020,Electric,Manual,77678,1,2393,22.9,123,5,Dealer,202855970,5,12946.33
CAR03417,Kia,Sonet,2021,Petrol,Automatic,80818,2,1197,11.4,73.5,5,Individual,114703000,4,16163.6
CAR03418,Renault,Duster,2021,Diesel,Manual,97709,1,1498,18.1,63,5,Individual,95945630,4,19541.8
CAR03419,Maruti,Ertiga,2019,Diesel,Manual,60554,1,1462,9,61,5,Dealer,109405230,6,8650.57
CAR03420,Tata,Punch,2015,Petrol,Automatic,165209,1,1199,18.8,67,5,Dealer,39096110,10,15019
CAR03421,Mahindra,Thar,2015,Diesel,Manual,65743,1,1997,20.8,116,7,Individual,92400800,10,5976.64
CAR03422,Volkswagen,Taigun,2015,Diesel,Automatic,171930,1,1498,19.25,81,5,Individual,62042600,10,15630
CAR03423,Kia,Seltos,2021,Diesel,Manual,43796,1,1497,22.8,106,5,Dealer,178660230,4,8759.2
CAR03424,Honda,Amaze,2024,Petrol,Manual,30480,1,1199,19.9,57,7,Dealer,125031210,1,15240
CAR03425,Kia,Seltos,2024,Petrol,Manual,44116,1,1497,15.1,93,5,Dealer,217696300,1,22058
CAR03426,Skoda,Kushaq,2017,Petrol,Automatic,110677,2,1498,14.9,100,5,Individual,99218000,8,12297.44
CAR03427,Toyota,Fortuner,2014,Diesel,Automatic,139211,1,2755,22,287,5,Dealer,166620310,11,11600.92
CAR03428,Renault,Kwid,2021,CNG,Automatic,58277,1,999,23.1,45,5,Individual,68179790,4,11655.4
CAR03429,Volkswagen,Taigun,2014,CNG,Manual,119241,1,1498,20.2,124,5,Individual,80705730,11,9936.75
CAR03430,Honda,Jazz,2021,Petrol,Manual,82536,1,1199,12.2,63,7,Dealer,96676370,4,16507.2
CAR03431,Tata,Nexon,2018,Petrol,Manual,93848,2,1199,20.3,79,5,Individual,61647210,7,11731
CAR03432,Volkswagen,Polo,2024,Diesel,Manual,15191,2,999,19.5,51,5,Individual,117954660,1,7595.5
CAR03433,Tata,Nexon,2021,Diesel,Manual,72883,2,1199,19.1,79,7,Dealer,110727820,4,14576.6
CAR03434,Honda,Jazz,2022,Petrol,Automatic,53472,3,1199,9,67,5,Dealer,109684150,3,13368
CAR03435,Tata,Altroz,2018,Petrol,Manual,103467,1,1199,19.1,60,5,Dealer,59058080,7,12933.38
CAR03436,Kia,Seltos,2024,Petrol,Manual,26834,1,1497,17.3,122,5,Individual,190939170,1,13417
CAR03437,Tata,Punch,2020,Diesel,Automatic,47386,1,1199,17.7,67,5,Individual,98572760,5,7897.67
CAR03438,Kia,Carens,2021,Diesel,Manual,57964,3,1497,16.8,89,5,Individual,137515540,4,11592.8
CAR03439,Skoda,Kushaq,2018,Petrol,Automatic,97995,1,1498,17.8,98,5,Individual,109004710,7,12249.38
CAR03440,Renault,Triber,2019,CNG,Manual,27989,1,999,22.4,65,5,Individual,78160680,6,3998.43
CAR03441,Skoda,Kushaq,2024,Diesel,Manual,38814,2,1498,18.2,84,5,Individual,177790790,1,19407
CAR03442,Maruti,Baleno,2018,CNG,Manual,89329,1,1197,22.7,55,5,Individual,59806300,7,11166.12
CAR03443,Toyota,Fortuner,2014,Petrol,Manual,195444,3,2755,14,216,7,Individual,104736550,11,16287
CAR03444,Tata,Nexon,2018,Petrol,Automatic,122024,2,1199,15.5,77,5,Individual,78109950,7,15253
CAR03445,Skoda,Slavia,2018,CNG,Manual,72264,2,1498,23.1,93,7,Individual,105438790,7,9033
CAR03446,Volkswagen,Vento,2019,Electric,Manual,38121,1,1498,21.3,76,5,Individual,87869490,6,5445.86
CAR03447,Honda,Amaze,2014,Electric,Manual,98015,1,1199,27.7,52,5,Individual,37471230,11,8167.92
CAR03448,Mahindra,XUV500,2015,Diesel,Manual,184591,2,2179,20.1,106,5,Individual,51995210,10,16781
CAR03449,Kia,Carens,2017,Petrol,Manual,113820,1,1497,14,85,5,Dealer,86328970,8,12646.67
CAR03450,Toyota,Innova,2019,Petrol,Automatic,97455,1,2393,12.8,135,5,Individual,188336170,6,13922.14
CAR03451,Toyota,Glanza,2014,Petrol,Manual,117800,3,1197,19.9,50,5,Dealer,35323850,11,9816.67
CAR03452,Maruti,Celerio,2018,CNG,Manual,106820,2,998,19.2,52,5,Dealer,35363180,7,13352.5
CAR03453,Toyota,Glanza,2017,Petrol,Manual,62924,3,1197,20.3,54,7,Dealer,46158790,8,6991.56
CAR03454,Honda,Jazz,2014,Diesel,Manual,185427,1,1199,17.7,59,5,Dealer,36156430,11,15452.25
CAR03455,Renault,Triber,2017,CNG,Manual,59978,1,999,21.7,62,5,Individual,61119770,8,6664.22
CAR03456,Renault,Kwid,2017,Electric,Automatic,45453,2,999,21.5,45,7,Individual,41400240,8,5050.33
CAR03457,Volkswagen,Virtus,2015,CNG,Automatic,222246,1,1498,21.8,89,5,Dealer,59245420,10,20204.18
CAR03458,Maruti,Dzire,2023,Diesel,Manual,27895,1,1197,21.5,54,5,Individual,108610270,2,9298.33
CAR03459,Renault,Duster,2014,Petrol,Manual,140514,1,1498,17.6,53,5,Individual,49839470,11,11709.5
CAR03460,Honda,Amaze,2020,Electric,Manual,39155,2,1199,24.5,66,5,Dealer,81977970,5,6525.83
CAR03461,Toyota,Glanza,2021,Petrol,Automatic,73575,1,1197,12.4,58,5,Individual,96479910,4,14715
CAR03462,Skoda,Octavia,2023,Petrol,Manual,44369,1,1984,18.7,142,5,Individual,312920690,2,14789.67
CAR03463,Renault,Triber,2020,Electric,Manual,66297,1,999,22.6,57,5,Dealer,70674490,5,11049.5
CAR03464,Maruti,Swift,2020,Diesel,Automatic,88714,1,1197,18.5,53,5,Dealer,73355770,5,14785.67
CAR03465,Honda,Amaze,2023,Diesel,Manual,50480,2,1199,12.1,50,5,Dealer,107157340,2,16826.67
CAR03466,Volkswagen,Taigun,2024,Petrol,Automatic,34595,1,1498,12.5,79,5,Dealer,279610650,1,17297.5
CAR03467,Mahindra,XUV700,2016,Petrol,Manual,35650,1,1997,18.2,152,5,Individual,179651080,9,3565
CAR03468,Tata,Tiago,2023,CNG,Manual,28793,1,1199,22.1,50,5,Individual,79176990,2,9597.67
CAR03469,Mahindra,Thar,2019,Diesel,Manual,135662,1,1997,20.5,115,5,Individual,105991500,6,19380.29
CAR03470,Renault,Kwid,2015,Petrol,Manual,137596,1,999,17.5,45,7,Individual,28148310,10,12508.73
CAR03471,Tata,Harrier,2021,Diesel,Manual,54845,3,1956,15.7,141,7,Dealer,173390390,4,10969
CAR03472,Volkswagen,Polo,2025,CNG,Automatic,25414,1,999,17.9,67,7,Dealer,172761680,0,25414
CAR03473,Volkswagen,Vento,2015,CNG,Automatic,109685,1,1498,14.7,45,5,Dealer,54640010,10,9971.36
CAR03474,Renault,Duster,2014,Petrol,Manual,190085,1,1498,17.9,58,5,Individual,43684610,11,15840.42
CAR03475,Tata,Tiago,2024,Diesel,Manual,40231,3,1199,25,46,5,Individual,83407720,1,20115.5
CAR03476,Tata,Safari,2021,Petrol,Manual,67253,2,1956,17.2,145,5,Individual,224830420,4,13450.6
CAR03477,Mahindra,Scorpio,2016,Petrol,Manual,131253,1,2179,15.2,101,7,Individual,73545200,9,13125.3
CAR03478,Mahindra,Scorpio,2023,Petrol,Automatic,53077,1,2179,17.6,113,5,Individual,264876150,2,17692.33
CAR03479,Toyota,Glanza,2018,Diesel,Manual,89556,1,1197,18.9,73,5,Individual,62588090,7,11194.5
CAR03480,Volkswagen,Taigun,2017,Diesel,Automatic,62283,2,1498,14.1,100,5,Individual,85769040,8,6920.33
CAR03481,Volkswagen,Taigun,2017,Petrol,Manual,58362,3,1498,18.3,108,5,Individual,93984070,8,6484.67
CAR03482,Tata,Tiago,2021,Petrol,Manual,91425,2,1199,17.2,56,5,Dealer,53712430,4,18285
CAR03483,Volkswagen,Virtus,2015,Petrol,Automatic,129481,2,1498,17,106,7,Dealer,73325750,10,11771
CAR03484,Tata,Tiago,2018,Petrol,Manual,109335,1,1199,23.5,50,5,Individual,46540880,7,13666.88
CAR03485,Toyota,Innova,2017,Diesel,Manual,114106,1,2393,19,150,7,Dealer,128063230,8,12678.44
CAR03486,Maruti,Dzire,2014,Petrol,Manual,146154,1,1197,23,50,5,Individual,32969940,11,12179.5
CAR03487,Honda,Amaze,2023,Petrol,Automatic,45010,2,1199,15,53,5,Individual,108489430,2,15003.33
CAR03488,Skoda,Slavia,2014,Electric,Manual,154842,1,1498,18,121,5,Dealer,79534380,11,12903.5
CAR03489,Toyota,Glanza,2025,Petrol,Manual,5352,1,1197,15.1,59,5,Individual,153304540,0,5352
CAR03490,Volkswagen,Taigun,2015,CNG,Manual,171127,1,1498,24.5,91,5,Dealer,67699850,10,15557
CAR03491,Hyundai,Venue,2018,Diesel,Manual,79712,1,1197,17,84,5,Individual,82549490,7,9964
CAR03492,Kia,Seltos,2015,Diesel,Automatic,134958,2,1497,15,62,5,Individual,68037100,10,12268.91
CAR03493,Honda,Amaze,2018,Diesel,Manual,65069,1,1199,20.3,67,5,Individual,52778770,7,8133.62
CAR03494,Volkswagen,Virtus,2021,Petrol,Manual,66147,2,1498,16.3,102,5,Individual,155494290,4,13229.4
CAR03495,Skoda,Kushaq,2015,CNG,Manual,104661,1,1498,22.7,105,5,Individual,89690070,10,9514.64
CAR03496,Mahindra,XUV500,2020,CNG,Manual,62985,1,2179,19,99,5,Individual,154170940,5,10497.5
CAR03497,Hyundai,i10,2023,Petrol,Automatic,53529,2,1197,14.7,45,5,Individual,76861650,2,17843
CAR03498,Toyota,Innova,2019,Diesel,Manual,83846,2,2393,24.3,143,5,Individual,148933590,6,11978
CAR03499,Hyundai,Grand i10,2015,Diesel,Automatic,208605,2,1197,16.8,45,7,Individual,25014070,10,18964.09
CAR03500,Toyota,Urban Cruiser,2022,CNG,Manual,57663,1,1462,18.5,65,5,Dealer,150399440,3,14415.75
CAR03501,Maruti,Baleno,2016,Diesel,Manual,107451,1,1197,20.7,51,5,Dealer,47007520,9,10745.1
CAR03502,Kia,Sonet,2014,Petrol,Manual,128113,2,1197,9.1,80,5,Dealer,40315720,11,10676.08
CAR03503,Honda,Amaze,2019,CNG,Manual,93234,2,1199,23.2,58,5,Dealer,75795560,6,13319.14
CAR03504,Tata,Nexon,2017,Electric,Manual,135484,2,1199,27.9,94,5,Individual,53814080,8,15053.78
CAR03505,Maruti,Baleno,2014,Diesel,Manual,94249,2,1197,21.9,50,5,Dealer,32446870,11,7854.08
CAR03506,Renault,Kwid,2023,Petrol,Automatic,51518,1,999,14.4,45,5,Dealer,83183520,2,17172.67
CAR03507,Renault,Duster,2021,Diesel,Automatic,31012,1,1498,17.1,73,7,Dealer,132576870,4,6202.4
CAR03508,Renault,Duster,2024,Diesel,Manual,34316,3,1498,19.5,69,5,Dealer,140824390,1,17158
CAR03509,Maruti,Swift,2019,Petrol,Manual,113983,1,1197,18.6,45,5,Dealer,59716620,6,16283.29
CAR03510,Honda,WR-V,2019,CNG,Automatic,107356,2,1498,25.8,62,5,Individual,72345730,6,15336.57
CAR03511,Skoda,Slavia,2024,Diesel,Manual,13528,1,1498,24,115,5,Dealer,241342940,1,6764
CAR03512,Mahindra,XUV500,2014,CNG,Manual,66778,2,2179,20.4,81,5,Individual,65697820,11,5564.83
CAR03513,Hyundai,i10,2018,Diesel,Automatic,115718,2,1197,17.7,45,5,Individual,38298870,7,14464.75
CAR03514,Hyundai,i20,2023,Petrol,Manual,22162,1,1197,15.2,57,5,Individual,132770860,2,7387.33
CAR03515,Tata,Harrier,2017,Electric,Manual,125581,2,1956,24.4,115,5,Individual,110250160,8,13953.44
CAR03516,Skoda,Kushaq,2024,Diesel,Manual,41217,1,1498,22.5,116,5,Individual,200845390,1,20608.5
CAR03517,Hyundai,Grand i10,2017,Petrol,Manual,148219,1,1197,17.7,45,5,Individual,31901760,8,16468.78
CAR03518,Skoda,Octavia,2018,Petrol,Automatic,90185,2,1984,17.5,212,5,Individual,201021330,7,11273.12
CAR03519,Kia,Carens,2024,Petrol,Automatic,27599,1,1497,19,91,5,Dealer,242557420,1,13799.5
CAR03520,Skoda,Kushaq,2016,Diesel,Automatic,126284,1,1498,21.3,104,5,Individual,79791830,9,12628.4
CAR03521,Renault,Duster,2025,Petrol,Manual,11429,1,1498,11.3,70,5,Individual,141336820,0,11429
CAR03522,Honda,WR-V,2014,CNG,Automatic,169318,3,1498,20.9,67,5,Dealer,41370030,11,14109.83
CAR03523,Renault,Triber,2017,Electric,Automatic,151083,1,999,23.1,45,5,Dealer,54510810,8,16787
CAR03524,Hyundai,i10,2021,Diesel,Manual,69152,1,1197,18.5,45,5,Dealer,62243050,4,13830.4
CAR03525,Tata,Altroz,2021,Petrol,Automatic,55102,1,1199,21.3,58,5,Individual,102434510,4,11020.4
CAR03526,Tata,Punch,2024,Diesel,Automatic,27554,1,1199,18.3,45,5,Dealer,148226600,1,13777
CAR03527,Hyundai,Grand i10,2025,Petrol,Automatic,10303,2,1197,14.5,45,5,Dealer,118161190,0,10303
CAR03528,Maruti,Ertiga,2022,CNG,Automatic,72662,1,1462,18.9,65,5,Individual,132585800,3,18165.5
CAR03529,Hyundai,i10,2021,Petrol,Manual,76624,2,1197,19.5,45,5,Individual,46818090,4,15324.8
CAR03530,Hyundai,Verna,2017,CNG,Manual,49174,2,1497,16.9,82,5,Individual,62683090,8,5463.78
CAR03531,Honda,Jazz,2023,Petrol,Automatic,46506,3,1199,16,50,5,Dealer,133661960,2,15502
CAR03532,Maruti,Dzire,2021,Petrol,Automatic,70768,2,1197,20,51,5,Dealer,81041270,4,14153.6
CAR03533,Maruti,Wagon R,2014,Electric,Manual,178199,1,1197,18.4,45,5,Dealer,22705190,11,14849.92
CAR03534,Skoda,Kushaq,2023,Diesel,Manual,52472,2,1498,16.2,123,7,Dealer,174241020,2,17490.67
CAR03535,Maruti,Dzire,2018,CNG,Manual,146275,1,1197,15.9,61,5,Dealer,53496020,7,18284.38
CAR03536,Maruti,Ertiga,2019,CNG,Automatic,39123,1,1462,18.3,86,5,Individual,110811800,6,5589
CAR03537,Maruti,Dzire,2019,Petrol,Manual,94502,1,1197,15.9,49,5,Individual,54605810,6,13500.29
CAR03538,Hyundai,Verna,2023,Petrol,Manual,41098,2,1497,16.8,77,7,Individual,133117040,2,13699.33
CAR03539,Mahindra,XUV500,2017,Diesel,Manual,132442,1,2179,16.5,99,5,Individual,85105940,8,14715.78
CAR03540,Renault,Triber,2018,CNG,Manual,139902,1,999,19.9,58,5,Individual,51748020,7,17487.75
CAR03541,Volkswagen,Taigun,2014,Electric,Automatic,104923,1,1498,25.4,86,5,Individual,84312690,11,8743.58
CAR03542,Mahindra,Bolero,2018,Petrol,Manual,139638,1,1493,18.5,87,5,Dealer,83946940,7,17454.75
CAR03543,Maruti,Dzire,2015,Diesel,Manual,163948,2,1197,25.7,55,7,Individual,29469570,10,14904.36
CAR03544,Volkswagen,Vento,2020,Petrol,Manual,76224,1,1498,15.5,74,5,Dealer,88415550,5,12704
CAR03545,Maruti,Swift,2024,Diesel,Automatic,15696,2,1197,18,53,5,Dealer,105070190,1,7848
CAR03546,Kia,Carens,2019,Diesel,Manual,102843,2,1497,19.8,99,7,Individual,107232390,6,14691.86
CAR03547,Toyota,Glanza,2024,CNG,Manual,32304,1,1197,19.5,48,5,Individual,102693860,1,16152
CAR03548,Renault,Triber,2025,Petrol,Manual,25753,1,999,17.4,65,7,Individual,158325290,0,25753
CAR03549,Honda,City,2014,Petrol,Automatic,103531,1,1498,11.7,88,5,Dealer,54101360,11,8627.58
CAR03550,Kia,Seltos,2020,Petrol,Automatic,87999,1,1497,16.4,102,5,Dealer,129023870,5,14666.5
CAR03551,Toyota,Urban Cruiser,2020,Petrol,Automatic,68643,1,1462,20.1,94,5,Individual,107402060,5,11440.5
CAR03552,Mahindra,XUV500,2018,Petrol,Manual,136216,1,2179,23.2,91,5,Dealer,106177510,7,17027
CAR03553,Skoda,Slavia,2023,CNG,Automatic,64916,2,1498,25.3,101,5,Dealer,181299710,2,21638.67
CAR03554,Volkswagen,Vento,2018,Petrol,Automatic,74028,1,1498,17.9,68,5,Individual,77111500,7,9253.5
CAR03555,Toyota,Urban Cruiser,2014,Petrol,Manual,151578,1,1462,18.9,69,5,Dealer,46892190,11,12631.5
CAR03556,Toyota,Urban Cruiser,2020,Diesel,Automatic,100554,1,1462,20.3,71,5,Individual,91140340,5,16759
CAR03557,Volkswagen,Virtus,2016,Petrol,Automatic,117336,2,1498,15.8,119,5,Individual,83782590,9,11733.6
CAR03558,Honda,Amaze,2018,Petrol,Automatic,54720,1,1199,14.6,51,5,Dealer,60832680,7,6840
CAR03559,Hyundai,Grand i10,2020,CNG,Automatic,87557,1,1197,21.7,45,5,Individual,59394000,5,14592.83
CAR03560,Toyota,Glanza,2022,Petrol,Manual,41686,1,1197,17.2,64,5,Dealer,120679450,3,10421.5
CAR03561,Maruti,Celerio,2017,Petrol,Manual,101198,2,998,20,45,5,Dealer,44119710,8,11244.22
CAR03562,Hyundai,i20,2018,Diesel,Manual,64822,1,1197,12.2,62,7,Individual,67463110,7,8102.75
CAR03563,Toyota,Urban Cruiser,2014,Petrol,Manual,161403,1,1462,17,72,7,Dealer,39612340,11,13450.25
CAR03564,Volkswagen,Vento,2018,Petrol,Manual,89593,1,1498,21.1,72,5,Individual,68299680,7,11199.12
CAR03565,Volkswagen,Polo,2020,Petrol,Manual,91280,1,999,19.2,62,5,Individual,60378580,5,15213.33
CAR03566,Tata,Harrier,2021,Petrol,Automatic,53836,2,1956,14.6,123,5,Individual,190628710,4,10767.2
CAR03567,Toyota,Urban Cruiser,2017,CNG,Manual,94348,1,1462,17.1,73,5,Dealer,69067280,8,10483.11
CAR03568,Hyundai,i20,2014,Petrol,Automatic,154155,1,1197,17.4,63,5,Dealer,39944840,11,12846.25
CAR03569,Volkswagen,Polo,2020,Petrol,Manual,45465,1,999,19.9,54,7,Individual,78527570,5,7577.5
CAR03570,Tata,Safari,2021,Petrol,Manual,96741,1,1956,19,163,5,Individual,201808120,4,19348.2
CAR03571,Volkswagen,Virtus,2015,Electric,Manual,140996,2,1498,22.8,112,5,Dealer,61903900,10,12817.82
CAR03572,Renault,Kwid,2020,Petrol,Manual,69986,1,999,19.4,45,5,Dealer,58687010,5,11664.33
CAR03573,Kia,Carens,2015,CNG,Manual,111178,2,1497,21.8,93,7,Individual,80891930,10,10107.09
CAR03574,Honda,WR-V,2019,Petrol,Manual,82646,2,1498,19.3,77,5,Individual,88976810,6,11806.57
CAR03575,Skoda,Octavia,2021,Electric,Manual,74661,1,1984,25.3,178,5,Individual,261715120,4,14932.2
CAR03576,Kia,Seltos,2022,Petrol,Manual,38164,1,1497,16.2,107,5,Individual,196838860,3,9541
CAR03577,Kia,Sonet,2022,Petrol,Manual,40336,1,1197,14.8,55,7,Individual,140502530,3,10084
CAR03578,Renault,Triber,2023,Diesel,Manual,36362,1,999,21.5,72,5,Dealer,121969550,2,12120.67
CAR03579,Renault,Triber,2016,Petrol,Manual,177535,2,999,16,63,5,Dealer,33401050,9,17753.5
CAR03580,Maruti,Brezza,2024,Diesel,Manual,40702,1,1462,13.5,87,5,Individual,160473050,1,20351
CAR03581,Renault,Kwid,2018,Diesel,Manual,141931,1,999,23.6,45,5,Dealer,36867410,7,17741.38
CAR03582,Volkswagen,Polo,2018,Diesel,Automatic,94426,2,999,20.1,45,5,Individual,68848780,7,11803.25
CAR03583,Tata,Punch,2023,Petrol,Automatic,51160,1,1199,18.1,71,5,Dealer,133920930,2,17053.33
CAR03584,Honda,City,2017,Diesel,Automatic,141133,2,1498,18.7,82,5,Individual,73466730,8,15681.44
CAR03585,Volkswagen,Polo,2014,Petrol,Automatic,179793,1,999,20,61,5,Individual,30784560,11,14982.75
CAR03586,Tata,Nexon,2022,Electric,Manual,62206,1,1199,18.7,82,5,Individual,130125490,3,15551.5
CAR03587,Toyota,Urban Cruiser,2021,Diesel,Manual,63197,1,1462,19.3,73,5,Individual,88823100,4,12639.4
CAR03588,Kia,Sonet,2020,Diesel,Manual,110559,1,1197,20.1,70,5,Dealer,96531210,5,18426.5
CAR03589,Kia,Sonet,2015,CNG,Manual,122995,3,1197,22.7,80,5,Individual,51151800,10,11181.36
CAR03590,Skoda,Octavia,2021,Diesel,Manual,72161,1,1984,14.2,156,5,Individual,291468930,4,14432.2
CAR03591,Hyundai,Venue,2016,Diesel,Manual,133497,2,1197,21.1,74,5,Individual,50474070,9,13349.7
CAR03592,Tata,Altroz,2020,Petrol,Automatic,47511,3,1199,16.2,70,5,Dealer,67029720,5,7918.5
CAR03593,Skoda,Rapid,2020,Diesel,Manual,71684,1,1498,17.3,53,5,Dealer,82562790,5,11947.33
CAR03594,Mahindra,Scorpio,2023,Petrol,Manual,42821,2,2179,12.8,123,7,Dealer,230938730,2,14273.67
CAR03595,Tata,Punch,2025,Petrol,Automatic,12268,1,1199,24.2,68,5,Dealer,172078820,0,12268
CAR03596,Tata,Harrier,2016,Diesel,Manual,115303,1,1956,18.9,113,5,Dealer,84282670,9,11530.3
CAR03597,Honda,WR-V,2015,Petrol,Manual,172001,3,1498,18.2,50,5,Individual,34790710,10,15636.45
CAR03598,Mahindra,Scorpio,2020,Diesel,Manual,58204,1,2179,16.1,94,5,Dealer,161908880,5,9700.67
CAR03599,Tata,Punch,2025,Petrol,Manual,6642,2,1199,12.9,56,5,Individual,159075030,0,6642
CAR03600,Kia,Carens,2015,Petrol,Automatic,100608,1,1497,19.9,128,7,Dealer,69209780,10,9146.18
CAR03601,Toyota,Urban Cruiser,2019,CNG,Automatic,106151,1,1462,17,66,5,Dealer,100188710,6,15164.43
CAR03602,Kia,Sonet,2018,Petrol,Manual,123607,1,1197,21.4,73.5,5,Individual,68822940,7,15450.88
CAR03603,Hyundai,Creta,2017,Diesel,Manual,117859,1,1497,24.7,99,5,Individual,68614130,8,13095.44
CAR03604,Kia,Carens,2021,Diesel,Manual,81352,1,1497,17,120,5,Individual,174955420,4,16270.4
CAR03605,Skoda,Rapid,2017,CNG,Manual,109914,1,1498,19.6,70,5,Dealer,67038840,8,12212.67
CAR03606,Hyundai,i10,2019,Petrol,Manual,69359,1,1197,9.9,45,5,Individual,52750270,6,9908.43
CAR03607,Honda,Amaze,2024,Diesel,Manual,29602,3,1199,14.1,60,5,Dealer,109947870,1,14801
CAR03608,Kia,Sonet,2018,Petrol,Automatic,61553,1,1197,19.4,84,5,Individual,83673340,7,7694.12
CAR03609,Kia,Carens,2014,Petrol,Automatic,122951,1,1497,21.3,83,5,Individual,74419960,11,10245.92
CAR03610,Kia,Seltos,2024,Petrol,Automatic,21677,1,1497,15.2,93,7,Individual,245655370,1,10838.5
CAR03611,Mahindra,XUV700,2017,Petrol,Automatic,131397,1,1997,15.6,130,5,Dealer,138278010,8,14599.67
CAR03612,Kia,Seltos,2023,Petrol,Manual,48980,1,1497,12.8,89,7,Individual,168000280,2,16326.67
CAR03613,Kia,Sonet,2023,Petrol,Automatic,23392,1,1197,14.1,80,5,Dealer,172752180,2,7797.33
CAR03614,Maruti,Dzire,2020,Petrol,Automatic,128210,1,1197,21.5,45,5,Dealer,68242300,5,21368.33
CAR03615,Volkswagen,Polo,2015,Diesel,Manual,101954,1,999,20.2,73,5,Dealer,48532270,10,9268.55
CAR03616,Toyota,Fortuner,2025,Petrol,Manual,13928,1,2755,12.1,266,5,Individual,695478280,0,13928
CAR03617,Maruti,Ertiga,2022,Petrol,Manual,62456,1,1462,19.2,71,5,Individual,137807950,3,15614
CAR03618,Toyota,Urban Cruiser,2019,Petrol,Automatic,91389,1,1462,24.6,72,5,Individual,80644740,6,13055.57
CAR03619,Toyota,Innova,2024,Petrol,Automatic,22013,1,2393,16.3,117,5,Individual,332075350,1,11006.5
CAR03620,Maruti,Brezza,2023,Diesel,Automatic,44776,2,1462,17.3,57,7,Individual,138759280,2,14925.33
CAR03621,Skoda,Rapid,2023,CNG,Manual,28512,1,1498,22.7,60,5,Individual,134137530,2,9504
CAR03622,Tata,Harrier,2016,Diesel,Automatic,180820,1,1956,22.3,147,5,Dealer,100053430,9,18082
CAR03623,Honda,WR-V,2021,Diesel,Manual,60902,1,1498,21.8,54,7,Individual,99506990,4,12180.4
CAR03624,Toyota,Urban Cruiser,2017,Petrol,Manual,90535,1,1462,16.5,85,5,Individual,66525270,8,10059.44
CAR03625,Renault,Kwid,2014,Electric,Manual,88791,3,999,21.2,45,7,Individual,26378270,11,7399.25
CAR03626,Volkswagen,Vento,2018,Petrol,Automatic,61243,2,1498,12.3,69,5,Individual,78612500,7,7655.38
CAR03627,Volkswagen,Virtus,2015,Petrol,Automatic,128807,2,1498,13.8,106,5,Individual,76592420,10,11709.73
CAR03628,Tata,Tiago,2015,Petrol,Manual,202204,1,1199,18.6,50,5,Dealer,24009160,10,18382.18
CAR03629,Renault,Kwid,2022,Petrol,Manual,63703,1,999,15.9,45,5,Individual,76551950,3,15925.75
CAR03630,Renault,Kwid,2020,Diesel,Manual,79725,1,999,20,45,5,Individual,51424070,5,13287.5
CAR03631,Toyota,Fortuner,2018,Petrol,Manual,109183,2,2755,16.8,261,5,Individual,224944610,7,13647.88
CAR03632,Mahindra,Thar,2016,Petrol,Automatic,195395,1,1997,17.7,131,5,Individual,76391780,9,19539.5
CAR03633,Maruti,Dzire,2023,Petrol,Manual,37345,1,1197,17.6,58,5,Individual,99936010,2,12448.33
CAR03634,Volkswagen,Virtus,2021,Electric,Manual,90917,1,1498,24.7,99,5,Dealer,132308020,4,18183.4
CAR03635,Skoda,Octavia,2021,Diesel,Manual,53072,2,1984,21.8,171,5,Individual,258030830,4,10614.4
CAR03636,Toyota,Urban Cruiser,2016,CNG,Automatic,97876,1,1462,20.9,64,5,Individual,57547770,9,9787.6
CAR03637,Mahindra,XUV500,2015,CNG,Automatic,128614,1,2179,20.4,121,5,Individual,75359700,10,11692.18
CAR03638,Toyota,Urban Cruiser,2015,CNG,Manual,122530,2,1462,20.9,76,5,Dealer,43045260,10,11139.09
CAR03639,Maruti,Ertiga,2014,Petrol,Manual,171729,1,1462,15.1,63,7,Individual,33595230,11,14310.75
CAR03640,Kia,Sonet,2025,Petrol,Automatic,22248,3,1197,20.8,66,5,Individual,176209800,0,22248
CAR03641,Volkswagen,Taigun,2018,Petrol,Manual,96523,1,1498,15.8,103,5,Individual,96160140,7,12065.38
CAR03642,Skoda,Octavia,2021,Petrol,Manual,51768,3,1984,17,205,7,Individual,243348580,4,10353.6
CAR03643,Skoda,Octavia,2025,Diesel,Manual,13713,2,1984,19.8,171,5,Individual,409101350,0,13713
CAR03644,Toyota,Glanza,2025,Petrol,Automatic,11471,1,1197,18.4,64,5,Individual,161524510,0,11471
CAR03645,Skoda,Rapid,2017,Petrol,Automatic,92020,2,1498,18.3,57,5,Individual,56382120,8,10224.44
CAR03646,Mahindra,Thar,2019,Diesel,Manual,85744,1,1997,18.9,121,5,Individual,128891440,6,12249.14
CAR03647,Kia,Carens,2019,Petrol,Manual,80464,1,1497,22.4,123,5,Dealer,120730370,6,11494.86
CAR03648,Kia,Seltos,2014,Petrol,Manual,77390,1,1497,17.7,108,7,Individual,79543690,11,6449.17
CAR03649,Skoda,Octavia,2023,Petrol,Manual,56931,1,1984,16.7,120,5,Individual,306176830,2,18977
CAR03650,Volkswagen,Polo,2020,Diesel,Manual,54596,1,999,24.7,55,5,Individual,75939580,5,9099.33
CAR03651,Hyundai,i10,2018,Petrol,Manual,41311,1,1197,15.2,45,5,Individual,49151290,7,5163.88
CAR03652,Maruti,Dzire,2020,Petrol,Manual,62836,3,1197,22.9,57,7,Individual,58031510,5,10472.67
CAR03653,Toyota,Fortuner,2022,Petrol,Manual,28782,2,2755,11.5,247,5,Individual,335788330,3,7195.5
CAR03654,Mahindra,XUV500,2014,Diesel,Manual,139561,1,2179,18.1,120,5,Individual,54257160,11,11630.08
CAR03655,Kia,Seltos,2021,Petrol,Manual,52159,1,1497,12.5,94,5,Individual,166692130,4,10431.8
CAR03656,Toyota,Glanza,2024,Petrol,Automatic,28077,1,1197,13.4,60,5,Individual,140485430,1,14038.5
CAR03657,Mahindra,XUV700,2022,CNG,Manual,27551,1,1997,22.4,152,5,Individual,284553500,3,6887.75
CAR03658,Skoda,Octavia,2021,CNG,Automatic,27119,2,1984,21.9,191,7,Individual,296602920,4,5423.8
CAR03659,Honda,City,2015,Petrol,Automatic,173267,3,1498,15.7,70,5,Individual,53941570,10,15751.55
CAR03660,Toyota,Urban Cruiser,2022,Petrol,Automatic,63707,1,1462,22.4,64,5,Individual,103374440,3,15926.75
CAR03661,Mahindra,Bolero,2023,Petrol,Manual,71714,1,1493,18.65,68,7,Individual,128434490,2,23904.67
CAR03662,Toyota,Innova,2019,Diesel,Manual,71359,1,2393,19.1,151,7,Individual,170130750,6,10194.14
CAR03663,Skoda,Slavia,2020,Petrol,Manual,105935,1,1498,12.1,119,7,Dealer,132144430,5,17655.83
CAR03664,Skoda,Octavia,2021,CNG,Manual,79344,1,1984,23.9,173,5,Individual,271121070,4,15868.8
CAR03665,Mahindra,XUV700,2015,CNG,Manual,92497,1,1997,19.6,166,7,Individual,130502640,10,8408.82
CAR03666,Toyota,Innova,2017,Diesel,Manual,81646,1,2393,20.2,149,5,Dealer,138949090,8,9071.78
CAR03667,Mahindra,Bolero,2023,Petrol,Manual,39157,1,1493,19.9,73,7,Individual,117311700,2,13052.33
CAR03668,Hyundai,Venue,2025,CNG,Automatic,23081,2,1197,19.8,73,5,Individual,223401810,0,23081
CAR03669,Toyota,Innova,2017,Diesel,Manual,114647,2,2393,23.1,154,5,Dealer,120662350,8,12738.56
CAR03670,Tata,Safari,2018,Diesel,Automatic,108596,1,1956,18.2,174,5,Individual,151715570,7,13574.5
CAR03671,Hyundai,Verna,2024,Petrol,Automatic,29109,1,1497,19.1,87,5,Individual,202584650,1,14554.5
CAR03672,Maruti,Swift,2015,Diesel,Manual,179292,2,1197,21.6,57,5,Individual,26130700,10,16299.27
CAR03673,Mahindra,XUV700,2017,Diesel,Manual,105736,1,1997,22,194,7,Individual,158596610,8,11748.44
CAR03674,Maruti,Swift,2014,Electric,Manual,122959,2,1197,27.7,45,5,Individual,28884180,11,10246.58
CAR03675,Kia,Carens,2016,Diesel,Automatic,105033,1,1497,16.8,114,7,Dealer,115983600,9,10503.3
CAR03676,Toyota,Innova,2021,Petrol,Automatic,58952,2,2393,14.1,166,5,Individual,223014780,4,11790.4
CAR03677,Honda,WR-V,2018,Petrol,Automatic,55902,1,1498,16.5,75,5,Individual,76760950,7,6987.75
CAR03678,Volkswagen,Taigun,2025,Diesel,Automatic,16835,2,1498,28.4,97,5,Dealer,328012010,0,16835
CAR03679,Mahindra,Scorpio,2024,CNG,Manual,52757,1,2179,25.1,113,5,Dealer,283925740,1,26378.5
CAR03680,Volkswagen,Virtus,2024,Diesel,Automatic,26064,2,1498,17.6,127,5,Individual,216387390,1,13032
CAR03681,Volkswagen,Virtus,2022,Petrol,Automatic,60055,1,1498,16.5,111,5,Individual,161622740,3,15013.75
CAR03682,Maruti,Swift,2022,Petrol,Automatic,54968,1,1197,17.5,51,7,Dealer,98951620,3,13742
CAR03683,Tata,Nexon,2020,Diesel,Manual,101817,2,1199,20.1,77,5,Dealer,104320070,5,16969.5
CAR03684,Mahindra,XUV500,2025,CNG,Manual,30384,1,2179,22.9,117,5,Dealer,251154350,0,30384
CAR03685,Skoda,Slavia,2015,Petrol,Manual,209471,1,1498,19.5,118,5,Dealer,59800030,10,19042.82
CAR03686,Hyundai,Grand i10,2022,Petrol,Manual,57542,1,1197,21.1,45,5,Dealer,91333190,3,14385.5
CAR03687,Hyundai,i20,2015,CNG,Manual,189035,2,1197,27,70,7,Individual,35752490,10,17185
CAR03688,Skoda,Rapid,2018,Petrol,Automatic,121851,2,1498,17.1,64,5,Individual,56712150,7,15231.38
CAR03689,Skoda,Slavia,2017,Petrol,Automatic,158622,1,1498,16.9,117,7,Individual,82348280,8,17624.67
CAR03690,Hyundai,Verna,2021,Petrol,Manual,62707,2,1497,16.4,90,5,Dealer,118161760,4,12541.4
CAR03691,Toyota,Fortuner,2023,Petrol,Manual,33484,2,2755,16.7,284,5,Individual,467197080,2,11161.33
CAR03692,Kia,Carens,2014,Petrol,Manual,120548,1,1497,18.6,82,5,Individual,76460180,11,10045.67
CAR03693,Hyundai,i10,2021,Diesel,Automatic,62675,1,1197,21.2,45,5,Individual,64595820,4,12535
CAR03694,Honda,WR-V,2016,Diesel,Automatic,121197,1,1498,24.5,79,5,Dealer,63252710,9,12119.7
CAR03695,Honda,Amaze,2014,Diesel,Manual,65331,1,1199,17.2,51,5,Individual,44349610,11,5444.25
CAR03696,Kia,Carens,2019,Diesel,Manual,96622,1,1497,20.4,132,5,Dealer,135550560,6,13803.14
CAR03697,Honda,Jazz,2020,Petrol,Manual,83003,1,1199,15,64,7,Individual,82597180,5,13833.83
CAR03698,Toyota,Glanza,2016,Petrol,Manual,71427,2,1197,18.7,67,7,Individual,49248000,9,7142.7
CAR03699,Tata,Altroz,2018,Petrol,Manual,71766,1,1199,25.5,67,5,Individual,64252490,7,8970.75
CAR03700,Volkswagen,Virtus,2025,Petrol,Manual,24300,1,1498,17.1,87,5,Individual,260758470,0,24300
CAR03701,Hyundai,Grand i10,2018,Diesel,Manual,139019,1,1197,26.7,51,7,Dealer,43428300,7,17377.38
CAR03702,Tata,Punch,2025,Petrol,Manual,21940,1,1199,15,63,5,Individual,162825820,0,21940
CAR03703,Tata,Safari,2024,Diesel,Manual,33146,2,1956,17.9,132,5,Dealer,297235430,1,16573
CAR03704,Skoda,Rapid,2018,Petrol,Automatic,86215,1,1498,16.5,76,5,Dealer,64298660,7,10776.88
CAR03705,Skoda,Slavia,2020,Petrol,Manual,106347,2,1498,18,79,5,Individual,104550160,5,17724.5
CAR03706,Mahindra,Thar,2022,Petrol,Manual,40768,1,1997,17,103,5,Individual,190190380,3,10192
CAR03707,Hyundai,Grand i10,2019,Petrol,Automatic,73169,1,1197,19.8,54,5,Individual,63532770,6,10452.71
CAR03708,Volkswagen,Polo,2018,Diesel,Manual,133798,1,999,11.1,63,5,Individual,47900140,7,16724.75
CAR03709,Toyota,Fortuner,2017,Diesel,Manual,82714,1,2755,16.4,228,5,Individual,253711940,8,9190.44
CAR03710,Renault,Triber,2015,Petrol,Manual,105197,1,999,23.2,54,5,Individual,41497900,10,9563.36
CAR03711,Honda,City,2014,Diesel,Automatic,143777,1,1498,15.1,79,5,Dealer,56150130,11,11981.42
CAR03712,Skoda,Slavia,2018,Diesel,Manual,152010,1,1498,18.2,110,7,Dealer,98967010,7,19001.25
CAR03713,Renault,Triber,2023,Petrol,Manual,19446,1,999,19.3,57,5,Dealer,110294240,2,6482
CAR03714,Tata,Safari,2016,Petrol,Manual,98419,1,1956,17.4,140,5,Individual,123239700,9,9841.9
CAR03715,Volkswagen,Taigun,2016,Petrol,Automatic,134795,1,1498,15,108,5,Individual,100145390,9,13479.5
CAR03716,Tata,Punch,2017,Petrol,Manual,124187,2,1199,18.8,58,5,Dealer,48887950,8,13798.56
CAR03717,Honda,Jazz,2021,CNG,Manual,60641,1,1199,23.5,57,5,Individual,90296740,4,12128.2
CAR03718,Tata,Altroz,2016,Petrol,Manual,110994,2,1199,15.7,51,5,Dealer,48359750,9,11099.4
CAR03719,Kia,Sonet,2016,Diesel,Manual,119976,2,1197,20.5,74,5,Dealer,57253080,9,11997.6
CAR03720,Tata,Tiago,2015,Diesel,Manual,75002,1,1199,21.9,46,5,Dealer,38942780,10,6818.36
CAR03721,Kia,Carens,2017,Petrol,Manual,105273,1,1497,20.7,94,5,Individual,95380760,8,11697
CAR03722,Mahindra,XUV700,2016,Diesel,Manual,169117,1,1997,20.4,162,5,Dealer,91695140,9,16911.7
CAR03723,Volkswagen,Virtus,2023,Petrol,Manual,30746,1,1498,22.6,123,5,Individual,215060620,2,10248.67
CAR03724,Skoda,Slavia,2024,Petrol,Automatic,38795,3,1498,17.6,108,7,Individual,185137900,1,19397.5
CAR03725,Maruti,Celerio,2018,Petrol,Manual,77985,2,998,14.6,49,5,Individual,47678030,7,9748.12
CAR03726,Skoda,Slavia,2015,Petrol,Manual,115865,1,1498,16.8,120,5,Individual,82284820,10,10533.18
CAR03727,Hyundai,i10,2015,Petrol,Automatic,198116,1,1197,21.1,45,5,Individual,23992820,10,18010.55
CAR03728,Mahindra,Bolero,2017,Diesel,Automatic,81634,1,1493,16.6,83,5,Individual,70560490,8,9070.44
CAR03729,Honda,WR-V,2019,Diesel,Manual,55390,1,1498,12.6,48,5,Individual,86574640,6,7912.86
CAR03730,Kia,Carens,2020,Diesel,Automatic,99238,1,1497,20.7,97,5,Dealer,142639270,5,16539.67
CAR03731,Volkswagen,Taigun,2017,Petrol,Manual,99202,1,1498,16.2,92,7,Dealer,95512620,8,11022.44
CAR03732,Renault,Kwid,2018,Electric,Automatic,107245,1,999,29.2,46,7,Dealer,52113580,7,13405.62
CAR03733,Toyota,Fortuner,2017,Petrol,Manual,91415,1,2755,18.3,269,7,Individual,211729540,8,10157.22
CAR03734,Skoda,Kushaq,2020,CNG,Manual,83112,1,1498,24.7,90,5,Dealer,148061680,5,13852
CAR03735,Honda,WR-V,2022,Diesel,Automatic,38900,1,1498,17.8,59,5,Individual,144661630,3,9725
CAR03736,Tata,Harrier,2014,Diesel,Manual,158650,1,1956,21.1,106,5,Individual,76115710,11,13220.83
CAR03737,Honda,Amaze,2019,Petrol,Automatic,89235,1,1199,18.6,59,5,Individual,65560640,6,12747.86
CAR03738,Mahindra,XUV500,2021,Diesel,Manual,44877,1,2179,23.4,102,5,Individual,145040680,4,8975.4
CAR03739,Kia,Carens,2022,Diesel,Manual,35012,1,1497,19.9,101,5,Individual,159339130,3,8753
CAR03740,Renault,Duster,2020,Petrol,Automatic,70286,3,1498,15.9,63,5,Individual,88225740,5,11714.33
CAR03741,Tata,Nexon,2020,Diesel,Manual,98802,1,1199,22.4,78,5,Dealer,100380420,5,16467
CAR03742,Honda,Amaze,2022,Petrol,Automatic,46818,1,1199,15.4,75,5,Individual,101081140,3,11704.5
CAR03743,Skoda,Octavia,2018,Petrol,Automatic,81477,1,1984,15,169,5,Individual,231602970,7,10184.62
CAR03744,Toyota,Innova,2020,Diesel,Manual,83606,1,2393,19.2,163,7,Individual,179889340,5,13934.33
CAR03745,Tata,Altroz,2017,CNG,Manual,156576,1,1199,20,58,5,Individual,39171350,8,17397.33
CAR03746,Skoda,Slavia,2019,Petrol,Manual,117452,2,1498,17.6,120,5,Dealer,125066360,6,16778.86
CAR03747,Toyota,Innova,2015,Petrol,Manual,142119,3,2393,15.5,153,7,Individual,72445860,10,12919.91
CAR03748,Skoda,Rapid,2018,Petrol,Manual,100988,1,1498,20.9,64,5,Individual,67551650,7,12623.5
CAR03749,Skoda,Octavia,2015,Petrol,Manual,121006,1,1984,20.8,192,7,Dealer,140221520,10,11000.55
CAR03750,Skoda,Slavia,2016,Diesel,Automatic,75944,2,1498,21.8,123,5,Individual,94849330,9,7594.4
CAR03751,Mahindra,XUV700,2019,Petrol,Manual,70489,1,1997,19.7,158,7,Individual,205241990,6,10069.86
CAR03752,Volkswagen,Polo,2020,Diesel,Automatic,92279,1,999,13.8,56,5,Individual,77086040,5,15379.83
CAR03753,Skoda,Kushaq,2025,Petrol,Manual,9824,2,1498,17.8,116,5,Individual,235777080,0,9824
CAR03754,Tata,Tiago,2014,Petrol,Manual,123859,1,1199,20.1,56,5,Dealer,24494420,11,10321.58
CAR03755,Maruti,Ertiga,2024,Petrol,Manual,15163,1,1462,21.5,64,5,Dealer,148732380,1,7581.5
CAR03756,Honda,City,2017,Petrol,Manual,109068,1,1498,16.9,69,5,Individual,93053070,8,12118.67
CAR03757,Kia,Carens,2022,Petrol,Manual,31419,1,1497,21.4,126,5,Dealer,209473480,3,7854.75
CAR03758,Mahindra,Bolero,2022,Petrol,Manual,33032,3,1493,18.4,70,7,Dealer,132521010,3,8258
CAR03759,Maruti,Baleno,2025,Petrol,Automatic,21240,1,1197,9.8,66,5,Individual,184018230,0,21240
CAR03760,Mahindra,XUV500,2015,Petrol,Automatic,87269,1,2179,17.2,91,5,Individual,81409300,10,7933.55
CAR03761,Hyundai,i10,2025,Diesel,Manual,20682,1,1197,16.8,45,5,Individual,92524490,0,20682
CAR03762,Mahindra,Scorpio,2014,CNG,Automatic,152536,1,2179,19.2,145,5,Individual,67867430,11,12711.33
CAR03763,Mahindra,Thar,2024,Diesel,Automatic,34528,1,1997,22.5,124,5,Individual,252080220,1,17264
CAR03764,Kia,Seltos,2021,Petrol,Manual,73254,1,1497,18.4,85,5,Individual,139049410,4,14650.8
CAR03765,Toyota,Fortuner,2019,Petrol,Automatic,103819,1,2755,15.9,268,5,Individual,283383480,6,14831.29
CAR03766,Toyota,Innova,2018,Petrol,Manual,57236,1,2393,15.5,130,5,Dealer,184701090,7,7154.5
CAR03767,Kia,Seltos,2015,Diesel,Manual,152090,2,1497,20.6,105,5,Individual,64346160,10,13826.36
CAR03768,Volkswagen,Vento,2023,Diesel,Manual,35220,1,1498,18.7,68,5,Dealer,147138470,2,11740
CAR03769,Renault,Kwid,2022,Petrol,Automatic,41374,3,999,19.6,45,5,Individual,55189680,3,10343.5
CAR03770,Honda,WR-V,2025,Petrol,Automatic,18245,1,1498,15,62,7,Individual,176552940,0,18245
CAR03771,Toyota,Glanza,2022,Petrol,Automatic,23524,1,1197,16.4,48,5,Individual,121022400,3,5881
CAR03772,Honda,WR-V,2025,Petrol,Automatic,29182,3,1498,14.1,62,5,Individual,176140640,0,29182
CAR03773,Mahindra,Scorpio,2024,Electric,Manual,35887,2,2179,20.8,139,7,Dealer,264560750,1,17943.5
CAR03774,Hyundai,Creta,2019,Petrol,Manual,78846,1,1497,24,105,5,Individual,115075210,6,11263.71
CAR03775,Toyota,Glanza,2022,Petrol,Manual,47075,1,1197,15.3,54,5,Individual,113508470,3,11768.75
CAR03776,Hyundai,i20,2017,Petrol,Manual,97861,2,1197,16.1,73,7,Individual,53652200,8,10873.44
CAR03777,Mahindra,Bolero,2023,Petrol,Manual,26383,1,1493,15,78,5,Individual,153048990,2,8794.33
CAR03778,Renault,Triber,2021,Petrol,Automatic,56947,1,999,17,65,5,Dealer,106605770,4,11389.4
CAR03779,Skoda,Rapid,2019,Petrol,Automatic,110952,1,1498,17.3,56,5,Dealer,73278820,6,15850.29
CAR03780,Toyota,Glanza,2021,Petrol,Manual,56291,2,1197,21.2,74,5,Individual,79071730,4,11258.2
CAR03781,Maruti,Dzire,2017,Petrol,Automatic,128171,1,1197,16.3,57,5,Dealer,50182610,8,14241.22
CAR03782,Tata,Punch,2021,Diesel,Automatic,91330,1,1199,19.6,72,5,Dealer,88827660,4,18266
CAR03783,Hyundai,i20,2019,Petrol,Manual,99682,3,1197,11.9,59,5,Individual,52006420,6,14240.29
CAR03784,Volkswagen,Virtus,2017,Petrol,Manual,131053,1,1498,19.4,82,5,Individual,95221350,8,14561.44
CAR03785,Skoda,Kushaq,2025,CNG,Automatic,22168,2,1498,24.3,94,5,Dealer,281186700,0,22168
CAR03786,Mahindra,Scorpio,2014,Petrol,Manual,35144,1,2179,14.9,145,5,Dealer,100076990,11,2928.67
CAR03787,Hyundai,Creta,2023,Electric,Manual,54271,2,1497,24.8,86,5,Individual,154953170,2,18090.33
CAR03788,Maruti,Brezza,2016,CNG,Manual,148141,1,1462,18.2,85,5,Individual,53490700,9,14814.1
CAR03789,Skoda,Rapid,2016,Petrol,Manual,127219,1,1498,17,58,5,Dealer,59952220,9,12721.9
CAR03790,Honda,Amaze,2015,Petrol,Manual,161415,1,1199,22.6,60,5,Dealer,40698000,10,14674.09
CAR03791,Hyundai,Grand i10,2015,CNG,Manual,108151,2,1197,23.2,48,5,Individual,35601820,10,9831.91
CAR03792,Hyundai,Venue,2015,Petrol,Manual,146451,1,1197,11.6,72,5,Dealer,49391640,10,13313.73
CAR03793,Tata,Harrier,2023,Petrol,Manual,55299,1,1956,27.2,123,7,Individual,242249430,2,18433
CAR03794,Kia,Seltos,2025,Diesel,Manual,5935,1,1497,16.2,87,5,Individual,242546970,0,5935
CAR03795,Renault,Duster,2021,Petrol,Manual,91589,1,1498,23.1,89,5,Dealer,93729280,4,18317.8
CAR03796,Tata,Tiago,2014,CNG,Manual,186599,1,1199,19.7,49,7,Individual,24441410,11,15549.92
CAR03797,Kia,Sonet,2024,Diesel,Manual,22276,1,1197,15.6,60,5,Individual,147519800,1,11138
CAR03798,Maruti,Baleno,2021,CNG,Automatic,74996,1,1197,19.6,47,5,Dealer,84510100,4,14999.2
CAR03799,Maruti,Ertiga,2020,Diesel,Manual,73900,1,1462,17.3,84,5,Individual,97372530,5,12316.67
CAR03800,Maruti,Ertiga,2025,Diesel,Manual,18719,1,1462,17.7,78,5,Individual,181275200,0,18719
CAR03801,Skoda,Slavia,2018,Petrol,Manual,91950,1,1498,17.7,82,5,Individual,109147210,7,11493.75
CAR03802,Mahindra,Thar,2018,Electric,Automatic,143436,1,1997,23.9,151,5,Individual,85844850,7,17929.5
CAR03803,Renault,Triber,2023,Electric,Manual,36105,1,999,26.8,45,5,Individual,104380300,2,12035
CAR03804,Maruti,Ertiga,2020,CNG,Manual,45862,3,1462,21.6,74,5,Individual,109560080,5,7643.67
CAR03805,Maruti,Dzire,2022,Diesel,Automatic,35902,1,1197,19.5,54,5,Dealer,103743230,3,8975.5
CAR03806,Renault,Kwid,2022,Diesel,Automatic,50036,1,999,17.1,45,5,Dealer,77705440,3,12509
CAR03807,Hyundai,Grand i10,2024,Petrol,Manual,19447,2,1197,16.7,51,7,Dealer,101736640,1,9723.5
CAR03808,Hyundai,Creta,2017,CNG,Manual,42451,1,1497,19.5,106,7,Individual,104452690,8,4716.78
CAR03809,Mahindra,Thar,2014,Petrol,Automatic,75436,3,1997,13.4,116,5,Individual,71141320,11,6286.33
CAR03810,Kia,Sonet,2019,Petrol,Automatic,80388,1,1197,25.2,74,5,Dealer,92330690,6,11484
CAR03811,Tata,Safari,2021,Petrol,Automatic,78100,2,1956,18.2,152,5,Dealer,252536790,4,15620
CAR03812,Toyota,Glanza,2023,Diesel,Automatic,34619,2,1197,20.1,59,5,Dealer,114611230,2,11539.67
CAR03813,Kia,Sonet,2017,Diesel,Automatic,122000,2,1197,23,61,7,Individual,75459640,8,13555.56
CAR03814,Toyota,Urban Cruiser,2022,Petrol,Automatic,68772,1,1462,9.8,84,5,Individual,123405950,3,17193
CAR03815,Honda,Amaze,2023,Petrol,Manual,39879,2,1199,24.2,70,5,Individual,96941610,2,13293
CAR03816,Maruti,Wagon R,2023,Petrol,Automatic,33889,2,1197,14.9,45,5,Individual,82912200,2,11296.33
CAR03817,Toyota,Fortuner,2023,Petrol,Automatic,29692,1,2755,14.8,253,7,Dealer,531236580,2,9897.33
CAR03818,Renault,Triber,2025,Petrol,Manual,24577,1,999,15.9,60,5,Individual,129610400,0,24577
CAR03819,Kia,Carens,2021,Diesel,Manual,44413,1,1497,22.3,89,5,Individual,164419160,4,8882.6
CAR03820,Renault,Kwid,2018,Petrol,Manual,67698,3,999,23.9,45,5,Individual,31603270,7,8462.25
CAR03821,Hyundai,Venue,2019,Petrol,Automatic,72657,2,1197,22.4,82,5,Dealer,96399350,6,10379.57
CAR03822,Maruti,Wagon R,2022,Petrol,Manual,69103,1,1197,16.1,45,7,Dealer,72406910,3,17275.75
CAR03823,Mahindra,Thar,2016,Petrol,Manual,125492,1,1997,12.1,139,5,Individual,94012950,9,12549.2
CAR03824,Hyundai,i20,2021,CNG,Manual,87755,1,1197,19.8,70,5,Dealer,87354400,4,17551
CAR03825,Mahindra,Thar,2020,Petrol,Manual,83512,1,1997,15.6,108,5,Individual,155154950,5,13918.67
CAR03826,Skoda,Slavia,2021,Petrol,Manual,65726,2,1498,12.6,116,5,Dealer,157996210,4,13145.2
CAR03827,Honda,City,2019,Diesel,Manual,78173,1,1498,21,80,5,Dealer,100939210,6,11167.57
CAR03828,Mahindra,XUV500,2022,Petrol,Manual,26947,2,2179,17.5,79,5,Dealer,204771360,3,6736.75
CAR03829,Kia,Sonet,2014,CNG,Manual,77726,1,1197,22.5,85,5,Dealer,59327310,11,6477.17
CAR03830,Hyundai,Creta,2022,Electric,Manual,64688,1,1497,24.7,106,5,Individual,153185980,3,16172
CAR03831,Renault,Triber,2023,Diesel,Manual,45085,2,999,21.4,83,5,Individual,121201000,2,15028.33
CAR03832,Tata,Tiago,2024,Electric,Manual,15912,1,1199,22.3,45,7,Dealer,110957720,1,7956
CAR03833,Renault,Triber,2025,Petrol,Automatic,15938,3,999,22.4,66,5,Dealer,167116400,0,15938
CAR03834,Kia,Sonet,2018,Petrol,Automatic,94265,3,1197,16,68,5,Individual,57961020,7,11783.12
CAR03835,Hyundai,i10,2014,Petrol,Automatic,174485,2,1197,15.6,45,7,Dealer,21551320,11,14540.42
CAR03836,Volkswagen,Polo,2021,Petrol,Manual,56527,2,999,16.8,74,5,Individual,77115680,4,11305.4
CAR03837,Hyundai,Creta,2015,Petrol,Manual,85530,1,1497,19.1,74,5,Individual,63428840,10,7775.45
CAR03838,Mahindra,XUV500,2017,Petrol,Automatic,124966,1,2179,19.5,99,7,Individual,92721520,8,13885.11
CAR03839,Skoda,Slavia,2022,Petrol,Manual,56869,2,1498,16.5,130,5,Dealer,164029850,3,14217.25
CAR03840,Skoda,Slavia,2021,Petrol,Manual,58029,1,1498,16.5,86,5,Dealer,132513030,4,11605.8
CAR03841,Renault,Kwid,2021,Diesel,Manual,84076,2,999,23.2,45,5,Dealer,48864010,4,16815.2
CAR03842,Toyota,Fortuner,2023,Petrol,Manual,49378,1,2755,13.6,278,5,Individual,522587970,2,16459.33
CAR03843,Mahindra,Thar,2015,Petrol,Manual,146561,2,1997,25.7,97,5,Individual,75887140,10,13323.73
CAR03844,Honda,City,2023,Petrol,Manual,34403,1,1498,16.6,85,5,Individual,145244740,2,11467.67
CAR03845,Skoda,Slavia,2021,Diesel,Manual,43719,2,1498,18.7,96,5,Individual,142433690,4,8743.8
CAR03846,Toyota,Glanza,2019,Petrol,Manual,110728,1,1197,18.6,71,5,Individual,70250600,6,15818.29
CAR03847,Volkswagen,Polo,2019,Diesel,Manual,34759,1,999,20.9,66,5,Dealer,62131900,6,4965.57
CAR03848,Honda,City,2020,Petrol,Automatic,69590,2,1498,15.5,77,5,Dealer,119622290,5,11598.33
CAR03849,Volkswagen,Vento,2020,Petrol,Automatic,81122,1,1498,18.5,45,7,Dealer,79245960,5,13520.33
CAR03850,Tata,Harrier,2018,Electric,Manual,87915,1,1956,19.7,137,5,Individual,154635680,7,10989.38
CAR03851,Volkswagen,Vento,2016,Petrol,Manual,108605,1,1498,15.7,76,5,Dealer,60657310,9,10860.5
CAR03852,Maruti,Wagon R,2016,Petrol,Manual,130220,1,1197,12.7,46,5,Individual,26416270,9,13022
CAR03853,Hyundai,Grand i10,2018,Petrol,Manual,73535,1,1197,17.9,49,5,Individual,47949540,7,9191.88
CAR03854,Honda,City,2017,Petrol,Automatic,137449,1,1498,17,85,5,Dealer,77375600,8,15272.11
CAR03855,Toyota,Glanza,2020,Petrol,Automatic,85876,1,1197,11.5,58,5,Dealer,68672080,5,14312.67
CAR03856,Volkswagen,Polo,2024,Petrol,Manual,15304,1,999,15.5,52,5,Individual,124516500,1,7652
CAR03857,Honda,City,2015,Petrol,Automatic,83512,2,1498,17.4,82,5,Dealer,70942960,10,7592
CAR03858,Maruti,Baleno,2017,CNG,Manual,107596,1,1197,23.6,55,5,Individual,40293300,8,11955.11
CAR03859,Honda,Amaze,2014,Petrol,Manual,226351,1,1199,13.7,62,5,Individual,27002040,11,18862.58
CAR03860,Toyota,Innova,2025,Petrol,Automatic,16483,1,2393,16.6,127,5,Individual,365700410,0,16483
CAR03861,Mahindra,Bolero,2022,CNG,Manual,69594,1,1493,17.7,71,5,Individual,129868610,3,17398.5
CAR03862,Kia,Seltos,2016,Petrol,Manual,50221,2,1497,19.7,100,7,Dealer,89281000,9,5022.1
CAR03863,Tata,Tiago,2018,CNG,Automatic,65147,2,1199,19,45,7,Individual,45891270,7,8143.38
CAR03864,Kia,Carens,2022,Petrol,Manual,51024,1,1497,19.1,88,5,Dealer,163939980,3,12756
CAR03865,Kia,Carens,2025,Diesel,Manual,7304,1,1497,18.2,115,7,Dealer,264637890,0,7304
CAR03866,Volkswagen,Virtus,2020,CNG,Manual,76293,2,1498,15.9,89,5,Dealer,131472590,5,12715.5
CAR03867,Mahindra,XUV500,2017,Petrol,Manual,148948,1,2179,17.3,102,5,Individual,86639430,8,16549.78
CAR03868,Renault,Duster,2022,Diesel,Manual,44641,1,1498,15.7,76,5,Individual,117271610,3,11160.25
CAR03869,Tata,Tiago,2022,Diesel,Manual,48445,1,1199,22.7,54,7,Individual,65567100,3,12111.25
CAR03870,Volkswagen,Taigun,2021,Diesel,Manual,49618,3,1498,24.8,138,5,Individual,134239370,4,9923.6
CAR03871,Maruti,Swift,2014,Petrol,Manual,232857,1,1197,19.4,58,5,Individual,18103770,11,19404.75
CAR03872,Hyundai,Grand i10,2022,Petrol,Manual,46257,1,1197,15.6,45,5,Individual,80840820,3,11564.25
CAR03873,Renault,Triber,2014,Petrol,Automatic,113392,2,999,17.6,58,5,Dealer,44254990,11,9449.33
CAR03874,Toyota,Urban Cruiser,2024,Electric,Manual,24261,1,1462,23.4,77,5,Individual,172859720,1,12130.5
CAR03875,Kia,Sonet,2024,Petrol,Manual,29773,1,1197,20.8,74,5,Individual,153933630,1,14886.5
CAR03876,Kia,Seltos,2020,Petrol,Automatic,41507,1,1497,16.9,101,5,Dealer,147072730,5,6917.83
CAR03877,Kia,Seltos,2021,CNG,Manual,91531,3,1497,22.2,97,5,Dealer,116211980,4,18306.2
CAR03878,Tata,Punch,2014,Petrol,Manual,150170,1,1199,12.5,61,7,Dealer,36710850,11,12514.17
CAR03879,Hyundai,Venue,2024,Diesel,Manual,26320,1,1197,20,83,5,Individual,151878020,1,13160
CAR03880,Maruti,Wagon R,2017,Petrol,Manual,120634,2,1197,14.9,45,7,Dealer,41310750,8,13403.78
CAR03881,Renault,Duster,2017,Diesel,Automatic,115121,2,1498,19.4,75,5,Individual,60288140,8,12791.22
CAR03882,Tata,Nexon,2022,Petrol,Manual,60622,1,1199,14.4,61,5,Dealer,131326860,3,15155.5
CAR03883,Mahindra,XUV700,2025,Petrol,Automatic,23134,1,1997,18.7,178,5,Individual,371023450,0,23134
CAR03884,Toyota,Fortuner,2019,Diesel,Manual,93953,1,2755,21.2,242,5,Dealer,269439380,6,13421.86
CAR03885,Hyundai,i20,2020,Petrol,Manual,60295,1,1197,16.8,53,5,Individual,75365780,5,10049.17
CAR03886,Toyota,Urban Cruiser,2020,Petrol,Manual,52191,1,1462,14.9,72,5,Dealer,95975650,5,8698.5
CAR03887,Maruti,Brezza,2017,Petrol,Manual,135751,2,1462,19.2,75,5,Dealer,67220860,8,15083.44
CAR03888,Hyundai,i10,2021,Diesel,Manual,62293,2,1197,24,45,5,Dealer,59077650,4,12458.6
CAR03889,Hyundai,Grand i10,2025,Petrol,Manual,12902,2,1197,23.3,45,7,Individual,101236560,0,12902
CAR03890,Renault,Kwid,2018,Petrol,Manual,77048,1,999,18.7,45,5,Individual,39045000,7,9631
CAR03891,Mahindra,Bolero,2023,Petrol,Automatic,44607,1,1493,18.3,82,5,Individual,169039200,2,14869
CAR03892,Skoda,Kushaq,2023,Petrol,Automatic,42319,2,1498,13.6,79,5,Dealer,192204190,2,14106.33
CAR03893,Toyota,Glanza,2024,Diesel,Manual,37596,1,1197,23.2,64,5,Individual,104650480,1,18798
CAR03894,Tata,Altroz,2022,Petrol,Automatic,21794,1,1199,10.5,58,5,Individual,122477420,3,5448.5
CAR03895,Kia,Sonet,2025,CNG,Manual,12792,1,1197,24.6,84,5,Dealer,171364800,0,12792
CAR03896,Skoda,Kushaq,2022,Diesel,Manual,34532,1,1498,19.4,112,5,Individual,161625780,3,8633
CAR03897,Mahindra,XUV700,2025,CNG,Manual,24208,1,1997,13.7,183,5,Dealer,343384530,0,24208
CAR03898,Maruti,Dzire,2022,Diesel,Manual,51894,1,1197,20.3,56,5,Individual,92568570,3,12973.5
CAR03899,Honda,Jazz,2024,Petrol,Manual,28870,2,1199,17,51,5,Dealer,123656180,1,14435
CAR03900,Skoda,Rapid,2024,Electric,Manual,17421,1,1498,21.2,67,5,Individual,126231630,1,8710.5
CAR03901,Mahindra,XUV500,2025,Diesel,Automatic,23202,1,2179,18.5,105,5,Dealer,278029850,0,23202
CAR03902,Skoda,Octavia,2021,Diesel,Manual,39381,1,1984,19.2,161,5,Individual,254801210,4,7876.2
CAR03903,Mahindra,Scorpio,2022,Petrol,Automatic,37186,1,2179,17.4,119,5,Individual,199734080,3,9296.5
CAR03904,Maruti,Celerio,2025,Petrol,Manual,22616,1,998,13.1,45,5,Individual,95508060,0,22616
CAR03905,Renault,Duster,2018,Diesel,Manual,81199,1,1498,20.5,77,5,Dealer,78351820,7,10149.88
CAR03906,Volkswagen,Taigun,2015,Petrol,Manual,150879,1,1498,16.4,104,5,Individual,63541510,10,13716.27
CAR03907,Volkswagen,Virtus,2024,Diesel,Manual,40556,1,1498,24.1,98,5,Individual,223335120,1,20278
CAR03908,Skoda,Slavia,2021,Petrol,Manual,77528,3,1498,18.9,92,5,Individual,145554060,4,15505.6
CAR03909,Hyundai,Creta,2019,Petrol,Automatic,153190,1,1497,20.4,93,7,Dealer,98313030,6,21884.29
CAR03910,Skoda,Slavia,2022,Petrol,Manual,21103,1,1498,23.1,112,5,Individual,242373880,3,5275.75
CAR03911,Tata,Punch,2014,Petrol,Manual,155776,3,1199,19.7,61,5,Individual,31084760,11,12981.33
CAR03912,Skoda,Kushaq,2019,Petrol,Automatic,79760,2,1498,17.1,101,7,Individual,123126270,6,11394.29
CAR03913,Hyundai,Verna,2017,Diesel,Manual,164137,2,1497,11.6,66,5,Individual,47254900,8,18237.44
CAR03914,Mahindra,XUV500,2017,Diesel,Automatic,116383,1,2179,20,94,5,Individual,90322010,8,12931.44
CAR03915,Volkswagen,Taigun,2025,CNG,Manual,15350,2,1498,26.2,95,5,Individual,234500660,0,15350
CAR03916,Maruti,Brezza,2020,Diesel,Manual,82456,1,1462,22,69,5,Individual,97441880,5,13742.67
CAR03917,Maruti,Wagon R,2015,Diesel,Manual,139649,1,1197,17.8,46,5,Dealer,27980160,10,12695.36
CAR03918,Renault,Kwid,2018,Petrol,Automatic,109541,2,999,17.7,45,5,Individual,40134080,7,13692.62
CAR03919,Maruti,Brezza,2016,Diesel,Manual,87518,1,1462,17.6,85,7,Dealer,63824420,9,8751.8
CAR03920,Kia,Carens,2024,CNG,Manual,25504,3,1497,21.9,98,7,Individual,217532330,1,12752
CAR03921,Skoda,Slavia,2017,Diesel,Automatic,101275,3,1498,17.8,82,5,Individual,100198020,8,11252.78
CAR03922,Kia,Sonet,2018,Petrol,Automatic,78584,1,1197,21.8,72,7,Dealer,92255070,7,9823
CAR03923,Toyota,Glanza,2018,Diesel,Manual,101436,1,1197,19.7,55,5,Dealer,67658810,7,12679.5
CAR03924,Toyota,Fortuner,2016,Petrol,Manual,130314,2,2755,18.3,354,7,Dealer,203879120,9,13031.4
CAR03925,Kia,Sonet,2023,Petrol,Automatic,45853,1,1197,15,70,5,Dealer,164442150,2,15284.33
CAR03926,Mahindra,XUV700,2020,Diesel,Manual,80410,1,1997,18,125,5,Individual,205896160,5,13401.67
CAR03927,Mahindra,XUV700,2019,CNG,Manual,94930,1,1997,17.5,155,5,Dealer,189635580,6,13561.43
CAR03928,Hyundai,i10,2018,Petrol,Manual,54331,2,1197,21.8,45,5,Individual,47981080,7,6791.38
CAR03929,Kia,Sonet,2022,Petrol,Manual,76829,3,1197,16,62,5,Dealer,106278020,3,19207.25
CAR03930,Volkswagen,Polo,2015,CNG,Manual,93924,1,999,21.5,59,5,Dealer,48742410,10,8538.55
CAR03931,Volkswagen,Virtus,2025,Petrol,Automatic,14350,2,1498,12.9,113,5,Individual,242702580,0,14350
CAR03932,Maruti,Baleno,2020,Petrol,Manual,71516,2,1197,13.8,57,7,Individual,79999880,5,11919.33
CAR03933,Volkswagen,Taigun,2016,Diesel,Automatic,117949,1,1498,18.5,101,5,Dealer,98670610,9,11794.9
CAR03934,Volkswagen,Polo,2020,CNG,Automatic,92408,1,999,20.1,53,5,Individual,73522590,5,15401.33
CAR03935,Hyundai,Venue,2024,Petrol,Manual,9351,1,1197,18.2,68,7,Individual,165201200,1,4675.5
CAR03936,Renault,Duster,2016,Diesel,Automatic,89594,2,1498,25.3,58,5,Dealer,62269460,9,8959.4
CAR03937,Mahindra,Bolero,2020,Petrol,Manual,86384,1,1493,11.4,88,5,Individual,94132650,5,14397.33
CAR03938,Toyota,Urban Cruiser,2021,Petrol,Automatic,90522,1,1462,20.4,97,5,Individual,112801100,4,18104.4
CAR03939,Volkswagen,Virtus,2023,Diesel,Manual,35940,1,1498,20.8,91,5,Dealer,207270810,2,11980
CAR03940,Mahindra,XUV700,2020,CNG,Manual,28034,1,1997,19.1,142,5,Dealer,199871070,5,4672.33
CAR03941,Mahindra,XUV500,2022,Petrol,Manual,50687,1,2179,16.2,84,5,Individual,195933890,3,12671.75
CAR03942,Honda,WR-V,2023,Petrol,Automatic,32829,1,1498,20.9,74,5,Dealer,149573510,2,10943
CAR03943,Skoda,Octavia,2024,Petrol,Manual,38827,1,1984,17.3,152,5,Individual,379918680,1,19413.5
CAR03944,Skoda,Kushaq,2018,Petrol,Automatic,102275,2,1498,16.5,114,5,Individual,106615460,7,12784.38
CAR03945,Hyundai,i20,2022,Petrol,Manual,32160,2,1197,14.4,66,5,Individual,113828240,3,8040
CAR03946,Volkswagen,Taigun,2016,Petrol,Manual,160029,2,1498,15,103,5,Individual,68911670,9,16002.9
CAR03947,Maruti,Swift,2024,Diesel,Manual,21475,1,1197,15.7,58,5,Dealer,108759990,1,10737.5
CAR03948,Honda,City,2025,Petrol,Manual,12313,1,1498,20.2,77,5,Individual,194121290,0,12313
CAR03949,Skoda,Octavia,2017,Diesel,Manual,131052,2,1984,16.9,175,5,Individual,155335260,8,14561.33
CAR03950,Hyundai,Venue,2020,Diesel,Manual,51306,1,1197,15.7,62,5,Dealer,109383760,5,8551
CAR03951,Honda,City,2023,CNG,Automatic,39987,1,1498,21.5,55,5,Dealer,172763580,2,13329
CAR03952,Tata,Harrier,2014,Electric,Automatic,121617,1,1956,20.1,143,5,Dealer,88646780,11,10134.75
CAR03953,Volkswagen,Vento,2022,Petrol,Manual,46684,1,1498,22.1,61,5,Individual,110382780,3,11671
CAR03954,Toyota,Glanza,2023,Petrol,Manual,50809,1,1197,17.6,68,5,Dealer,128042520,2,16936.33
CAR03955,Mahindra,Bolero,2024,Diesel,Manual,22338,2,1493,19.9,70,5,Dealer,142367950,1,11169
CAR03956,Skoda,Rapid,2016,Petrol,Automatic,163568,2,1498,18.1,62,5,Dealer,48739750,9,16356.8
CAR03957,Mahindra,Thar,2023,Petrol,Automatic,31958,2,1997,19.2,115,5,Dealer,245540990,2,10652.67
CAR03958,Volkswagen,Virtus,2023,Petrol,Automatic,39202,3,1498,19.6,98,5,Dealer,200294770,2,13067.33
CAR03959,Maruti,Wagon R,2014,CNG,Automatic,135020,1,1197,21.1,45,5,Individual,27957740,11,11251.67
CAR03960,Tata,Safari,2022,Petrol,Manual,44361,1,1956,14.5,124,7,Individual,205663980,3,11090.25
CAR03961,Skoda,Kushaq,2021,Petrol,Manual,38912,1,1498,17,92,7,Individual,177943740,4,7782.4
CAR03962,Renault,Duster,2025,Petrol,Automatic,25673,2,1498,17.7,70,5,Individual,142105750,0,25673
CAR03963,Kia,Carens,2014,Diesel,Manual,63396,1,1497,14.4,120,5,Individual,82104890,11,5283
CAR03964,Honda,Jazz,2025,Petrol,Manual,11047,2,1199,11.2,54,5,Individual,138322470,0,11047
CAR03965,Hyundai,i10,2020,CNG,Manual,47901,1,1197,17.4,45,5,Individual,58615190,5,7983.5
CAR03966,Renault,Triber,2017,Diesel,Automatic,145293,1,999,13.4,61,5,Dealer,49218360,8,16143.67
CAR03967,Volkswagen,Taigun,2018,Petrol,Automatic,48561,2,1498,16,94,5,Individual,111795620,7,6070.12
CAR03968,Tata,Punch,2023,Petrol,Automatic,50674,2,1199,15.2,62,5,Dealer,122663240,2,16891.33
CAR03969,Mahindra,XUV700,2025,Diesel,Manual,20603,2,1997,19.6,176,5,Dealer,356369130,0,20603
CAR03970,Kia,Carens,2017,Diesel,Manual,131818,1,1497,21.4,110,7,Dealer,73588900,8,14646.44
CAR03971,Toyota,Glanza,2025,Petrol,Manual,33708,1,1197,18.4,59,5,Individual,139910680,0,33708
CAR03972,Skoda,Kushaq,2021,Petrol,Automatic,56003,1,1498,18.8,94,5,Dealer,212282250,4,11200.6
CAR03973,Hyundai,Creta,2016,Petrol,Manual,122091,2,1497,20.3,97,5,Individual,76218310,9,12209.1
CAR03974,Tata,Tiago,2021,Petrol,Automatic,102845,1,1199,16.5,45,7,Dealer,60598220,4,20569
CAR03975,Maruti,Baleno,2023,Petrol,Manual,53852,1,1197,9.7,52,7,Individual,108619200,2,17950.67
CAR03976,Kia,Seltos,2014,Petrol,Automatic,169598,1,1497,12.3,96,5,Individual,65129720,11,14133.17
CAR03977,Kia,Carens,2014,Petrol,Automatic,237950,2,1497,19,102,5,Individual,37275150,11,19829.17
CAR03978,Skoda,Kushaq,2014,CNG,Manual,146719,1,1498,21.6,119,5,Dealer,64221710,11,12226.58
CAR03979,Mahindra,Thar,2020,Diesel,Automatic,104163,3,1997,21.4,104,5,Dealer,149918360,5,17360.5
CAR03980,Hyundai,Grand i10,2014,CNG,Manual,151844,1,1197,29.5,48,5,Dealer,23881290,11,12653.67
CAR03981,Toyota,Urban Cruiser,2025,Diesel,Automatic,16400,1,1462,20,69,5,Dealer,196647720,0,16400
CAR03982,Maruti,Dzire,2015,Diesel,Automatic,97035,2,1197,19,46,5,Individual,40001080,10,8821.36
CAR03983,Kia,Carens,2014,Petrol,Manual,90919,1,1497,18.5,106,5,Dealer,74862660,11,7576.58
CAR03984,Kia,Carens,2017,Diesel,Manual,84941,1,1497,15.7,111,5,Individual,115434500,8,9437.89
CAR03985,Renault,Kwid,2023,Petrol,Automatic,46159,1,999,19.8,45,7,Dealer,91666830,2,15386.33
CAR03986,Honda,WR-V,2024,Petrol,Automatic,35437,1,1498,17,45,7,Dealer,154406730,1,17718.5
CAR03987,Honda,Jazz,2017,Electric,Manual,143442,2,1199,18.55,68,5,Individual,40550940,8,15938
CAR03988,Maruti,Swift,2020,CNG,Automatic,86253,1,1197,16.2,54,5,Individual,76392350,5,14375.5
CAR03989,Toyota,Innova,2023,Petrol,Manual,55401,1,2393,17.5,161,5,Dealer,289632390,2,18467
CAR03990,Toyota,Fortuner,2023,Diesel,Manual,52346,2,2755,17.4,283,7,Dealer,441357270,2,17448.67
CAR03991,Volkswagen,Polo,2015,Petrol,Manual,128095,1,999,14.3,56,5,Dealer,43819320,10,11645
CAR03992,Volkswagen,Vento,2024,Petrol,Manual,21356,1,1498,19.4,63,5,Dealer,162248600,1,10678
CAR03993,Hyundai,i10,2024,Petrol,Manual,16761,2,1197,16.5,45,5,Dealer,75883340,1,8380.5
CAR03994,Tata,Altroz,2022,Petrol,Manual,40942,2,1199,21.5,61,5,Individual,90773640,3,10235.5
CAR03995,Mahindra,XUV500,2020,Diesel,Manual,67207,1,2179,17.7,92,5,Individual,132056650,5,11201.17
CAR03996,Honda,Amaze,2018,Petrol,Manual,127157,1,1199,16.3,50,5,Individual,42523330,7,15894.62
CAR03997,Maruti,Baleno,2024,Petrol,Automatic,28218,1,1197,23.5,46,5,Individual,126602700,1,14109
CAR03998,Renault,Triber,2024,Electric,Automatic,35045,1,999,18.4,52,7,Dealer,131297030,1,17522.5
CAR03999,Volkswagen,Polo,2020,Diesel,Automatic,117008,2,999,16.9,46,5,Individual,67336760,5,19501.33
CAR04000,Mahindra,Thar,2022,Petrol,Manual,53056,1,1997,8.2,126,5,Dealer,174550340,3,13264
CAR04001,Honda,Amaze,2018,Petrol,Automatic,123441,1,1199,16.2,64,5,Individual,60050830,7,15430.12
CAR04002,Renault,Kwid,2022,Petrol,Manual,53737,1,999,19.6,45,5,Dealer,69003820,3,13434.25
CAR04003,Maruti,Brezza,2015,Petrol,Manual,74689,1,1462,18.75,81,5,Individual,56908990,10,6789.91
CAR04004,Toyota,Fortuner,2024,Diesel,Automatic,14690,2,2755,19.7,248,5,Individual,577806340,1,7345
CAR04005,Renault,Triber,2020,CNG,Manual,110138,1,999,18.4,71,5,Individual,75471040,5,18356.33
CAR04006,Skoda,Slavia,2021,Petrol,Automatic,62363,1,1498,16.9,113,7,Dealer,172704300,4,12472.6
CAR04007,Tata,Tiago,2016,Petrol,Manual,105489,1,1199,16.3,49,5,Individual,37897400,9,10548.9
CAR04008,Kia,Sonet,2020,Petrol,Manual,72634,1,1197,17.5,76,5,Individual,90975990,5,12105.67
CAR04009,Hyundai,i20,2014,CNG,Manual,127067,2,1197,21.5,57,5,Dealer,36647960,11,10588.92
CAR04010,Hyundai,i20,2024,Petrol,Manual,45034,2,1197,16.4,52,7,Individual,141678820,1,22517
CAR04011,Honda,Amaze,2022,Petrol,Manual,77680,3,1199,17.6,57,5,Individual,75235630,3,19420
CAR04012,Renault,Duster,2019,Electric,Manual,75948,1,1498,22.2,69,5,Individual,83696520,6,10849.71
CAR04013,Kia,Carens,2024,Diesel,Manual,42537,2,1497,17.3,140,5,Individual,203562770,1,21268.5
CAR04014,Toyota,Fortuner,2023,Petrol,Automatic,38118,1,2755,17.7,269,5,Individual,528377650,2,12706
CAR04015,Tata,Safari,2015,Petrol,Manual,126939,1,1956,13.7,125,5,Individual,93777540,10,11539.91
CAR04016,Hyundai,Creta,2014,Petrol,Manual,98418,1,1497,18,97,5,Individual,65552090,11,8201.5
CAR04017,Tata,Altroz,2017,Electric,Manual,90239,2,1199,19.2,57,5,Individual,57815670,8,10026.56
CAR04018,Hyundai,Verna,2014,Petrol,Manual,161661,2,1497,17.4,77,5,Individual,35208140,11,13471.75
CAR04019,Hyundai,i20,2020,Petrol,Manual,84531,1,1197,18.9,52,5,Individual,82565830,5,14088.5
CAR04020,Kia,Seltos,2020,Diesel,Manual,44679,2,1497,16.5,109,5,Individual,119565100,5,7446.5
CAR04021,Hyundai,Verna,2020,Petrol,Automatic,57878,2,1497,20.6,73,7,Individual,85482710,5,9646.33
CAR04022,Maruti,Brezza,2014,Petrol,Manual,114611,3,1462,22.9,76,5,Individual,40161820,11,9550.92
CAR04023,Mahindra,Thar,2025,CNG,Automatic,21865,1,1997,19,103,5,Dealer,269292890,0,21865
CAR04024,Tata,Harrier,2025,Petrol,Manual,13977,3,1956,17.1,120,5,Individual,232773560,0,13977
CAR04025,Toyota,Urban Cruiser,2021,CNG,Manual,52199,2,1462,24.6,79,5,Dealer,138200680,4,10439.8
CAR04026,Hyundai,i10,2014,Diesel,Manual,128952,1,1197,13.9,45,5,Individual,25984400,11,10746
CAR04027,Tata,Safari,2018,Petrol,Manual,109377,1,1956,17.6,158,7,Individual,146817560,7,13672.12
CAR04028,Toyota,Innova,2022,Diesel,Manual,65890,2,2393,18.4,166,5,Dealer,220815340,3,16472.5
CAR04029,Kia,Sonet,2022,Diesel,Manual,60310,2,1197,22,87,5,Individual,100061600,3,15077.5
CAR04030,Toyota,Innova,2016,Diesel,Manual,154481,1,2393,18.6,127,5,Dealer,102203090,9,15448.1
CAR04031,Mahindra,XUV700,2023,Diesel,Manual,51477,3,1997,20.7,160,5,Individual,239537750,2,17159
CAR04032,Mahindra,XUV700,2025,Petrol,Manual,14799,1,1997,15,145,5,Individual,305769090,0,14799
CAR04033,Tata,Harrier,2020,Petrol,Automatic,85910,1,1956,20.4,102,5,Individual,205660940,5,14318.33
CAR04034,Tata,Altroz,2018,Diesel,Automatic,84607,1,1199,15.9,60,5,Dealer,70478030,7,10575.88
CAR04035,Toyota,Urban Cruiser,2020,Petrol,Manual,44627,1,1462,20.1,60,5,Individual,96033030,5,7437.83
CAR04036,Maruti,Wagon R,2014,Petrol,Manual,120557,1,1197,17.7,45,5,Individual,27922020,11,10046.42
CAR04037,Kia,Sonet,2020,Petrol,Manual,82869,1,1197,10.4,81,5,Dealer,85198090,5,13811.5
CAR04038,Kia,Carens,2014,Petrol,Automatic,206059,1,1497,17.7,122,5,Individual,50210920,11,17171.58
CAR04039,Honda,WR-V,2014,Diesel,Manual,80318,1,1498,21.1,71,5,Individual,56452230,11,6693.17
CAR04040,Honda,City,2020,Diesel,Manual,73354,1,1498,15.6,76,5,Individual,101148400,5,12225.67
CAR04041,Honda,Jazz,2020,CNG,Automatic,113123,2,1199,18.5,58,5,Individual,71020100,5,18853.83
CAR04042,Kia,Seltos,2025,Petrol,Manual,20857,1,1497,17.8,100,5,Individual,240084760,0,20857
CAR04043,Volkswagen,Taigun,2020,Petrol,Manual,13396,1,1498,16,125,7,Dealer,164645070,5,2232.67
CAR04044,Hyundai,Venue,2025,CNG,Automatic,18184,1,1197,22,87,5,Dealer,190634030,0,18184
CAR04045,Toyota,Urban Cruiser,2023,Petrol,Automatic,56977,1,1462,16.9,73,5,Individual,179022940,2,18992.33
CAR04046,Maruti,Ertiga,2018,Diesel,Manual,25460,1,1462,15.3,87,5,Individual,87958980,7,3182.5
CAR04047,Toyota,Urban Cruiser,2025,Diesel,Manual,13144,3,1462,26.3,69,5,Individual,142939280,0,13144
CAR04048,Tata,Safari,2019,Petrol,Manual,116542,1,1956,16.5,148,5,Individual,156961090,6,16648.86
CAR04049,Honda,Amaze,2021,Petrol,Manual,67741,1,1199,17.9,53,5,Individual,72178720,4,13548.2
CAR04050,Toyota,Glanza,2015,Diesel,Manual,92810,1,1197,24.6,61,5,Individual,51291640,10,8437.27
CAR04051,Honda,City,2016,Petrol,Manual,123907,1,1498,20.1,72,5,Dealer,64520390,9,12390.7
CAR04052,Honda,Jazz,2020,CNG,Manual,84937,1,1199,22.6,49,7,Individual,77450650,5,14156.17
CAR04053,Volkswagen,Polo,2017,Diesel,Automatic,74302,3,999,22.5,47,5,Dealer,55738970,8,8255.78
CAR04054,Renault,Triber,2021,Petrol,Automatic,66109,1,999,19.2,64,5,Dealer,95921690,4,13221.8
CAR04055,Maruti,Celerio,2014,Diesel,Automatic,185953,1,998,21,45,5,Individual,28329000,11,15496.08
CAR04056,Honda,Jazz,2017,Petrol,Manual,72004,1,1199,19.2,57,5,Dealer,65941970,8,8000.44
CAR04057,Renault,Triber,2021,Petrol,Manual,33855,1,999,17,66,5,Dealer,104714700,4,6771
CAR04058,Mahindra,XUV700,2021,Electric,Manual,50454,1,1997,25.7,176,5,Individual,201903880,4,10090.8
CAR04059,Tata,Safari,2025,Diesel,Manual,13111,1,1956,21.3,122,5,Individual,333480970,0,13111
CAR04060,Mahindra,Scorpio,2024,Diesel,Manual,31243,1,2179,12.4,87,7,Individual,268158590,1,15621.5
CAR04061,Hyundai,Verna,2023,CNG,Automatic,29218,1,1497,23.6,69,5,Individual,191952250,2,9739.33
CAR04062,Maruti,Ertiga,2014,Diesel,Manual,147485,2,1462,16.9,79,5,Dealer,38734350,11,12290.42
CAR04063,Kia,Sonet,2021,Petrol,Manual,71315,1,1197,18.2,80,5,Individual,100824070,4,14263
CAR04064,Mahindra,XUV700,2016,Petrol,Manual,89807,1,1997,12.5,131,5,Individual,148003160,9,8980.7
CAR04065,Volkswagen,Taigun,2017,Petrol,Automatic,87277,2,1498,15.8,81,5,Dealer,95752210,8,9697.44
CAR04066,Honda,Jazz,2016,Petrol,Manual,112954,1,1199,16.4,53,5,Dealer,46972940,9,11295.4
CAR04067,Renault,Triber,2019,Petrol,Manual,54484,1,999,19.1,56,5,Individual,87862460,6,7783.43
CAR04068,Toyota,Fortuner,2015,Diesel,Manual,164127,1,2755,17.5,311,5,Individual,159478210,10,14920.64
CAR04069,Volkswagen,Taigun,2020,Petrol,Automatic,54910,1,1498,11,106,5,Individual,171089870,5,9151.67
CAR04070,Hyundai,Grand i10,2015,Diesel,Manual,118481,2,1197,17.8,49,5,Dealer,34401780,10,10771
CAR04071,Maruti,Swift,2020,CNG,Manual,62444,1,1197,19.9,56,7,Individual,67584710,5,10407.33
CAR04072,Volkswagen,Polo,2021,Electric,Automatic,77027,1,999,24.4,53,5,Individual,88096920,4,15405.4
CAR04073,Renault,Kwid,2016,Petrol,Automatic,114623,2,999,17.9,45,5,Individual,34124380,9,11462.3
CAR04074,Skoda,Slavia,2015,CNG,Manual,205210,1,1498,18.7,108,5,Individual,51813950,10,18655.45
CAR04075,Honda,Amaze,2023,Diesel,Automatic,52650,2,1199,20.1,60,5,Individual,122993650,2,17550
CAR04076,Maruti,Celerio,2022,Petrol,Manual,70725,1,998,23,45,5,Dealer,72313620,3,17681.25
CAR04077,Skoda,Slavia,2017,Petrol,Manual,93334,1,1498,21,119,5,Dealer,113731530,8,10370.44
CAR04078,Kia,Seltos,2024,Petrol,Manual,27870,2,1497,11.8,112,5,Individual,208317710,1,13935
CAR04079,Tata,Nexon,2016,Diesel,Manual,114617,1,1199,26.7,74,5,Dealer,61206980,9,11461.7
CAR04080,Volkswagen,Vento,2025,Diesel,Manual,23406,1,1498,18.6,73,5,Individual,168049680,0,23406
CAR04081,Skoda,Octavia,2015,Petrol,Automatic,44397,1,1984,22.3,184,5,Individual,169751320,10,4036.09
CAR04082,Tata,Nexon,2021,Diesel,Automatic,70329,2,1199,14.7,103,5,Individual,93825040,4,14065.8
CAR04083,Volkswagen,Polo,2014,Petrol,Manual,151953,3,999,16.3,62,5,Individual,28583980,11,12662.75
CAR04084,Volkswagen,Polo,2016,Petrol,Automatic,100745,1,999,19.3,59,5,Individual,44525550,9,10074.5
CAR04085,Mahindra,Scorpio,2018,CNG,Automatic,99195,1,2179,17.6,117,5,Individual,146094230,7,12399.38
CAR04086,Kia,Carens,2015,Electric,Manual,125597,1,1497,24.1,91,5,Individual,73626710,10,11417.91
CAR04087,Tata,Tiago,2019,Diesel,Automatic,110987,1,1199,24.2,49,5,Dealer,60409550,6,15855.29
CAR04088,Skoda,Kushaq,2016,Petrol,Automatic,129390,1,1498,16.5,82,5,Individual,81565100,9,12939
CAR04089,Skoda,Rapid,2015,Petrol,Automatic,134459,2,1498,22.6,76,5,Individual,38229900,10,12223.55
CAR04090,Skoda,Kushaq,2025,Petrol,Manual,22603,1,1498,19.6,77,5,Individual,226283920,0,22603
CAR04091,Volkswagen,Taigun,2025,Petrol,Automatic,21919,1,1498,11.9,91,5,Dealer,343024670,0,21919
CAR04092,Maruti,Baleno,2025,Petrol,Automatic,6387,1,1197,14.9,63,5,Individual,197443630,0,6387
CAR04093,Honda,Jazz,2015,CNG,Manual,165022,1,1199,24.3,59,5,Individual,44703200,10,15002
CAR04094,Toyota,Urban Cruiser,2018,Diesel,Manual,64659,1,1462,16.2,75,5,Dealer,72522810,7,8082.38
CAR04095,Skoda,Rapid,2017,Petrol,Manual,88916,1,1498,20.7,57,7,Individual,51935930,8,9879.56
CAR04096,Mahindra,XUV700,2017,Petrol,Manual,103612,1,1997,19.3,151,5,Dealer,131359540,8,11512.44
CAR04097,Mahindra,XUV500,2018,Petrol,Manual,92471,1,2179,18.4,107,5,Individual,109923360,7,11558.88
CAR04098,Hyundai,Verna,2020,Petrol,Manual,90941,1,1497,15.8,69,7,Dealer,122627710,5,15156.83
CAR04099,Volkswagen,Vento,2019,Diesel,Automatic,48695,1,1498,20.2,64,5,Individual,100500880,6,6956.43
CAR04100,Honda,Amaze,2017,Petrol,Automatic,102772,2,1199,22.5,56,7,Dealer,55006330,8,11419.11
CAR04101,Maruti,Baleno,2025,CNG,Manual,24705,1,1197,19.8,54,5,Individual,122139410,0,24705
CAR04102,Skoda,Rapid,2025,Petrol,Manual,13942,1,1498,19.3,69,5,Individual,150761580,0,13942
CAR04103,Hyundai,Venue,2017,Petrol,Manual,132079,2,1197,23.5,78,5,Dealer,60669470,8,14675.44
CAR04104,Maruti,Brezza,2016,Electric,Manual,122165,1,1462,23.3,69,5,Individual,60205490,9,12216.5
CAR04105,Maruti,Baleno,2020,Petrol,Manual,80591,1,1197,16,45,5,Individual,69178620,5,13431.83
CAR04106,Toyota,Innova,2018,Petrol,Manual,68035,2,2393,16,161,5,Individual,150936190,7,8504.38
CAR04107,Hyundai,Venue,2025,Diesel,Automatic,27940,1,1197,13,65,5,Individual,194541190,0,27940
CAR04108,Renault,Triber,2019,Petrol,Manual,72969,2,999,13.9,73,5,Individual,67625940,6,10424.14
CAR04109,Mahindra,XUV700,2014,Petrol,Manual,186095,1,1997,18.5,137,7,Individual,78075180,11,15507.92
CAR04110,Honda,Amaze,2015,Petrol,Automatic,162661,1,1199,20.4,58,7,Individual,38632510,10,14787.36
CAR04111,Maruti,Baleno,2014,Petrol,Manual,155349,1,1197,16.2,61,5,Individual,32629460,11,12945.75
CAR04112,Toyota,Glanza,2018,Diesel,Manual,133110,1,1197,22.2,58,5,Dealer,52740010,7,16638.75
CAR04113,Hyundai,i10,2017,Petrol,Manual,131819,1,1197,20.2,45,5,Individual,35361470,8,14646.56
CAR04114,Skoda,Octavia,2024,Diesel,Manual,37561,1,1984,17,169,5,Individual,429435150,1,18780.5
CAR04115,Tata,Harrier,2024,CNG,Manual,32044,1,1956,19.2,157,7,Individual,275267630,1,16022
CAR04116,Toyota,Glanza,2015,Petrol,Automatic,141405,1,1197,13.5,61,5,Individual,43309930,10,12855
CAR04117,Maruti,Wagon R,2025,Petrol,Manual,19461,1,1197,19.7,45,5,Individual,109919370,0,19461
CAR04118,Hyundai,i20,2021,Petrol,Automatic,76629,1,1197,17.5,65,5,Individual,100136080,4,15325.8
CAR04119,Tata,Altroz,2017,Petrol,Manual,139275,1,1199,20.2,68,5,Individual,54641720,8,15475
CAR04120,Maruti,Brezza,2018,Petrol,Automatic,107260,1,1462,17.3,74,7,Dealer,79375730,7,13407.5
CAR04121,Volkswagen,Taigun,2019,Diesel,Automatic,105963,2,1498,16.5,107,7,Individual,123406140,6,15137.57
CAR04122,Skoda,Octavia,2016,Petrol,Manual,99629,1,1984,19.8,143,5,Individual,173283800,9,9962.9
CAR04123,Skoda,Octavia,2024,Petrol,Automatic,31317,1,1984,11.6,201,5,Individual,458249980,1,15658.5
CAR04124,Tata,Punch,2014,Diesel,Manual,65606,2,1199,18.2,62,7,Individual,41775680,11,5467.17
CAR04125,Volkswagen,Polo,2014,CNG,Manual,90700,2,999,18.7,53,5,Dealer,43081550,11,7558.33
CAR04126,Mahindra,XUV700,2017,Petrol,Automatic,125260,1,1997,22.1,160,5,Dealer,133076760,8,13917.78
CAR04127,Maruti,Celerio,2015,Petrol,Manual,171831,1,998,22.7,54,5,Dealer,28356550,10,15621
CAR04128,Maruti,Ertiga,2014,Electric,Manual,133840,2,1462,23.8,84,5,Individual,49063510,11,11153.33
CAR04129,Mahindra,XUV500,2018,Petrol,Manual,106764,1,2179,15.8,123,5,Individual,112989200,7,13345.5
CAR04130,Toyota,Innova,2018,Diesel,Manual,109048,1,2393,24.5,156,7,Dealer,133823460,7,13631
CAR04131,Maruti,Dzire,2015,Diesel,Manual,142989,1,1197,17.2,45,7,Dealer,36696030,10,12999
CAR04132,Skoda,Slavia,2023,Petrol,Manual,37678,1,1498,13.3,122,5,Individual,202438160,2,12559.33
CAR04133,Volkswagen,Virtus,2024,Petrol,Manual,27575,2,1498,11.5,81,7,Individual,210636660,1,13787.5
CAR04134,Mahindra,Thar,2022,Petrol,Manual,36272,1,1997,17.8,131,5,Individual,173012100,3,9068
CAR04135,Skoda,Rapid,2020,Petrol,Manual,116438,1,1498,12.4,70,5,Individual,77770230,5,19406.33
CAR04136,Skoda,Rapid,2025,Petrol,Manual,19561,1,1498,21.8,77,5,Individual,133671270,0,19561
CAR04137,Skoda,Slavia,2018,Diesel,Automatic,93768,1,1498,17.6,111,5,Individual,131019060,7,11721
CAR04138,Tata,Harrier,2019,Diesel,Automatic,89373,2,1956,15.4,131,7,Dealer,173046110,6,12767.57
CAR04139,Renault,Triber,2014,CNG,Manual,236019,2,999,24.3,69,5,Individual,22323100,11,19668.25
CAR04140,Mahindra,Scorpio,2022,Electric,Manual,30033,1,2179,25.1,107,7,Dealer,204285340,3,7508.25
CAR04141,Volkswagen,Taigun,2015,Diesel,Manual,129329,2,1498,24.3,106,5,Individual,68644910,10,11757.18
CAR04142,Renault,Kwid,2021,Petrol,Manual,48003,1,999,12.4,45,5,Individual,56732860,4,9600.6
CAR04143,Hyundai,i20,2023,Petrol,Manual,29607,1,1197,11.8,60,5,Dealer,126077730,2,9869
CAR04144,Toyota,Urban Cruiser,2016,Diesel,Manual,69129,1,1462,24,68,5,Individual,67974020,9,6912.9
CAR04145,Hyundai,Verna,2021,Diesel,Manual,75435,1,1497,10.9,79,5,Individual,101229910,4,15087
CAR04146,Tata,Nexon,2017,Petrol,Manual,128641,1,1199,13.9,84,5,Individual,76501410,8,14293.44
CAR04147,Toyota,Glanza,2018,Diesel,Automatic,68864,2,1197,19.5,71,5,Individual,62203150,7,8608
CAR04148,Renault,Duster,2020,Petrol,Manual,105525,1,1498,13.5,67,5,Dealer,96646350,5,17587.5
CAR04149,Renault,Duster,2016,Petrol,Automatic,30194,1,1498,18.1,67,7,Dealer,72300510,9,3019.4
CAR04150,Honda,WR-V,2023,CNG,Automatic,14230,2,1498,17.6,45,5,Dealer,142750990,2,4743.33
CAR04151,Honda,WR-V,2018,Petrol,Manual,68763,2,1498,21.4,79,5,Individual,71897710,7,8595.38
CAR04152,Mahindra,XUV500,2019,Diesel,Automatic,87778,1,2179,21.5,81,7,Dealer,129429900,6,12539.71
CAR04153,Skoda,Kushaq,2023,Diesel,Automatic,43851,1,1498,20.1,111,5,Individual,209862030,2,14617
CAR04154,Skoda,Octavia,2016,Diesel,Manual,117752,2,1984,18.2,182,5,Individual,124265510,9,11775.2
CAR04155,Tata,Safari,2019,Petrol,Manual,99085,1,1956,14.4,158,5,Dealer,157045640,6,14155
CAR04156,Hyundai,i20,2025,Diesel,Automatic,27818,1,1197,18.9,56,5,Individual,151371860,0,27818
CAR04157,Volkswagen,Virtus,2018,Petrol,Manual,119400,1,1498,13.8,113,5,Individual,104552250,7,14925
CAR04158,Honda,Amaze,2015,Diesel,Manual,128009,1,1199,25.1,68,5,Dealer,48670020,10,11637.18
CAR04159,Hyundai,Grand i10,2017,Petrol,Manual,108256,1,1197,18.5,45,5,Individual,42678180,8,12028.44
CAR04160,Maruti,Swift,2025,Electric,Manual,14071,2,1197,19.9,45,5,Individual,119255210,0,14071
CAR04161,Toyota,Glanza,2023,Diesel,Manual,56074,1,1197,24,48,5,Individual,121482960,2,18691.33
CAR04162,Honda,Jazz,2023,Petrol,Automatic,52572,3,1199,17.4,71,7,Dealer,102678280,2,17524
CAR04163,Mahindra,Thar,2017,Petrol,Manual,96881,1,1997,21.7,106,5,Individual,85842570,8,10764.56
CAR04164,Tata,Tiago,2024,Petrol,Manual,34446,1,1199,21.6,45,7,Individual,97212360,1,17223
CAR04165,Volkswagen,Virtus,2018,Diesel,Manual,98855,1,1498,20.6,139,5,Individual,116566330,7,12356.88
CAR04166,Kia,Carens,2023,Diesel,Manual,26671,1,1497,15.5,117,5,Individual,249478170,2,8890.33
CAR04167,Toyota,Glanza,2024,Diesel,Automatic,24250,1,1197,17.6,68,5,Individual,126804480,1,12125
CAR04168,Hyundai,i10,2016,CNG,Manual,135363,2,1197,18.55,47,5,Dealer,31471790,9,13536.3
CAR04169,Mahindra,Thar,2025,Petrol,Manual,23369,1,1997,15.8,90,5,Dealer,288240070,0,23369
CAR04170,Kia,Carens,2021,Diesel,Manual,49004,1,1497,18.5,126,5,Dealer,162802070,4,9800.8
CAR04171,Honda,Jazz,2022,Petrol,Automatic,40398,1,1199,16.1,72,5,Dealer,104238940,3,10099.5
CAR04172,Tata,Tiago,2023,Diesel,Automatic,34364,1,1199,16.5,45,5,Individual,89890900,2,11454.67
CAR04173,Mahindra,XUV500,2016,Petrol,Manual,114805,1,2179,19.6,107,5,Individual,83704690,9,11480.5
CAR04174,Honda,Jazz,2022,Diesel,Manual,21211,1,1199,15.3,67,7,Individual,121661940,3,5302.75
CAR04175,Toyota,Fortuner,2016,Petrol,Manual,87426,1,2755,15,223,5,Individual,155603350,9,8742.6
CAR04176,Honda,WR-V,2017,Petrol,Automatic,150731,2,1498,18.4,74,5,Dealer,58200230,8,16747.89
CAR04177,Honda,City,2015,Petrol,Automatic,139183,2,1498,16.7,74,5,Individual,52122510,10,12653
CAR04178,Volkswagen,Taigun,2016,CNG,Manual,118465,1,1498,21.5,140,5,Dealer,83105430,9,11846.5
CAR04179,Toyota,Innova,2025,Petrol,Automatic,6774,1,2393,17.4,143,5,Individual,394292940,0,6774
CAR04180,Toyota,Urban Cruiser,2017,Petrol,Manual,142462,1,1462,14,79,5,Individual,71498900,8,15829.11
CAR04181,Kia,Carens,2018,Petrol,Manual,80044,1,1497,21.9,83,7,Dealer,109188440,7,10005.5
CAR04182,Honda,City,2019,Petrol,Manual,80871,2,1498,20.9,85,5,Individual,87860940,6,11553
CAR04183,Hyundai,i10,2022,CNG,Manual,56026,1,1197,18.1,45,5,Individual,54346270,3,14006.5
CAR04184,Renault,Duster,2020,Electric,Manual,77643,2,1498,23.9,62,5,Individual,89310450,5,12940.5
CAR04185,Maruti,Celerio,2020,CNG,Manual,116751,1,998,19.5,45,7,Individual,49752260,5,19458.5
CAR04186,Mahindra,Thar,2024,CNG,Automatic,19498,3,1997,24.3,102,7,Individual,268027300,1,9749
CAR04187,Tata,Nexon,2019,Petrol,Automatic,96024,2,1199,20.1,66,5,Dealer,94772950,6,13717.71
CAR04188,Tata,Punch,2023,Petrol,Manual,45458,2,1199,21.3,50,5,Dealer,106112910,2,15152.67
CAR04189,Maruti,Wagon R,2024,Diesel,Manual,28701,3,1197,16.5,48,7,Dealer,79611330,1,14350.5
CAR04190,Skoda,Rapid,2022,Diesel,Automatic,48651,1,1498,15.2,53,5,Dealer,125213800,3,12162.75
CAR04191,Toyota,Innova,2014,Petrol,Manual,147735,1,2393,11.9,108,5,Individual,90296550,11,12311.25
CAR04192,Honda,WR-V,2017,Diesel,Automatic,92868,1,1498,27.3,62,7,Dealer,62403980,8,10318.67
CAR04193,Volkswagen,Virtus,2021,Petrol,Manual,60259,2,1498,20.2,106,5,Individual,145443480,4,12051.8
CAR04194,Maruti,Dzire,2019,Petrol,Manual,50716,2,1197,21.2,56,7,Individual,62506010,6,7245.14
CAR04195,Mahindra,XUV700,2017,Petrol,Automatic,99009,1,1997,13.2,136,5,Dealer,164268300,8,11001
CAR04196,Toyota,Innova,2018,CNG,Manual,82113,2,2393,22.9,129,5,Individual,158088360,7,10264.12
CAR04197,Mahindra,Bolero,2014,Diesel,Manual,205472,1,1493,14.1,79,5,Individual,30865500,11,17122.67
CAR04198,Hyundai,Creta,2016,Diesel,Manual,149355,1,1497,20.7,109,5,Dealer,81061600,9,14935.5
CAR04199,Skoda,Rapid,2023,Diesel,Automatic,36329,1,1498,19.4,73,7,Individual,136358440,2,12109.67
CAR04200,Tata,Altroz,2014,Diesel,Automatic,111866,1,1199,18.4,63,5,Individual,41143740,11,9322.17
CAR04201,Kia,Sonet,2024,Petrol,Manual,36045,1,1197,15.9,58,7,Individual,169001580,1,18022.5
CAR04202,Volkswagen,Taigun,2018,Diesel,Manual,146594,2,1498,22.8,93,5,Individual,83392520,7,18324.25
CAR04203,Honda,Amaze,2023,Petrol,Manual,49062,1,1199,15.9,65,7,Individual,85959230,2,16354
CAR04204,Hyundai,i10,2017,Petrol,Manual,56618,1,1197,21.6,47,5,Individual,26302840,8,6290.89
CAR04205,Tata,Harrier,2023,Petrol,Manual,56147,1,1956,17.4,125,5,Individual,203860500,2,18715.67
CAR04206,Renault,Triber,2020,Petrol,Manual,90819,1,999,18.6,58,5,Individual,71152530,5,15136.5
CAR04207,Skoda,Kushaq,2024,Diesel,Manual,57044,1,1498,21,91,5,Individual,215850070,1,28522
CAR04208,Skoda,Slavia,2014,Petrol,Manual,126995,2,1498,18.9,124,5,Individual,66842380,11,10582.92
CAR04209,Tata,Altroz,2023,Petrol,Manual,33679,1,1199,18.2,51,7,Individual,112792360,2,11226.33
CAR04210,Kia,Carens,2017,Diesel,Manual,116837,2,1497,19,131,7,Individual,74281830,8,12981.89
CAR04211,Hyundai,Verna,2018,Diesel,Manual,72257,2,1497,22.7,76,5,Individual,75937300,7,9032.12
CAR04212,Volkswagen,Vento,2014,Petrol,Manual,100627,2,1498,9.8,59,5,Individual,42221230,11,8385.58
CAR04213,Toyota,Urban Cruiser,2025,Petrol,Manual,15615,1,1462,16.9,57,5,Dealer,220268140,0,15615
CAR04214,Volkswagen,Virtus,2021,Petrol,Manual,33835,1,1498,22,101,7,Individual,178304930,4,6767
CAR04215,Kia,Carens,2025,CNG,Manual,11988,2,1497,18.6,103,5,Individual,202179190,0,11988
CAR04216,Skoda,Rapid,2020,CNG,Manual,90547,1,1498,21,60,5,Individual,77221320,5,15091.17
CAR04217,Toyota,Glanza,2015,Petrol,Manual,156720,1,1197,17.7,60,5,Individual,40985470,10,14247.27
CAR04218,Honda,City,2018,Diesel,Manual,132389,1,1498,24.1,95,7,Individual,74723390,7,16548.62
CAR04219,Mahindra,XUV500,2019,Diesel,Manual,93570,1,2179,16.2,106,5,Dealer,97475320,6,13367.14
CAR04220,Hyundai,i10,2015,Electric,Manual,132741,1,1197,19.8,45,5,Dealer,30152810,10,12067.36
CAR04221,Hyundai,i20,2025,Petrol,Manual,32155,2,1197,19,72,5,Individual,143809100,0,32155
CAR04222,Mahindra,Bolero,2025,Diesel,Manual,22421,1,1493,20.3,65,7,Individual,174788410,0,22421
CAR04223,Renault,Duster,2020,Diesel,Manual,59820,1,1498,20.9,76,5,Dealer,91892740,5,9970
CAR04224,Mahindra,XUV700,2021,Petrol,Manual,68185,3,1997,18.5,168,7,Individual,216819450,4,13637
CAR04225,Volkswagen,Polo,2022,Petrol,Automatic,54228,1,999,18.7,67,7,Individual,83330390,3,13557
CAR04226,Hyundai,Verna,2022,Petrol,Manual,47330,1,1497,19.2,63,5,Individual,111343990,3,11832.5
CAR04227,Toyota,Glanza,2014,Petrol,Automatic,85059,2,1197,18.1,53,5,Individual,40344220,11,7088.25
CAR04228,Kia,Sonet,2020,Diesel,Manual,65769,3,1197,18.6,66,7,Dealer,92157220,5,10961.5
CAR04229,Honda,WR-V,2023,Diesel,Automatic,50069,1,1498,19.1,71,5,Individual,115989680,2,16689.67
CAR04230,Maruti,Wagon R,2023,Petrol,Automatic,45186,1,1197,15.9,45,5,Individual,81175410,2,15062
CAR04231,Maruti,Dzire,2021,CNG,Manual,56995,1,1197,18.9,56,5,Individual,77076920,4,11399
CAR04232,Skoda,Kushaq,2024,Petrol,Manual,37973,2,1498,19.2,77,5,Dealer,223205540,1,18986.5
CAR04233,Kia,Sonet,2021,Electric,Manual,52579,2,1197,18.6,73.5,5,Individual,102442680,4,10515.8
CAR04234,Tata,Nexon,2018,Petrol,Manual,110342,1,1199,19.6,79,5,Individual,74125080,7,13792.75
CAR04235,Tata,Altroz,2019,CNG,Manual,137623,2,1199,20.2,64,5,Individual,51684560,6,19660.43
CAR04236,Maruti,Dzire,2022,CNG,Automatic,29346,1,1197,20.7,55,5,Dealer,116946140,3,7336.5
CAR04237,Skoda,Slavia,2024,CNG,Automatic,32117,1,1498,20.5,97,5,Individual,259623600,1,16058.5
CAR04238,Hyundai,Venue,2016,Diesel,Automatic,113834,1,1197,20.8,78,5,Individual,68319440,9,11383.4
CAR04239,Volkswagen,Taigun,2017,Petrol,Automatic,100363,1,1498,21.9,106,7,Dealer,100760610,8,11151.44
CAR04240,Tata,Harrier,2021,Diesel,Automatic,43278,3,1956,24.7,127,7,Dealer,182782280,4,8655.6
CAR04241,Honda,Amaze,2023,Diesel,Automatic,62949,1,1199,22.4,60,5,Individual,114719150,2,20983
CAR04242,Tata,Punch,2018,Petrol,Manual,105183,1,1199,17.7,59,5,Dealer,58530640,7,13147.88
CAR04243,Renault,Duster,2021,Electric,Automatic,52906,1,1498,24.9,58,5,Individual,105339040,4,10581.2
CAR04244,Maruti,Celerio,2014,Petrol,Manual,100980,2,998,11.4,45,5,Dealer,31581610,11,8415
CAR04245,Honda,WR-V,2017,Petrol,Manual,101420,1,1498,19.3,80,5,Dealer,55526930,8,11268.89
CAR04246,Tata,Harrier,2025,CNG,Manual,8830,2,1956,22.2,117,5,Dealer,298308740,0,8830
CAR04247,Tata,Safari,2020,Petrol,Manual,106049,1,1956,12.9,142,5,Individual,184775190,5,17674.83
CAR04248,Hyundai,i10,2024,Petrol,Automatic,18337,2,1197,15.8,45,5,Dealer,90784850,1,9168.5
CAR04249,Skoda,Slavia,2016,Petrol,Manual,125135,1,1498,18.3,134,5,Dealer,76605340,9,12513.5
CAR04250,Honda,City,2017,Diesel,Manual,120695,1,1498,20.4,78,5,Individual,73591750,8,13410.56
CAR04251,Toyota,Glanza,2025,CNG,Manual,42717,3,1197,23.9,50,5,Dealer,115935150,0,42717
CAR04252,Honda,Jazz,2025,Petrol,Manual,26541,1,1199,22.5,65,5,Individual,154422120,0,26541
CAR04253,Skoda,Kushaq,2024,Diesel,Manual,43867,2,1498,18.9,94,5,Individual,214895700,1,21933.5
CAR04254,Honda,WR-V,2017,Diesel,Manual,129261,1,1498,15.9,69,5,Dealer,56802590,8,14362.33
CAR04255,Honda,WR-V,2023,Diesel,Manual,30231,1,1498,21.8,72,5,Individual,120678310,2,10077
CAR04256,Honda,Amaze,2019,Diesel,Manual,149255,2,1199,23.2,53,5,Dealer,47999510,6,21322.14
CAR04257,Honda,Amaze,2024,Electric,Manual,38818,2,1199,26.3,54,5,Individual,138988990,1,19409
CAR04258,Maruti,Baleno,2024,Petrol,Manual,24530,1,1197,18.9,62,5,Individual,94380030,1,12265
CAR04259,Kia,Seltos,2019,Petrol,Manual,67031,1,1497,23.5,112,5,Dealer,102936490,6,9575.86
CAR04260,Maruti,Baleno,2017,Diesel,Automatic,98709,2,1197,18.5,56,5,Dealer,60624440,8,10967.67
CAR04261,Tata,Altroz,2025,Petrol,Automatic,31868,1,1199,22.3,61,5,Dealer,172002060,0,31868
CAR04262,Tata,Punch,2019,Petrol,Automatic,99137,2,1199,14,51,5,Individual,69778450,6,14162.43
CAR04263,Tata,Nexon,2019,Petrol,Manual,121577,1,1199,10.7,78,5,Individual,64917680,6,17368.14
CAR04264,Volkswagen,Vento,2021,Petrol,Manual,59988,1,1498,14,63,5,Dealer,109997460,4,11997.6
CAR04265,Mahindra,Thar,2025,CNG,Automatic,26908,2,1997,19.3,113,5,Dealer,253145170,0,26908
CAR04266,Skoda,Kushaq,2015,Petrol,Automatic,81768,1,1498,17.5,124,5,Dealer,94158680,10,7433.45
CAR04267,Honda,Jazz,2025,Diesel,Manual,29632,1,1199,16.5,51,5,Individual,147104650,0,29632
CAR04268,Skoda,Kushaq,2019,Diesel,Automatic,49833,1,1498,19.7,121,5,Individual,152462270,6,7119
CAR04269,Maruti,Brezza,2014,Petrol,Manual,219804,3,1462,19.4,72,5,Individual,26141340,11,18317
CAR04270,Mahindra,Thar,2017,Petrol,Manual,109992,1,1997,18.6,112,5,Individual,113867190,8,12221.33
CAR04271,Volkswagen,Virtus,2019,Petrol,Automatic,30803,3,1498,17.1,93,5,Individual,142169780,6,4400.43
CAR04272,Mahindra,XUV500,2022,Petrol,Automatic,60011,1,2179,21.1,102,5,Individual,158712320,3,15002.75
CAR04273,Skoda,Octavia,2020,Petrol,Automatic,80768,1,1984,15.1,224,5,Individual,233841360,5,13461.33
CAR04274,Honda,Amaze,2015,Diesel,Manual,112435,1,1199,18.6,45,5,Individual,38282340,10,10221.36
CAR04275,Maruti,Swift,2019,Petrol,Manual,98789,1,1197,15.9,45,5,Individual,54772250,6,14112.71
CAR04276,Volkswagen,Taigun,2016,Petrol,Automatic,147149,1,1498,19.5,103,5,Dealer,91660180,9,14714.9
CAR04277,Maruti,Baleno,2017,Petrol,Manual,116722,1,1197,16.2,58,7,Individual,40310970,8,12969.11
CAR04278,Volkswagen,Polo,2022,Petrol,Manual,59960,1,999,18.7,63,7,Dealer,77480860,3,14990
CAR04279,Volkswagen,Virtus,2023,Petrol,Manual,50981,2,1498,19.9,111,5,Dealer,174295740,2,16993.67
CAR04280,Renault,Kwid,2015,CNG,Manual,148110,1,999,19.5,45,5,Dealer,30130770,10,13464.55
CAR04281,Toyota,Glanza,2021,Petrol,Manual,54946,1,1197,12.7,64,5,Dealer,96827230,4,10989.2
CAR04282,Renault,Kwid,2019,Diesel,Automatic,95789,1,999,18.6,45,5,Dealer,56810570,6,13684.14
CAR04283,Hyundai,i20,2018,Diesel,Manual,82775,1,1197,16.9,70,5,Individual,66294990,7,10346.88
CAR04284,Toyota,Innova,2022,Diesel,Manual,41344,2,2393,17.4,127,5,Dealer,216144380,3,10336
CAR04285,Hyundai,i20,2016,Diesel,Manual,95740,2,1197,11.9,51,7,Dealer,43412720,9,9574
CAR04286,Volkswagen,Vento,2023,Petrol,Manual,32851,2,1498,12.6,63,5,Individual,110902050,2,10950.33
CAR04287,Volkswagen,Vento,2018,Diesel,Manual,125187,1,1498,21.7,71,7,Dealer,61456830,7,15648.38
CAR04288,Renault,Kwid,2015,Petrol,Manual,63361,1,999,14.7,45,5,Individual,24667320,10,5760.09
CAR04289,Volkswagen,Vento,2023,Diesel,Automatic,52499,2,1498,22.8,67,5,Individual,114045220,2,17499.67
CAR04290,Honda,Amaze,2024,Petrol,Manual,25469,3,1199,15.4,52,5,Individual,96736410,1,12734.5
CAR04291,Maruti,Dzire,2020,Diesel,Manual,32286,1,1197,20.8,52,5,Dealer,80367910,5,5381
CAR04292,Skoda,Octavia,2022,Diesel,Manual,27129,1,1984,18.5,208,5,Individual,313162560,3,6782.25
CAR04293,Toyota,Glanza,2015,Diesel,Manual,115037,2,1197,21.2,79,5,Individual,42043200,10,10457.91
CAR04294,Maruti,Celerio,2018,Petrol,Manual,101458,3,998,16.7,48,5,Individual,33488070,7,12682.25
CAR04295,Skoda,Rapid,2018,Diesel,Automatic,105053,1,1498,19.9,71,7,Dealer,63061570,7,13131.62
CAR04296,Skoda,Rapid,2023,Diesel,Manual,22255,1,1498,23,57,7,Dealer,143136310,2,7418.33
CAR04297,Toyota,Urban Cruiser,2018,Petrol,Manual,74570,2,1462,18.9,86,5,Individual,72956580,7,9321.25
CAR04298,Volkswagen,Vento,2022,Petrol,Manual,32079,1,1498,15.4,64,7,Individual,128125550,3,8019.75
CAR04299,Maruti,Ertiga,2017,Petrol,Manual,116211,1,1462,11.9,64,5,Dealer,69869460,8,12912.33
CAR04300,Maruti,Dzire,2021,Petrol,Manual,61057,1,1197,17.2,60,7,Individual,80464050,4,12211.4
CAR04301,Tata,Punch,2016,Diesel,Manual,140560,1,1199,20.6,60,7,Individual,46770020,9,14056
CAR04302,Kia,Carens,2020,Petrol,Manual,23802,2,1497,18,124,5,Dealer,144105690,5,3967
CAR04303,Hyundai,Grand i10,2014,Diesel,Manual,113872,2,1197,16.7,50,5,Dealer,27603010,11,9489.33
CAR04304,Maruti,Ertiga,2022,Diesel,Automatic,80018,1,1462,19.8,64,5,Individual,122047830,3,20004.5
CAR04305,Kia,Sonet,2014,Diesel,Manual,171604,1,1197,21.3,75,5,Individual,40572980,11,14300.33
CAR04306,Volkswagen,Polo,2025,Diesel,Automatic,15475,2,999,23.5,50,5,Individual,146426730,0,15475
CAR04307,Volkswagen,Taigun,2024,Diesel,Manual,21015,1,1498,18.6,122,5,Dealer,231000670,1,10507.5
CAR04308,Volkswagen,Polo,2020,Petrol,Manual,92585,1,999,24.9,57,5,Dealer,81794240,5,15430.83
CAR04309,Renault,Duster,2024,Petrol,Manual,48206,1,1498,21.9,69,5,Individual,169918900,1,24103
CAR04310,Kia,Sonet,2023,CNG,Manual,27366,1,1197,21.5,54,7,Dealer,137765200,2,9122
CAR04311,Mahindra,Thar,2015,Electric,Automatic,86096,2,1997,18.95,129,5,Individual,100562630,10,7826.91
CAR04312,Renault,Triber,2022,Petrol,Automatic,64877,1,999,21.7,57,5,Dealer,109338920,3,16219.25
CAR04313,Honda,Amaze,2018,CNG,Automatic,109946,2,1199,18.1,54,7,Dealer,60364140,7,13743.25
CAR04314,Maruti,Celerio,2024,Electric,Manual,28761,1,998,20.1,48,5,Dealer,101106410,1,14380.5
CAR04315,Volkswagen,Polo,2024,Petrol,Automatic,44174,1,999,13.6,50,5,Dealer,147292560,1,22087
CAR04316,Tata,Nexon,2025,Diesel,Manual,17148,2,1199,18.5,62,5,Individual,181729110,0,17148
CAR04317,Skoda,Octavia,2019,Diesel,Automatic,85434,1,1984,16.7,179,7,Individual,212907540,6,12204.86
CAR04318,Toyota,Glanza,2016,Petrol,Manual,146200,2,1197,16.4,52,7,Individual,38989140,9,14620
CAR04319,Renault,Duster,2015,Petrol,Automatic,157586,1,1498,17.4,69,5,Dealer,44437580,10,14326
CAR04320,Maruti,Baleno,2015,Petrol,Manual,105627,3,1197,13.4,50,5,Individual,34472080,10,9602.45
CAR04321,Kia,Seltos,2025,Diesel,Manual,13692,1,1497,23.4,81,5,Individual,271028160,0,13692
CAR04322,Toyota,Glanza,2021,Petrol,Automatic,49841,1,1197,21.1,47,5,Individual,110202850,4,9968.2
CAR04323,Toyota,Urban Cruiser,2018,Diesel,Automatic,154227,1,1462,17.9,74,5,Individual,64157680,7,19278.38
CAR04324,Tata,Safari,2019,Diesel,Automatic,58735,1,1956,23.7,160,5,Individual,168448490,6,8390.71
CAR04325,Skoda,Kushaq,2016,Diesel,Manual,112091,1,1498,20.5,118,5,Individual,93636180,9,11209.1
CAR04326,Honda,Amaze,2020,Petrol,Manual,82777,1,1199,20.8,56,7,Individual,75493270,5,13796.17
CAR04327,Renault,Kwid,2019,Petrol,Automatic,54961,1,999,13.4,46,5,Individual,42152450,6,7851.57
CAR04328,Toyota,Innova,2023,Petrol,Manual,38621,1,2393,16.5,130,5,Individual,346754370,2,12873.67
CAR04329,Maruti,Dzire,2014,Petrol,Automatic,64329,1,1197,19.4,58,7,Dealer,45315570,11,5360.75
CAR04330,Renault,Duster,2025,Petrol,Manual,32711,1,1498,17,66,5,Individual,193186300,0,32711
CAR04331,Hyundai,i20,2014,Petrol,Manual,144965,1,1197,17,57,5,Dealer,40594450,11,12080.42
CAR04332,Tata,Altroz,2019,Petrol,Automatic,80908,2,1199,17.2,66,5,Dealer,66000110,6,11558.29
CAR04333,Renault,Duster,2018,Diesel,Manual,72015,1,1498,20.4,74,7,Individual,78486150,7,9001.88
CAR04334,Renault,Triber,2022,Petrol,Automatic,55637,1,999,17.8,64,5,Individual,91960570,3,13909.25
CAR04335,Skoda,Octavia,2021,Petrol,Automatic,57933,1,1984,22.2,142,7,Individual,282996830,4,11586.6
CAR04336,Toyota,Fortuner,2016,CNG,Manual,166100,1,2755,18,277,5,Individual,149751350,9,16610
CAR04337,Volkswagen,Vento,2019,Diesel,Manual,103410,1,1498,19.6,72,5,Individual,72321600,6,14772.86
CAR04338,Honda,WR-V,2020,CNG,Manual,44685,2,1498,23.1,63,5,Dealer,94240190,5,7447.5
CAR04339,Volkswagen,Taigun,2019,Diesel,Manual,65429,1,1498,15.6,113,5,Individual,133001900,6,9347
CAR04340,Mahindra,XUV700,2014,Petrol,Automatic,122122,3,1997,16.5,176,5,Individual,80345870,11,10176.83
CAR04341,Maruti,Brezza,2016,CNG,Manual,130851,2,1462,21.5,63,5,Dealer,48909610,9,13085.1
CAR04342,Toyota,Innova,2020,CNG,Manual,67732,3,2393,25.5,127,5,Individual,130758190,5,11288.67
CAR04343,Toyota,Fortuner,2017,Diesel,Manual,103587,1,2755,19.7,236,5,Dealer,248432410,8,11509.67
CAR04344,Tata,Punch,2020,Diesel,Manual,133245,1,1199,21.6,45,5,Dealer,70558400,5,22207.5
CAR04345,Honda,WR-V,2015,Petrol,Automatic,112232,2,1498,20,69,5,Individual,43756050,10,10202.91
CAR04346,Mahindra,XUV500,2022,Petrol,Manual,72016,2,2179,9.2,109,5,Individual,167677090,3,18004
CAR04347,Maruti,Ertiga,2016,Diesel,Manual,113740,1,1462,19.5,83,5,Individual,65308320,9,11374
CAR04348,Hyundai,Creta,2021,Petrol,Manual,19952,1,1497,16.2,104,5,Dealer,167638520,4,3990.4
CAR04349,Volkswagen,Polo,2024,Petrol,Manual,34464,1,999,22,63,7,Dealer,118548600,1,17232
CAR04350,Honda,Jazz,2018,Petrol,Manual,132890,1,1199,19.6,59,5,Dealer,53602230,7,16611.25
CAR04351,Kia,Carens,2015,Petrol,Automatic,158509,2,1497,20.1,84,5,Individual,62359330,10,14409.91
CAR04352,Mahindra,XUV500,2014,Petrol,Manual,149032,2,2179,19.1,100,5,Individual,61355370,11,12419.33
CAR04353,Mahindra,XUV500,2018,Petrol,Manual,98227,1,2179,17.8,114,5,Individual,103158980,7,12278.38
CAR04354,Toyota,Innova,2015,CNG,Manual,111641,1,2393,23.5,147,5,Dealer,96668580,10,10149.18
CAR04355,Toyota,Fortuner,2024,Petrol,Automatic,32689,1,2755,17.4,233,5,Individual,641125930,1,16344.5
CAR04356,Renault,Kwid,2025,Petrol,Manual,11416,2,999,21.4,45,5,Individual,88160760,0,11416
CAR04357,Skoda,Slavia,2025,Petrol,Manual,5214,2,1498,14.3,110,5,Individual,223417200,0,5214
CAR04358,Tata,Nexon,2025,Diesel,Automatic,21302,1,1199,22.4,75,5,Individual,241227990,0,21302
CAR04359,Kia,Carens,2021,Diesel,Manual,63545,1,1497,18.2,107,5,Dealer,145431890,4,12709
CAR04360,Skoda,Octavia,2017,Diesel,Automatic,136063,3,1984,21.3,168,5,Dealer,130010540,8,15118.11
CAR04361,Maruti,Ertiga,2019,Electric,Automatic,96311,1,1462,17.8,83,5,Individual,94195920,6,13758.71
CAR04362,Volkswagen,Virtus,2017,Electric,Automatic,82148,2,1498,23.3,93,5,Individual,106305760,8,9127.56
CAR04363,Toyota,Urban Cruiser,2024,CNG,Manual,29453,1,1462,20.5,77,5,Individual,146895650,1,14726.5
CAR04364,Skoda,Rapid,2019,Diesel,Manual,72336,1,1498,19.2,70,5,Individual,59302610,6,10333.71
CAR04365,Mahindra,XUV700,2018,Petrol,Automatic,165212,1,1997,12.2,159,7,Individual,138814380,7,20651.5
CAR04366,Renault,Triber,2022,Diesel,Manual,60647,1,999,19.4,61,5,Individual,88233720,3,15161.75
CAR04367,Hyundai,Venue,2018,Petrol,Manual,117278,2,1197,17.9,74,5,Individual,64091750,7,14659.75
CAR04368,Hyundai,Verna,2018,Diesel,Manual,64616,2,1497,14,82,5,Dealer,76984770,7,8077
CAR04369,Skoda,Octavia,2016,Petrol,Manual,81743,1,1984,14,167,5,Dealer,143904480,9,8174.3
CAR04370,Mahindra,Bolero,2014,Petrol,Manual,120318,1,1493,18,72,7,Dealer,48916260,11,10026.5
CAR04371,Mahindra,XUV700,2014,Petrol,Automatic,210751,2,1997,18.7,136,5,Individual,69662550,11,17562.58
CAR04372,Hyundai,Venue,2018,Diesel,Manual,56330,2,1197,19.1,71,5,Individual,71898470,7,7041.25
CAR04373,Tata,Nexon,2025,Diesel,Manual,15304,1,1199,19.4,57,5,Individual,207355550,0,15304
CAR04374,Renault,Kwid,2017,Petrol,Automatic,127754,2,999,19.05,45,5,Individual,29840450,8,14194.89
CAR04375,Honda,Amaze,2021,Petrol,Automatic,86595,1,1199,15.9,60,5,Individual,82937660,4,17319
CAR04376,Mahindra,Scorpio,2017,Petrol,Manual,119064,2,2179,17,125,5,Individual,102700130,8,13229.33
CAR04377,Honda,Amaze,2017,Diesel,Manual,118162,1,1199,15.1,63,5,Dealer,42581280,8,13129.11
CAR04378,Tata,Safari,2015,Petrol,Manual,86424,1,1956,15.7,164,5,Dealer,102980570,10,7856.73
CAR04379,Hyundai,Verna,2020,Petrol,Manual,53332,2,1497,17.4,77,5,Dealer,103820750,5,8888.67
CAR04380,Skoda,Slavia,2021,Diesel,Manual,44171,2,1498,23,92,5,Individual,152478230,4,8834.2
CAR04381,Skoda,Rapid,2018,Diesel,Manual,77012,2,1498,18.9,72,5,Dealer,61131550,7,9626.5
CAR04382,Hyundai,Venue,2020,CNG,Manual,72852,1,1197,27.2,82,7,Individual,97290070,5,12142
CAR04383,Honda,Jazz,2019,Diesel,Manual,56522,2,1199,25.1,63,5,Dealer,74607110,6,8074.57
CAR04384,Mahindra,XUV700,2017,CNG,Manual,112675,2,1997,21.2,144,5,Individual,135928850,8,12519.44
CAR04385,Honda,Amaze,2022,Petrol,Manual,40552,1,1199,16.3,59,7,Dealer,108172700,3,10138
CAR04386,Volkswagen,Taigun,2020,Petrol,Manual,55346,1,1498,24.3,101,7,Dealer,169961270,5,9224.33
CAR04387,Tata,Tiago,2014,Electric,Automatic,174753,2,1199,24.7,45,7,Individual,25486600,11,14562.75
CAR04388,Maruti,Ertiga,2019,Petrol,Automatic,73790,1,1462,18.8,81,5,Individual,86210030,6,10541.43
CAR04389,Honda,Amaze,2018,Diesel,Manual,131026,1,1199,17.1,49,5,Dealer,52593900,7,16378.25
CAR04390,Mahindra,XUV700,2023,Petrol,Automatic,51984,2,1997,16.2,169,5,Dealer,262271440,2,17328
CAR04391,Hyundai,Venue,2017,Petrol,Manual,80630,1,1197,14.5,76,5,Individual,77932300,8,8958.89
CAR04392,Renault,Triber,2025,Petrol,Manual,12076,2,999,22,59,5,Individual,156137440,0,12076
CAR04393,Maruti,Wagon R,2021,Diesel,Manual,39625,1,1197,20.8,45,5,Individual,66589300,4,7925
CAR04394,Maruti,Wagon R,2015,Diesel,Manual,183428,1,1197,18.4,45,5,Individual,27483500,10,16675.27
CAR04395,Mahindra,XUV500,2018,Petrol,Manual,92220,3,2179,16.1,85,5,Individual,98017960,7,11527.5
CAR04396,Mahindra,Scorpio,2024,Petrol,Automatic,19652,2,2179,14.5,154,5,Individual,289160240,1,9826
CAR04397,Tata,Punch,2017,Petrol,Automatic,74999,1,1199,17.3,58,5,Individual,67130800,8,8333.22
CAR04398,Tata,Harrier,2022,Petrol,Automatic,50984,2,1956,18,103,5,Individual,235787340,3,12746
CAR04399,Maruti,Celerio,2023,Petrol,Automatic,45151,2,998,10.7,51,7,Dealer,77658700,2,15050.33
CAR04400,Kia,Carens,2022,Electric,Manual,59965,2,1497,19,91,7,Individual,166498140,3,14991.25
CAR04401,Honda,Amaze,2015,Petrol,Manual,120405,1,1199,15.5,60,5,Individual,42701930,10,10945.91
CAR04402,Hyundai,i10,2018,Petrol,Manual,96399,1,1197,20.8,46,5,Individual,33959270,7,12049.88
CAR04403,Honda,WR-V,2018,Petrol,Manual,38912,2,1498,15.8,65,7,Dealer,91864620,7,4864
CAR04404,Skoda,Kushaq,2018,Petrol,Automatic,119146,2,1498,12.1,121,5,Individual,113142720,7,14893.25
CAR04405,Tata,Tiago,2024,Petrol,Manual,39031,1,1199,14.2,50,5,Individual,106703620,1,19515.5
CAR04406,Renault,Duster,2014,Diesel,Manual,182401,1,1498,24.5,84,5,Individual,38990090,11,15200.08
CAR04407,Tata,Safari,2020,Diesel,Manual,61041,1,1956,18.2,150,5,Individual,173377660,5,10173.5
CAR04408,Hyundai,Venue,2025,Diesel,Automatic,11699,1,1197,16.2,69,5,Dealer,178543950,0,11699
CAR04409,Tata,Punch,2024,Petrol,Manual,13295,1,1199,12.5,45,5,Individual,132160770,1,6647.5
CAR04410,Honda,City,2021,Diesel,Automatic,50059,1,1498,19.4,72,5,Individual,143825250,4,10011.8
CAR04411,Hyundai,i10,2025,CNG,Manual,23183,1,1197,21.4,45,5,Individual,97889330,0,23183
CAR04412,Mahindra,XUV700,2018,CNG,Manual,96781,1,1997,22.3,174,5,Individual,185509540,7,12097.62
CAR04413,Honda,WR-V,2021,CNG,Manual,70447,1,1498,29.2,77,5,Dealer,98449830,4,14089.4
CAR04414,Volkswagen,Polo,2020,Petrol,Automatic,86451,2,999,13.8,48,5,Dealer,72408050,5,14408.5
CAR04415,Toyota,Glanza,2014,Electric,Automatic,155108,1,1197,21.4,69,7,Dealer,39394600,11,12925.67
CAR04416,Toyota,Fortuner,2014,Diesel,Manual,107659,1,2755,20.2,221,5,Individual,147789410,11,8971.58
CAR04417,Toyota,Fortuner,2024,Diesel,Manual,33201,1,2755,18,219,5,Individual,603675030,1,16600.5
CAR04418,Hyundai,Creta,2016,Diesel,Manual,77676,1,1497,13.1,81,5,Dealer,89081690,9,7767.6
CAR04419,Volkswagen,Polo,2018,Electric,Manual,119697,1,999,24,58,5,Individual,55281640,7,14962.12
CAR04420,Hyundai,Venue,2021,Petrol,Manual,36673,3,1197,15.6,68,5,Dealer,114339910,4,7334.6
CAR04421,Volkswagen,Vento,2020,Diesel,Manual,66638,1,1498,16.1,78,5,Individual,82940510,5,11106.33
CAR04422,Skoda,Octavia,2020,Diesel,Automatic,50072,1,1984,16.6,155,7,Individual,273170220,5,8345.33
CAR04423,Volkswagen,Vento,2025,Diesel,Automatic,30910,2,1498,24,73,5,Dealer,164942990,0,30910
CAR04424,Toyota,Innova,2023,Diesel,Automatic,15195,2,2393,23.2,118,7,Individual,314408200,2,5065
CAR04425,Honda,Amaze,2025,Petrol,Automatic,26977,1,1199,14.2,63,5,Dealer,150547450,0,26977
CAR04426,Renault,Duster,2021,Petrol,Automatic,42696,1,1498,12.3,71,5,Individual,85036400,4,8539.2
CAR04427,Tata,Altroz,2025,Petrol,Automatic,9339,1,1199,20.2,62,5,Individual,145005720,0,9339
CAR04428,Toyota,Urban Cruiser,2021,Diesel,Manual,75378,1,1462,25.5,70,5,Individual,90574710,4,15075.6
CAR04429,Volkswagen,Vento,2020,Diesel,Manual,69646,1,1498,26.3,63,5,Individual,106146730,5,11607.67
CAR04430,Skoda,Slavia,2023,CNG,Manual,42524,1,1498,16.8,112,7,Dealer,237543890,2,14174.67
CAR04431,Skoda,Rapid,2024,Diesel,Automatic,25924,1,1498,23.4,78,7,Individual,116390580,1,12962
CAR04432,Maruti,Baleno,2014,Diesel,Manual,232330,1,1197,19.3,48,5,Individual,21996110,11,19360.83
CAR04433,Renault,Triber,2024,Petrol,Manual,28481,2,999,11.7,57,7,Individual,103566720,1,14240.5
CAR04434,Hyundai,Venue,2022,Diesel,Manual,50772,1,1197,16.7,68,7,Dealer,132629880,3,12693
CAR04435,Mahindra,Scorpio,2024,CNG,Manual,15986,1,2179,18.6,102,7,Individual,254094600,1,7993
CAR04436,Skoda,Slavia,2022,Diesel,Manual,64471,2,1498,20.7,84,5,Individual,156352330,3,16117.75
CAR04437,Kia,Seltos,2025,CNG,Automatic,11958,1,1497,16.9,89,5,Dealer,234957040,0,11958
CAR04438,Skoda,Slavia,2017,Electric,Manual,176234,1,1498,25.3,100,7,Dealer,82917330,8,19581.56
CAR04439,Honda,Amaze,2016,Petrol,Automatic,165431,1,1199,18.9,66,5,Dealer,35992460,9,16543.1
CAR04440,Honda,City,2016,Diesel,Manual,10881,1,1498,22.4,91,5,Dealer,110468090,9,1088.1
CAR04441,Honda,Amaze,2017,Diesel,Automatic,34517,1,1199,17.3,50,5,Individual,76414770,8,3835.22
CAR04442,Honda,Amaze,2016,Petrol,Manual,121315,1,1199,18.7,62,5,Dealer,57620160,9,12131.5
CAR04443,Kia,Seltos,2019,Petrol,Manual,79607,1,1497,14.4,88,5,Individual,123223740,6,11372.43
CAR04444,Toyota,Glanza,2016,Petrol,Automatic,107016,1,1197,19.5,59,5,Individual,61368290,9,10701.6
CAR04445,Volkswagen,Taigun,2015,Petrol,Automatic,176315,1,1498,16.8,109,5,Individual,74313180,10,16028.64
CAR04446,Toyota,Fortuner,2020,Diesel,Automatic,92397,2,2755,18.9,311,5,Individual,279537500,5,15399.5
CAR04447,Honda,WR-V,2023,Petrol,Automatic,37305,3,1498,17.4,69,5,Individual,115435260,2,12435
CAR04448,Hyundai,Grand i10,2015,Petrol,Manual,70125,1,1197,12.3,45,5,Individual,39424240,10,6375
CAR04449,Mahindra,Thar,2020,Diesel,Manual,43039,1,1997,22.9,123,5,Dealer,185933240,5,7173.17
CAR04450,Renault,Kwid,2021,Petrol,Manual,58618,2,999,17.7,45,5,Dealer,56517970,4,11723.6
CAR04451,Renault,Triber,2022,CNG,Automatic,50569,1,999,24.6,66,5,Individual,115200230,3,12642.25
CAR04452,Tata,Altroz,2015,Petrol,Automatic,90053,1,1199,20.9,52,7,Individual,48960530,10,8186.64
CAR04453,Toyota,Glanza,2022,Petrol,Automatic,67740,2,1197,15.1,60,5,Individual,93453780,3,16935
CAR04454,Volkswagen,Virtus,2014,Electric,Automatic,61870,1,1498,21.7,105,5,Individual,74673800,11,5155.83
CAR04455,Kia,Seltos,2016,CNG,Manual,32731,1,1497,16.3,120,5,Dealer,106789690,9,3273.1
CAR04456,Maruti,Baleno,2017,Diesel,Manual,89993,1,1197,23,60,5,Individual,50752230,8,9999.22
CAR04457,Mahindra,XUV500,2024,Diesel,Manual,49676,1,2179,20.3,120,5,Individual,175810610,1,24838
CAR04458,Maruti,Brezza,2016,Petrol,Manual,166703,1,1462,18.1,64,5,Individual,45068760,9,16670.3
CAR04459,Hyundai,Verna,2023,Diesel,Automatic,19271,1,1497,18.5,75,5,Individual,172134110,2,6423.67
CAR04460,Kia,Sonet,2025,Petrol,Manual,11302,2,1197,14.6,68,5,Individual,181235680,0,11302
CAR04461,Hyundai,i20,2025,Petrol,Automatic,22083,1,1197,21.3,71,5,Dealer,168003320,0,22083
CAR04462,Honda,Amaze,2017,Petrol,Automatic,98826,3,1199,23.5,64,5,Dealer,56057220,8,10980.67
CAR04463,Mahindra,Scorpio,2015,Diesel,Manual,170847,1,2179,23.3,132,5,Individual,88810940,10,15531.55
CAR04464,Kia,Carens,2016,Petrol,Automatic,144501,1,1497,17,106,5,Dealer,84483310,9,14450.1
CAR04465,Toyota,Innova,2023,Petrol,Manual,42770,1,2393,18.7,148,5,Dealer,304311220,2,14256.67
CAR04466,Maruti,Wagon R,2016,Petrol,Automatic,76026,1,1197,20.7,45,5,Individual,38100510,9,7602.6
CAR04467,Volkswagen,Taigun,2021,Diesel,Manual,64053,1,1498,19.6,99,5,Dealer,141893520,4,12810.6
CAR04468,Skoda,Rapid,2018,Petrol,Manual,154188,1,1498,23.3,60,5,Individual,49267570,7,19273.5
CAR04469,Renault,Triber,2023,Petrol,Manual,41670,1,999,21.2,59,5,Dealer,107954390,2,13890
CAR04470,Volkswagen,Virtus,2021,Petrol,Manual,50094,1,1498,25.9,96,5,Individual,155264770,4,10018.8
CAR04471,Toyota,Fortuner,2021,Diesel,Automatic,45172,1,2755,19.9,218,5,Dealer,516305430,4,9034.4
CAR04472,Renault,Triber,2023,Petrol,Automatic,29457,1,999,10.3,47,5,Dealer,124519730,2,9819
CAR04473,Toyota,Urban Cruiser,2025,CNG,Automatic,26024,1,1462,21.2,78,5,Dealer,190418950,0,26024
CAR04474,Hyundai,Verna,2018,Petrol,Manual,62476,1,1497,16.4,63,7,Individual,88136820,7,7809.5
CAR04475,Renault,Kwid,2020,Petrol,Automatic,34007,2,999,18,45,5,Individual,49216650,5,5667.83
CAR04476,Honda,City,2021,Petrol,Manual,21758,2,1498,22.8,84,5,Dealer,131147120,4,4351.6
CAR04477,Skoda,Kushaq,2023,Petrol,Manual,13226,1,1498,15.9,117,5,Dealer,237541990,2,4408.67
CAR04478,Honda,City,2019,Petrol,Automatic,67365,1,1498,15,71,5,Dealer,127149900,6,9623.57
CAR04479,Renault,Kwid,2018,Petrol,Automatic,130147,1,999,15.6,48,5,Individual,43878980,7,16268.38
CAR04480,Mahindra,Thar,2024,CNG,Automatic,27383,1,1997,27.5,144,5,Individual,272242260,1,13691.5
CAR04481,Toyota,Glanza,2025,Petrol,Automatic,13618,1,1197,16.1,60,5,Dealer,161134440,0,13618
CAR04482,Tata,Punch,2020,Petrol,Manual,99307,1,1199,18.3,63,5,Dealer,75194970,5,16551.17
CAR04483,Renault,Kwid,2015,Petrol,Manual,184110,3,999,23,45,5,Individual,20276420,10,16737.27
CAR04484,Maruti,Baleno,2017,Petrol,Manual,180955,2,1197,19.5,63,5,Dealer,38692360,8,20106.11
CAR04485,Toyota,Fortuner,2019,Petrol,Manual,87294,1,2755,10.7,270,5,Individual,281910980,6,12470.57
CAR04486,Honda,WR-V,2022,Petrol,Manual,47509,1,1498,16.1,51,5,Individual,103171520,3,11877.25
CAR04487,Mahindra,XUV700,2022,Petrol,Manual,49126,1,1997,15.5,138,5,Individual,280112060,3,12281.5
CAR04488,Tata,Punch,2023,Petrol,Manual,57859,1,1199,12.3,63,7,Individual,112377590,2,19286.33
CAR04489,Kia,Sonet,2014,CNG,Manual,130014,1,1197,19.6,81,7,Dealer,45106950,11,10834.5
CAR04490,Honda,City,2019,Diesel,Automatic,85776,1,1498,11.1,82,7,Individual,116465820,6,12253.71
CAR04491,Hyundai,Creta,2022,CNG,Manual,38430,1,1497,22,77,5,Dealer,182104360,3,9607.5
CAR04492,Hyundai,i20,2025,Petrol,Manual,4337,1,1197,17.5,68,5,Individual,135995160,0,4337
CAR04493,Kia,Sonet,2015,CNG,Manual,34966,1,1197,18.9,91,5,Dealer,75931790,10,3178.73
CAR04494,Tata,Altroz,2024,Petrol,Automatic,15797,1,1199,12.1,45,5,Individual,133704140,1,7898.5
CAR04495,Honda,Jazz,2014,Petrol,Manual,191908,3,1199,21.7,67,5,Individual,25501230,11,15992.33
CAR04496,Kia,Sonet,2016,Diesel,Manual,169512,1,1197,17.6,91,5,Individual,48882630,9,16951.2
CAR04497,Honda,Amaze,2024,Petrol,Automatic,32531,1,1199,20.8,63,7,Dealer,146666320,1,16265.5
CAR04498,Honda,WR-V,2023,Petrol,Automatic,37263,1,1498,17.1,66,5,Dealer,143329540,2,12421
CAR04499,Tata,Safari,2025,Diesel,Manual,14464,1,1956,23.7,156,5,Individual,365769190,0,14464
CAR04500,Honda,City,2021,Diesel,Manual,93072,1,1498,21.1,80,5,Individual,93750180,4,18614.4
CAR04501,Kia,Carens,2021,Petrol,Manual,34393,1,1497,17.8,112,5,Individual,150065420,4,6878.6
CAR04502,Mahindra,XUV500,2020,Petrol,Manual,77335,1,2179,15,99,7,Individual,128942170,5,12889.17
CAR04503,Skoda,Rapid,2020,Petrol,Manual,106652,1,1498,21.4,64,7,Individual,70679240,5,17775.33
CAR04504,Volkswagen,Taigun,2020,Electric,Automatic,77674,1,1498,21.9,95,5,Dealer,151439880,5,12945.67
CAR04505,Maruti,Swift,2017,Petrol,Manual,96216,1,1197,15.1,46,5,Dealer,51327170,8,10690.67
CAR04506,Honda,Amaze,2024,Petrol,Manual,27268,1,1199,17,68,5,Individual,111883780,1,13634
CAR04507,Tata,Punch,2018,Petrol,Automatic,103397,1,1199,17.4,55,5,Dealer,62538310,7,12924.62
CAR04508,Mahindra,Scorpio,2021,CNG,Manual,68654,3,2179,23.6,94,5,Dealer,169216660,4,13730.8
CAR04509,Tata,Tiago,2022,Diesel,Manual,72849,1,1199,13.7,66,5,Individual,57494000,3,18212.25
CAR04510,Skoda,Octavia,2020,Petrol,Manual,30610,2,1984,18.5,165,5,Dealer,275530020,5,5101.67
CAR04511,Tata,Punch,2021,Electric,Manual,71709,1,1199,23.9,57,5,Individual,88227260,4,14341.8
CAR04512,Mahindra,Scorpio,2014,Petrol,Manual,112001,1,2179,17.5,119,5,Individual,85656750,11,9333.42
CAR04513,Hyundai,Venue,2017,CNG,Automatic,89839,1,1197,22.3,74,5,Individual,71614610,8,9982.11
CAR04514,Skoda,Kushaq,2019,Petrol,Manual,91609,1,1498,12.9,95,5,Individual,128795490,6,13087
CAR04515,Skoda,Slavia,2018,Petrol,Automatic,65060,1,1498,17.9,125,5,Individual,124945330,7,8132.5
CAR04516,Volkswagen,Virtus,2024,Petrol,Manual,40216,1,1498,19.5,102,7,Dealer,258343950,1,20108
CAR04517,Honda,Amaze,2024,Electric,Automatic,41232,1,1199,21.6,48,5,Individual,105348540,1,20616
CAR04518,Maruti,Swift,2022,CNG,Manual,59638,1,1197,22.6,45,7,Individual,81873850,3,14909.5
CAR04519,Volkswagen,Virtus,2018,Diesel,Manual,104634,2,1498,21.7,120,5,Dealer,102945610,7,13079.25
CAR04520,Toyota,Urban Cruiser,2014,Petrol,Manual,132926,1,1462,15.3,69,5,Dealer,49864930,11,11077.17
CAR04521,Skoda,Kushaq,2023,Petrol,Manual,28603,1,1498,21.2,110,5,Dealer,245334840,2,9534.33
CAR04522,Kia,Sonet,2024,Petrol,Manual,23422,1,1197,17.3,65,5,Dealer,144758720,1,11711
CAR04523,Mahindra,Bolero,2019,Petrol,Manual,68907,2,1493,23.2,74,5,Dealer,74837960,6,9843.86
CAR04524,Skoda,Slavia,2023,Petrol,Automatic,49928,3,1498,21.4,105,5,Dealer,184259910,2,16642.67
CAR04525,Renault,Duster,2025,Diesel,Manual,19251,1,1498,20.5,78,5,Individual,138119930,0,19251
CAR04526,Toyota,Urban Cruiser,2020,Diesel,Manual,69858,1,1462,16.9,75,5,Individual,120984780,5,11643
CAR04527,Maruti,Ertiga,2016,CNG,Automatic,142194,1,1462,20.7,79,5,Individual,67527520,9,14219.4
CAR04528,Maruti,Dzire,2014,Petrol,Manual,130636,1,1197,20.5,69,5,Individual,35167100,11,10886.33
CAR04529,Toyota,Innova,2023,Petrol,Manual,50040,2,2393,15.8,148,5,Individual,263329170,2,16680
CAR04530,Mahindra,Scorpio,2020,Petrol,Automatic,88606,1,2179,18.8,111,7,Individual,195148810,5,14767.67
CAR04531,Maruti,Brezza,2015,Petrol,Automatic,136786,2,1462,19.1,72,5,Individual,45469280,10,12435.09
CAR04532,Hyundai,Creta,2014,Diesel,Manual,169563,1,1497,19,103,7,Individual,52933050,11,14130.25
CAR04533,Volkswagen,Taigun,2025,Diesel,Manual,25511,2,1498,16.8,112,5,Individual,242954330,0,25511
CAR04534,Volkswagen,Taigun,2017,Petrol,Manual,71955,1,1498,22.3,110,5,Individual,99742020,8,7995
CAR04535,Maruti,Swift,2017,Petrol,Manual,132168,1,1197,18.9,51,5,Individual,37472370,8,14685.33
CAR04536,Mahindra,Scorpio,2021,CNG,Automatic,28973,1,2179,20.1,141,5,Individual,209699200,4,5794.6
CAR04537,Maruti,Ertiga,2018,Petrol,Automatic,9007,1,1462,15.1,84,5,Individual,110599190,7,1125.88
CAR04538,Volkswagen,Polo,2024,Diesel,Manual,31868,2,999,22,61,5,Individual,122475520,1,15934
CAR04539,Renault,Duster,2022,Diesel,Manual,52917,1,1498,19.1,54,5,Dealer,107352850,3,13229.25
CAR04540,Renault,Triber,2018,Diesel,Automatic,113352,2,999,22.2,46,7,Dealer,60012830,7,14169
CAR04541,Mahindra,XUV500,2017,Petrol,Manual,148462,1,2179,14.7,88,5,Individual,78007920,8,16495.78
CAR04542,Kia,Sonet,2024,Diesel,Automatic,21040,1,1197,20.2,71,5,Dealer,156713900,1,10520
CAR04543,Skoda,Kushaq,2021,CNG,Manual,50813,1,1498,19.6,95,5,Dealer,176201630,4,10162.6
CAR04544,Kia,Sonet,2025,Petrol,Manual,21948,1,1197,22.7,64,5,Dealer,182972850,0,21948
CAR04545,Toyota,Glanza,2018,Petrol,Automatic,69045,2,1197,18.6,61,5,Dealer,62630650,7,8630.62
CAR04546,Volkswagen,Polo,2014,Diesel,Automatic,132603,1,999,16.3,50,5,Individual,36439340,11,11050.25
CAR04547,Mahindra,XUV500,2024,Diesel,Manual,24596,1,2179,22.1,68,5,Individual,225693780,1,12298
CAR04548,Renault,Duster,2016,Petrol,Automatic,134395,1,1498,21.2,58,5,Individual,63177280,9,13439.5
CAR04549,Mahindra,Bolero,2024,Diesel,Manual,30034,2,1493,18.3,68,5,Individual,152984960,1,15017
CAR04550,Renault,Kwid,2022,Diesel,Manual,54885,2,999,16.9,45,5,Individual,71841470,3,13721.25
CAR04551,Maruti,Ertiga,2016,Petrol,Manual,78097,2,1462,10.9,86,5,Dealer,74340920,9,7809.7
CAR04552,Maruti,Swift,2023,Petrol,Manual,26583,1,1197,20.8,52,5,Individual,102301510,2,8861
CAR04553,Maruti,Dzire,2014,Petrol,Automatic,215182,1,1197,12.2,45,5,Individual,24811150,11,17931.83
CAR04554,Mahindra,Scorpio,2018,Petrol,Manual,87912,1,2179,17.4,150,7,Dealer,153825330,7,10989
CAR04555,Volkswagen,Vento,2018,CNG,Manual,109162,2,1498,15.8,65,5,Individual,56860540,7,13645.25
CAR04556,Tata,Nexon,2021,Diesel,Manual,34546,1,1199,24.7,78,5,Individual,132884860,4,6909.2
CAR04557,Hyundai,Verna,2020,Petrol,Automatic,119200,3,1497,21.5,78,5,Individual,63402430,5,19866.67
CAR04558,Renault,Kwid,2021,CNG,Automatic,45075,2,999,21.9,45,7,Individual,57717820,4,9015
CAR04559,Volkswagen,Virtus,2019,Petrol,Manual,64799,1,1498,20.6,113,5,Individual,111307890,6,9257
CAR04560,Kia,Sonet,2022,Petrol,Manual,40080,2,1197,17.1,55,5,Individual,116042120,3,10020
CAR04561,Toyota,Glanza,2015,Petrol,Automatic,92770,1,1197,15,70,7,Individual,42530740,10,8433.64
CAR04562,Toyota,Fortuner,2022,Diesel,Manual,66775,1,2755,14.3,251,7,Individual,400584600,3,16693.75
CAR04563,Maruti,Brezza,2014,Diesel,Automatic,71725,1,1462,21.7,73,7,Dealer,61971920,11,5977.08
CAR04564,Hyundai,i10,2015,Diesel,Manual,167300,1,1197,18.55,45,5,Individual,22357870,10,15209.09
CAR04565,Renault,Triber,2022,Petrol,Automatic,68336,2,999,25.1,56,5,Individual,94208650,3,17084
CAR04566,Honda,WR-V,2015,Petrol,Manual,131234,1,1498,14.2,77,7,Individual,47509500,10,11930.36
CAR04567,Volkswagen,Polo,2023,Petrol,Manual,24295,2,999,20.5,51,5,Dealer,107590160,2,8098.33
CAR04568,Volkswagen,Taigun,2015,Electric,Manual,89695,2,1498,26.3,91,5,Dealer,91215770,10,8154.09
CAR04569,Honda,Amaze,2015,Petrol,Manual,128716,1,1199,13.5,57,7,Individual,36749610,10,11701.45
CAR04570,Tata,Safari,2025,Diesel,Manual,14094,1,1956,18,115,5,Individual,363280000,0,14094
CAR04571,Kia,Carens,2016,Diesel,Automatic,95412,1,1497,18.6,97,5,Individual,99355750,9,9541.2
CAR04572,Maruti,Celerio,2024,Petrol,Manual,40292,1,998,27.9,47,5,Dealer,83863150,1,20146
CAR04573,Toyota,Innova,2018,Petrol,Manual,94528,1,2393,16.8,153,5,Dealer,152093290,7,11816
CAR04574,Renault,Kwid,2023,Petrol,Manual,40336,2,999,14.1,45,5,Individual,68171430,2,13445.33
CAR04575,Volkswagen,Taigun,2025,Diesel,Manual,17067,2,1498,20.8,93,5,Individual,227742550,0,17067
CAR04576,Volkswagen,Taigun,2015,Electric,Manual,116251,1,1498,19.4,100,7,Individual,90433540,10,10568.27
CAR04577,Maruti,Wagon R,2017,Petrol,Manual,103600,2,1197,17.3,45,7,Dealer,42204320,8,11511.11
CAR04578,Hyundai,i20,2020,Electric,Automatic,92465,1,1197,21.1,62,5,Individual,79125500,5,15410.83
CAR04579,Tata,Nexon,2024,Petrol,Automatic,30862,3,1199,19.1,71,7,Individual,164871740,1,15431
CAR04580,Tata,Tiago,2016,Petrol,Manual,134425,2,1199,15.8,45,5,Dealer,36107220,9,13442.5
CAR04581,Hyundai,Venue,2016,CNG,Automatic,167880,2,1197,18.9,63,5,Individual,51201390,9,16788
CAR04582,Skoda,Kushaq,2018,CNG,Manual,89914,1,1498,24.2,80,7,Dealer,101955520,7,11239.25
CAR04583,Hyundai,Verna,2016,Petrol,Manual,64654,2,1497,18.4,88,7,Individual,60238740,9,6465.4
CAR04584,Volkswagen,Polo,2017,Diesel,Automatic,140607,1,999,19.4,61,5,Dealer,54378190,8,15623
CAR04585,Mahindra,Thar,2015,CNG,Automatic,114332,1,1997,15.2,94,5,Dealer,97269550,10,10393.82
CAR04586,Kia,Seltos,2023,Diesel,Manual,36547,1,1497,21.2,106,5,Individual,183992390,2,12182.33
CAR04587,Tata,Safari,2023,Diesel,Manual,42245,1,1956,17.9,141,5,Individual,301994550,2,14081.67
CAR04588,Honda,WR-V,2015,Petrol,Manual,136902,1,1498,18.3,55,5,Individual,52495290,10,12445.64
CAR04589,Kia,Sonet,2020,Petrol,Manual,44555,1,1197,12,64,5,Dealer,125159840,5,7425.83
CAR04590,Tata,Punch,2021,Diesel,Automatic,68537,2,1199,20.1,58,5,Individual,101600790,4,13707.4
CAR04591,Kia,Seltos,2021,Petrol,Manual,82707,1,1497,18.1,107,5,Dealer,144727560,4,16541.4
CAR04592,Maruti,Baleno,2025,Petrol,Automatic,26869,3,1197,16.8,60,5,Dealer,112824470,0,26869
CAR04593,Maruti,Celerio,2021,Petrol,Automatic,57252,2,998,14.8,45,5,Dealer,70098980,4,11450.4
CAR04594,Volkswagen,Polo,2022,Petrol,Manual,28381,1,999,21,59,5,Individual,99189310,3,7095.25
CAR04595,Kia,Sonet,2014,Petrol,Automatic,236302,2,1197,15.3,72,5,Individual,29771100,11,19691.83
CAR04596,Maruti,Dzire,2014,Petrol,Automatic,115426,1,1197,20.2,48,5,Individual,36368470,11,9618.83
CAR04597,Renault,Triber,2021,Petrol,Manual,38621,1,999,20.6,67,5,Individual,83687970,4,7724.2
CAR04598,Maruti,Ertiga,2024,Petrol,Manual,32435,3,1462,15,79,5,Individual,153223790,1,16217.5
CAR04599,Skoda,Slavia,2018,CNG,Automatic,134179,2,1498,23.2,112,5,Individual,113291680,7,16772.38
CAR04600,Volkswagen,Virtus,2021,Diesel,Automatic,89463,1,1498,18,90,5,Dealer,203917120,4,17892.6
CAR04601,Skoda,Slavia,2016,Petrol,Manual,87592,2,1498,19.4,98,7,Individual,87569860,9,8759.2
CAR04602,Skoda,Kushaq,2019,Petrol,Manual,83204,1,1498,14.7,116,5,Individual,121167370,6,11886.29
CAR04603,Honda,City,2023,Petrol,Automatic,43673,2,1498,17.2,78,5,Individual,153472310,2,14557.67
CAR04604,Volkswagen,Polo,2021,Diesel,Automatic,81470,1,999,19.5,54,5,Dealer,101974330,4,16294
CAR04605,Tata,Altroz,2015,Diesel,Manual,154427,1,1199,19.2,51,5,Dealer,45572070,10,14038.82
CAR04606,Toyota,Innova,2024,Diesel,Manual,23658,2,2393,20.4,144,5,Individual,279180300,1,11829
CAR04607,Tata,Punch,2025,Diesel,Automatic,22006,1,1199,16.9,51,5,Individual,174103270,0,22006
CAR04608,Toyota,Fortuner,2019,Petrol,Manual,50746,1,2755,15.8,257,5,Individual,317859740,6,7249.43
CAR04609,Renault,Duster,2018,Petrol,Manual,118816,2,1498,19.6,61,5,Dealer,60747940,7,14852
CAR04610,Toyota,Urban Cruiser,2020,Petrol,Manual,78191,2,1462,16.3,72,5,Individual,88319030,5,13031.83
CAR04611,Maruti,Celerio,2023,Petrol,Manual,47035,1,998,16,55,7,Individual,100328360,2,15678.33
CAR04612,Honda,Jazz,2019,Petrol,Automatic,69227,2,1199,15,62,5,Dealer,81452620,6,9889.57
CAR04613,Volkswagen,Polo,2014,Diesel,Manual,145404,1,999,17.9,54,5,Individual,32315390,11,12117
CAR04614,Mahindra,Scorpio,2014,Petrol,Automatic,114847,1,2179,14.4,140,5,Individual,99414650,11,9570.58
CAR04615,Mahindra,Thar,2023,Diesel,Manual,71494,1,1997,21.5,102,5,Individual,212518420,2,23831.33
CAR04616,Toyota,Glanza,2023,Petrol,Automatic,57184,1,1197,16.2,52,5,Dealer,119021890,2,19061.33
CAR04617,Tata,Altroz,2023,Petrol,Manual,62555,1,1199,14.2,57,5,Individual,99785150,2,20851.67
CAR04618,Mahindra,Scorpio,2015,Diesel,Manual,110706,2,2179,18.7,144,5,Dealer,80800730,10,10064.18
CAR04619,Kia,Sonet,2016,Petrol,Automatic,85312,2,1197,13.3,83,5,Dealer,56507140,9,8531.2
CAR04620,Renault,Duster,2018,Petrol,Automatic,82271,1,1498,14.9,66,5,Dealer,78683560,7,10283.88
CAR04621,Kia,Seltos,2016,Petrol,Manual,120158,1,1497,21.6,94,5,Individual,76534470,9,12015.8
CAR04622,Skoda,Slavia,2018,Diesel,Manual,51784,2,1498,16,105,5,Individual,127703560,7,6473
CAR04623,Renault,Kwid,2020,Petrol,Manual,91976,2,999,17.1,51,5,Dealer,50978900,5,15329.33
CAR04624,Maruti,Brezza,2017,CNG,Automatic,150422,1,1462,27.6,68,5,Dealer,63775020,8,16713.56
CAR04625,Honda,WR-V,2015,Electric,Manual,35816,1,1498,23.2,78,5,Dealer,50904230,10,3256
CAR04626,Honda,Jazz,2018,Diesel,Automatic,72014,1,1199,17.8,61,7,Dealer,75706070,7,9001.75
CAR04627,Maruti,Wagon R,2022,Petrol,Manual,77480,1,1197,11.5,47,5,Dealer,57877040,3,19370
CAR04628,Hyundai,i10,2021,Diesel,Automatic,60090,1,1197,19.8,45,7,Individual,68186250,4,12018
CAR04629,Volkswagen,Taigun,2017,Petrol,Manual,79085,1,1498,15.2,107,7,Individual,112373410,8,8787.22
CAR04630,Honda,Amaze,2017,CNG,Manual,134012,2,1199,22.7,56,5,Individual,43997730,8,14890.22
CAR04631,Hyundai,i20,2021,Petrol,Automatic,55471,2,1197,15.5,61,5,Individual,104740350,4,11094.2
CAR04632,Tata,Nexon,2016,Petrol,Manual,106887,1,1199,18.3,80,5,Individual,70107340,9,10688.7
CAR04633,Tata,Punch,2024,Petrol,Automatic,21140,1,1199,21.8,69,5,Individual,143152460,1,10570
CAR04634,Hyundai,Creta,2024,Diesel,Manual,33584,1,1497,21.3,115,5,Individual,206709740,1,16792
CAR04635,Hyundai,Verna,2014,CNG,Manual,182907,1,1497,17,89,5,Individual,35662810,11,15242.25
CAR04636,Volkswagen,Taigun,2025,Petrol,Automatic,16678,1,1498,17.8,99,5,Dealer,278577430,0,16678
CAR04637,Renault,Triber,2014,Petrol,Manual,177303,3,999,20.4,55,5,Individual,25272280,11,14775.25
CAR04638,Toyota,Glanza,2019,Diesel,Manual,75089,1,1197,14.7,53,7,Individual,64200810,6,10727
CAR04639,Kia,Carens,2022,CNG,Manual,62369,2,1497,26.1,107,5,Dealer,155692840,3,15592.25
CAR04640,Skoda,Slavia,2017,Diesel,Manual,89182,1,1498,19.7,118,5,Individual,80632960,8,9909.11
CAR04641,Renault,Duster,2016,Petrol,Automatic,168081,1,1498,19.2,65,5,Individual,56537540,9,16808.1
CAR04642,Maruti,Ertiga,2014,Diesel,Manual,161306,2,1462,18.3,75,5,Individual,42316610,11,13442.17
CAR04643,Skoda,Kushaq,2022,CNG,Manual,56996,2,1498,21.1,114,7,Individual,182697350,3,14249
CAR04644,Maruti,Baleno,2014,Petrol,Manual,139954,1,1197,14.8,54,5,Individual,37418600,11,11662.83
CAR04645,Maruti,Dzire,2019,Petrol,Automatic,72857,2,1197,22.1,51,5,Dealer,69713280,6,10408.14
CAR04646,Toyota,Glanza,2018,Petrol,Automatic,76978,1,1197,22.9,68,5,Individual,75302510,7,9622.25
CAR04647,Volkswagen,Vento,2025,Petrol,Automatic,20753,2,1498,23.9,67,7,Dealer,171576270,0,20753
CAR04648,Maruti,Brezza,2025,Diesel,Manual,6640,1,1462,14,64,5,Individual,198173800,0,6640
CAR04649,Tata,Safari,2023,Petrol,Manual,30151,1,1956,18.5,142,7,Individual,260704130,2,10050.33
CAR04650,Tata,Altroz,2022,Diesel,Manual,34366,2,1199,20.6,63,5,Dealer,101796300,3,8591.5
CAR04651,Honda,Amaze,2020,Petrol,Automatic,96266,2,1199,15.4,74,7,Dealer,71068170,5,16044.33
CAR04652,Skoda,Kushaq,2018,CNG,Manual,110172,2,1498,22.1,126,5,Individual,116530230,7,13771.5
CAR04653,Honda,WR-V,2015,CNG,Manual,178438,1,1498,16.7,94,7,Dealer,38695970,10,16221.64
CAR04654,Tata,Punch,2025,Diesel,Manual,10563,2,1199,23.7,51,5,Individual,155495240,0,10563
CAR04655,Hyundai,i10,2018,Diesel,Automatic,82653,1,1197,14.7,45,5,Dealer,39951490,7,10331.62
CAR04656,Hyundai,Venue,2019,Petrol,Manual,43296,1,1197,18.3,88,5,Individual,96531020,6,6185.14
CAR04657,Hyundai,i10,2015,CNG,Manual,136757,1,1197,23.4,45,5,Individual,25974520,10,12432.45
CAR04658,Mahindra,Thar,2017,Diesel,Automatic,129134,1,1997,17.5,106,5,Individual,92413150,8,14348.22
CAR04659,Toyota,Urban Cruiser,2021,Petrol,Automatic,72323,1,1462,21.6,80,5,Dealer,112674560,4,14464.6
CAR04660,Toyota,Urban Cruiser,2019,Electric,Manual,82178,1,1462,17,70,7,Individual,90889920,6,11739.71
CAR04661,Renault,Kwid,2021,Petrol,Automatic,61925,1,999,17.4,45,5,Dealer,62755670,4,12385
CAR04662,Mahindra,Scorpio,2016,Diesel,Manual,123873,1,2179,14.2,103,5,Individual,89506530,9,12387.3
CAR04663,Hyundai,i20,2014,Petrol,Manual,181761,1,1197,15.2,51,5,Individual,36825610,11,15146.75
CAR04664,Honda,Amaze,2024,Diesel,Manual,40518,1,1199,17.8,58,5,Individual,117632420,1,20259
CAR04665,Honda,City,2019,Petrol,Automatic,81781,1,1498,15.8,87,5,Dealer,110140910,6,11683
CAR04666,Renault,Triber,2018,Petrol,Automatic,103961,1,999,21.3,52,5,Individual,71857620,7,12995.12
CAR04667,Honda,Jazz,2017,Petrol,Manual,101407,1,1199,14,63,5,Individual,63432450,8,11267.44
CAR04668,Hyundai,Verna,2021,Electric,Manual,68930,2,1497,17.8,82,5,Individual,81680050,4,13786
CAR04669,Volkswagen,Polo,2020,Petrol,Automatic,63315,3,999,16.2,58,5,Dealer,73276350,5,10552.5
CAR04670,Toyota,Fortuner,2018,Diesel,Manual,75986,1,2755,19.6,266,5,Individual,221956100,7,9498.25
CAR04671,Maruti,Brezza,2025,Petrol,Automatic,15366,3,1462,19,72,5,Individual,204435250,0,15366
CAR04672,Kia,Carens,2024,CNG,Automatic,32529,1,1497,24.5,123,5,Individual,246985560,1,16264.5
CAR04673,Tata,Safari,2016,Petrol,Manual,115105,2,1956,11,151,7,Individual,115645590,9,11510.5
CAR04674,Renault,Kwid,2021,Diesel,Manual,46011,1,999,24.4,45,5,Individual,56366350,4,9202.2
CAR04675,Renault,Duster,2025,Electric,Manual,25036,1,1498,20,87,7,Individual,162122250,0,25036
CAR04676,Honda,City,2019,Petrol,Manual,52972,1,1498,16.7,71,5,Dealer,118032750,6,7567.43
CAR04677,Mahindra,Bolero,2014,Petrol,Manual,173416,2,1493,17.6,73,5,Dealer,41457050,11,14451.33
CAR04678,Mahindra,XUV500,2015,CNG,Automatic,119478,1,2179,18.55,130,5,Individual,89546620,10,10861.64
CAR04679,Kia,Carens,2022,Petrol,Automatic,26469,1,1497,16.2,112,5,Individual,187072860,3,6617.25
CAR04680,Maruti,Baleno,2024,Petrol,Manual,35505,1,1197,20.5,50,5,Dealer,121423300,1,17752.5
CAR04681,Honda,City,2015,Petrol,Automatic,153286,3,1498,19.4,84,5,Individual,51524200,10,13935.09
CAR04682,Hyundai,i10,2020,Diesel,Manual,49494,1,1197,17.8,45,5,Individual,57830680,5,8249
CAR04683,Kia,Sonet,2019,CNG,Automatic,97036,2,1197,21.6,75,5,Dealer,90723100,6,13862.29
CAR04684,Maruti,Wagon R,2017,Diesel,Manual,119691,1,1197,20.7,45,5,Individual,31907650,8,13299
CAR04685,Mahindra,Thar,2021,Diesel,Manual,89974,2,1997,18.5,94,5,Individual,131885650,4,17994.8
CAR04686,Volkswagen,Vento,2024,Petrol,Manual,20662,1,1498,19,57,5,Dealer,157839650,1,10331
CAR04687,Skoda,Slavia,2016,Petrol,Manual,119481,1,1498,15.1,94,5,Individual,70743080,9,11948.1
CAR04688,Tata,Altroz,2014,Petrol,Automatic,112181,1,1199,14.7,69,5,Dealer,41019480,11,9348.42
CAR04689,Maruti,Baleno,2018,Petrol,Manual,99515,1,1197,16.6,47,5,Individual,57379240,7,12439.38
CAR04690,Volkswagen,Vento,2017,Petrol,Manual,118750,1,1498,10.3,68,5,Individual,53856260,8,13194.44
CAR04691,Maruti,Swift,2022,Diesel,Manual,67416,1,1197,21.4,58,7,Dealer,84881740,3,16854
CAR04692,Maruti,Wagon R,2020,Petrol,Manual,71733,1,1197,17.7,46,7,Dealer,57640490,5,11955.5
CAR04693,Skoda,Slavia,2014,Petrol,Manual,155714,1,1498,16.8,124,5,Dealer,59130850,11,12976.17
CAR04694,Renault,Kwid,2018,Petrol,Manual,89800,1,999,19.9,45,5,Individual,37290160,7,11225
CAR04695,Volkswagen,Polo,2022,Petrol,Manual,18904,1,999,18.7,61,5,Dealer,120354360,3,4726
CAR04696,Renault,Duster,2019,Petrol,Automatic,95911,2,1498,20.7,80,5,Individual,83027720,6,13701.57
CAR04697,Maruti,Wagon R,2020,Petrol,Manual,27719,1,1197,22.2,47,5,Individual,63871920,5,4619.83
CAR04698,Maruti,Swift,2017,Petrol,Manual,103041,1,1197,18.5,55,7,Dealer,47111830,8,11449
CAR04699,Honda,Jazz,2017,Diesel,Manual,103668,1,1199,17.1,50,7,Individual,49634650,8,11518.67
CAR04700,Maruti,Ertiga,2015,Diesel,Automatic,123386,2,1462,21.5,84,7,Individual,52404660,10,11216.91
CAR04701,Renault,Kwid,2014,CNG,Automatic,136673,2,999,18.9,45,5,Dealer,19164730,11,11389.42
CAR04702,Maruti,Baleno,2014,Diesel,Manual,152614,2,1197,17,55,5,Dealer,30208290,11,12717.83
CAR04703,Mahindra,XUV700,2021,Diesel,Manual,60090,1,1997,18.4,142,5,Individual,217868250,4,12018
CAR04704,Renault,Triber,2015,CNG,Manual,126001,1,999,24.5,63,5,Individual,44587680,10,11454.64
CAR04705,Volkswagen,Polo,2020,Petrol,Manual,125815,1,999,19.8,49,5,Dealer,62576690,5,20969.17
CAR04706,Tata,Tiago,2025,Diesel,Automatic,13561,2,1199,22,46,5,Individual,121882720,0,13561
CAR04707,Toyota,Fortuner,2022,Petrol,Automatic,35124,1,2755,17.9,275,7,Individual,454491970,3,8781
CAR04708,Mahindra,XUV500,2020,Petrol,Manual,41606,1,2179,19.2,111,5,Individual,142795640,5,6934.33
CAR04709,Volkswagen,Virtus,2015,Petrol,Automatic,153683,1,1498,19.3,112,5,Individual,73541780,10,13971.18
CAR04710,Toyota,Innova,2019,Petrol,Automatic,39776,2,2393,15.4,132,5,Individual,197885000,6,5682.29
CAR04711,Tata,Nexon,2024,Diesel,Automatic,10507,1,1199,18.7,66,7,Dealer,218890260,1,5253.5
CAR04712,Volkswagen,Virtus,2018,Petrol,Automatic,58515,2,1498,17.5,94,7,Dealer,112936380,7,7314.38
CAR04713,Renault,Duster,2023,Diesel,Manual,49253,1,1498,18.1,82,5,Individual,154250170,2,16417.67
CAR04714,Toyota,Fortuner,2022,CNG,Automatic,67082,2,2755,19.9,251,5,Individual,367598320,3,16770.5
CAR04715,Maruti,Brezza,2017,Petrol,Manual,81537,1,1462,15.8,69,5,Dealer,69721450,8,9059.67
CAR04716,Mahindra,Thar,2015,Petrol,Manual,149213,1,1997,16.7,114,5,Individual,70032290,10,13564.82
CAR04717,Renault,Duster,2014,Petrol,Manual,9757,2,1498,17.5,76,5,Dealer,68365040,11,813.08
CAR04718,Skoda,Rapid,2017,Petrol,Automatic,85828,1,1498,19.5,55,7,Individual,58637800,8,9536.44
CAR04719,Toyota,Glanza,2017,Electric,Manual,133645,1,1197,27,56,5,Dealer,55668480,8,14849.44
CAR04720,Hyundai,Creta,2021,Diesel,Manual,55188,1,1497,21,106,5,Individual,116593310,4,11037.6
CAR04721,Mahindra,Bolero,2020,Diesel,Automatic,94793,1,1493,19.7,76,5,Dealer,111710880,5,15798.83
CAR04722,Renault,Duster,2019,Petrol,Manual,36103,1,1498,11.5,80,5,Dealer,94512270,6,5157.57
CAR04723,Skoda,Rapid,2022,Diesel,Manual,42411,1,1498,26.6,69,5,Individual,105079500,3,10602.75
CAR04724,Maruti,Celerio,2023,Diesel,Manual,49427,1,998,17.2,45,5,Dealer,82535050,2,16475.67
CAR04725,Tata,Punch,2022,Petrol,Automatic,72089,1,1199,15.5,45,7,Individual,102644460,3,18022.25
CAR04726,Toyota,Fortuner,2024,Petrol,Manual,37347,1,2755,21.3,251,5,Individual,501237480,1,18673.5
CAR04727,Maruti,Celerio,2018,Petrol,Manual,90585,1,998,14.2,45,5,Dealer,42153590,7,11323.12
CAR04728,Renault,Triber,2023,Petrol,Manual,26522,1,999,18.6,63,5,Individual,108507290,2,8840.67
CAR04729,Hyundai,i10,2019,CNG,Automatic,68741,1,1197,19.6,46,5,Individual,54771300,6,9820.14
CAR04730,Kia,Sonet,2016,Diesel,Automatic,206993,2,1197,18.5,64,5,Individual,41824890,9,20699.3
CAR04731,Skoda,Octavia,2015,Petrol,Manual,84649,2,1984,17.6,190,7,Individual,120225730,10,7695.36
CAR04732,Kia,Seltos,2015,CNG,Automatic,56919,1,1497,17.4,109,5,Individual,91421730,10,5174.45
CAR04733,Volkswagen,Taigun,2025,Petrol,Automatic,16365,2,1498,17.1,110,5,Individual,271775810,0,16365
CAR04734,Tata,Punch,2016,Petrol,Automatic,94872,1,1199,20.6,62,5,Individual,58529120,9,9487.2
CAR04735,Renault,Duster,2024,CNG,Manual,39026,1,1498,20.8,51,7,Individual,152880650,1,19513
CAR04736,Toyota,Innova,2023,CNG,Manual,76754,1,2393,30,141,5,Individual,274105780,2,25584.67
CAR04737,Maruti,Baleno,2019,Diesel,Automatic,70340,1,1197,19.6,56,5,Dealer,76815480,6,10048.57
CAR04738,Honda,Amaze,2024,Petrol,Manual,25547,1,1199,13.9,64,5,Dealer,124079500,1,12773.5
CAR04739,Honda,WR-V,2024,Electric,Manual,13804,1,1498,20.9,75,5,Individual,162033140,1,6902
CAR04740,Mahindra,Thar,2025,Diesel,Manual,8905,1,1997,13.5,105,5,Individual,259284260,0,8905
CAR04741,Tata,Altroz,2019,Diesel,Manual,19523,1,1199,22.5,45,5,Individual,78532890,6,2789
CAR04742,Toyota,Fortuner,2017,Petrol,Manual,70147,1,2755,22.3,195,5,Individual,207018680,8,7794.11
CAR04743,Toyota,Glanza,2014,Petrol,Manual,153494,1,1197,20,70,5,Individual,41610380,11,12791.17
CAR04744,Honda,City,2024,CNG,Manual,37596,1,1498,18.5,80,5,Individual,206239110,1,18798
CAR04745,Kia,Sonet,2024,CNG,Automatic,24178,2,1197,18.4,60,5,Dealer,165597350,1,12089
CAR04746,Honda,Jazz,2020,Diesel,Manual,63190,1,1199,21.5,49,5,Dealer,90665340,5,10531.67
CAR04747,Volkswagen,Polo,2014,Diesel,Manual,66581,1,999,17.7,58,5,Individual,45708490,11,5548.42
CAR04748,Tata,Harrier,2023,Diesel,Manual,51556,1,1956,16.7,128,5,Individual,239213420,2,17185.33
CAR04749,Renault,Triber,2017,Diesel,Manual,85623,2,999,16.4,72,5,Dealer,62464780,8,9513.67
CAR04750,Honda,Jazz,2020,Petrol,Automatic,56805,1,1199,23.1,59,5,Dealer,80763110,5,9467.5
CAR04751,Maruti,Wagon R,2021,Petrol,Manual,78298,1,1197,16.1,45,5,Individual,59302990,4,15659.6
CAR04752,Hyundai,Grand i10,2015,Petrol,Automatic,141176,2,1197,20,45,5,Individual,24574600,10,12834.18
CAR04753,Renault,Triber,2014,Diesel,Automatic,166287,1,999,20.9,66,5,Individual,32740420,11,13857.25
CAR04754,Renault,Kwid,2014,Petrol,Manual,138503,2,999,15,47,5,Dealer,19442320,11,11541.92
CAR04755,Tata,Harrier,2025,Petrol,Automatic,24035,1,1956,17.6,141,5,Dealer,278147270,0,24035
CAR04756,Kia,Carens,2025,CNG,Manual,5060,2,1497,18,132,5,Individual,233919260,0,5060
CAR04757,Mahindra,XUV700,2019,Diesel,Manual,64811,1,1997,23.6,165,5,Individual,196695790,6,9258.71
CAR04758,Hyundai,Venue,2019,Petrol,Manual,104552,1,1197,14.8,59,5,Individual,75926090,6,14936
CAR04759,Toyota,Urban Cruiser,2018,Petrol,Manual,77644,1,1462,18.6,66,7,Individual,75310490,7,9705.5
CAR04760,Kia,Sonet,2018,Diesel,Manual,84476,1,1197,17.8,81,5,Dealer,75390100,7,10559.5
CAR04761,Skoda,Slavia,2020,Petrol,Manual,86420,1,1498,14.7,102,5,Individual,136282250,5,14403.33
CAR04762,Renault,Kwid,2018,Petrol,Manual,119683,3,999,20.7,45,5,Dealer,31357410,7,14960.38
CAR04763,Maruti,Celerio,2021,Petrol,Manual,66729,2,998,15.9,45,5,Dealer,58879100,4,13345.8
CAR04764,Tata,Harrier,2018,Petrol,Manual,119082,2,1956,12,149,5,Dealer,128929250,7,14885.25
CAR04765,Toyota,Urban Cruiser,2021,Diesel,Automatic,40350,1,1462,20.6,88,5,Individual,114744800,4,8070
CAR04766,Hyundai,Grand i10,2025,Petrol,Manual,10720,2,1197,15.4,45,5,Individual,91912310,0,10720
CAR04767,Mahindra,XUV700,2016,Petrol,Manual,95418,2,1997,18,150,5,Individual,131727190,9,9541.8
CAR04768,Maruti,Wagon R,2014,Petrol,Manual,144416,1,1197,20.1,49,5,Individual,21299380,11,12034.67
CAR04769,Hyundai,Verna,2020,Petrol,Automatic,83177,1,1497,18.6,87,7,Individual,120579320,5,13862.83
CAR04770,Maruti,Celerio,2015,Petrol,Automatic,154737,1,998,20.2,45,5,Individual,28587400,10,14067
CAR04771,Tata,Nexon,2016,CNG,Manual,132671,1,1199,17.1,84,5,Dealer,61803580,9,13267.1
CAR04772,Volkswagen,Virtus,2023,Petrol,Manual,45394,1,1498,21.1,112,5,Dealer,186102340,2,15131.33
CAR04773,Hyundai,Verna,2019,Petrol,Manual,73702,1,1497,16.6,79,5,Dealer,96592200,6,10528.86
CAR04774,Skoda,Rapid,2020,Petrol,Manual,112728,1,1498,13.2,56,5,Dealer,73841030,5,18788
CAR04775,Tata,Nexon,2023,Diesel,Manual,25334,1,1199,11.9,69,5,Dealer,143358040,2,8444.67
CAR04776,Maruti,Brezza,2015,Petrol,Manual,111193,2,1462,16.6,45,5,Individual,40698380,10,10108.45
CAR04777,Honda,WR-V,2019,CNG,Automatic,90300,1,1498,18.6,61,5,Individual,78241430,6,12900
CAR04778,Volkswagen,Vento,2014,Diesel,Manual,207649,2,1498,17,50,7,Dealer,32815850,11,17304.08
CAR04779,Hyundai,Grand i10,2019,Diesel,Manual,75744,1,1197,20.3,45,5,Dealer,60521270,6,10820.57
CAR04780,Maruti,Celerio,2016,Diesel,Manual,103552,3,998,24.5,48,5,Dealer,31732280,9,10355.2
CAR04781,Renault,Kwid,2024,Petrol,Manual,18538,2,999,14.8,45,5,Individual,73900690,1,9269
CAR04782,Mahindra,XUV700,2017,Electric,Automatic,81050,2,1997,22.8,180,7,Dealer,154866530,8,9005.56
CAR04783,Honda,WR-V,2016,Electric,Automatic,136870,1,1498,20.8,83,5,Individual,54256970,9,13687
CAR04784,Volkswagen,Vento,2014,Petrol,Manual,211650,1,1498,14.5,69,7,Individual,31750520,11,17637.5
CAR04785,Renault,Duster,2015,Diesel,Automatic,125105,1,1498,16.3,75,5,Individual,51516220,10,11373.18
CAR04786,Honda,Amaze,2016,Petrol,Manual,98577,1,1199,22.4,45,7,Individual,45666120,9,9857.7
CAR04787,Mahindra,Scorpio,2016,Diesel,Manual,113117,2,2179,19.3,129,5,Individual,92665470,9,11311.7
CAR04788,Maruti,Baleno,2022,Diesel,Manual,27922,1,1197,18.7,46,7,Dealer,79267430,3,6980.5
CAR04789,Honda,Jazz,2024,CNG,Manual,47873,1,1199,18.9,46,7,Individual,118034840,1,23936.5
CAR04790,Mahindra,Thar,2024,Petrol,Manual,36631,2,1997,17.7,94,5,Dealer,248989680,1,18315.5
CAR04791,Hyundai,Creta,2025,Diesel,Manual,19183,1,1497,17.4,96,7,Individual,271777520,0,19183
CAR04792,Skoda,Kushaq,2024,Diesel,Manual,37777,2,1498,25.1,104,5,Individual,231929770,1,18888.5
CAR04793,Skoda,Rapid,2019,Petrol,Automatic,93337,1,1498,18.3,62,5,Individual,78407490,6,13333.86
CAR04794,Tata,Punch,2018,Diesel,Manual,110907,1,1199,19.7,51,5,Individual,51800460,7,13863.38
CAR04795,Honda,WR-V,2021,Diesel,Manual,63514,1,1498,19.7,67,5,Individual,93978370,4,12702.8
CAR04796,Hyundai,Grand i10,2017,Diesel,Automatic,115497,1,1197,23.2,45,5,Individual,40244660,8,12833
CAR04797,Mahindra,Thar,2021,Electric,Manual,81646,2,1997,22.4,114,5,Individual,127951890,4,16329.2
CAR04798,Hyundai,i10,2025,Petrol,Manual,18598,2,1197,16.1,45,5,Individual,79277690,0,18598
CAR04799,Honda,Jazz,2016,Petrol,Manual,78348,1,1199,18,46,7,Individual,49343760,9,7834.8
CAR04800,Mahindra,Thar,2023,Petrol,Manual,30230,1,1997,19.9,112,5,Individual,189078690,2,10076.67
CAR04801,Kia,Carens,2025,Petrol,Manual,12357,2,1497,21,112,5,Individual,264700400,0,12357
CAR04802,Mahindra,Scorpio,2020,Petrol,Manual,35176,1,2179,18.1,140,5,Individual,194914350,5,5862.67
CAR04803,Tata,Harrier,2018,CNG,Manual,63251,1,1956,21.7,106,5,Individual,141063790,7,7906.38
CAR04804,Volkswagen,Vento,2017,Petrol,Manual,74530,1,1498,20.5,60,5,Dealer,71370460,8,8281.11
CAR04805,Kia,Carens,2016,Diesel,Automatic,105636,2,1497,11.1,99,5,Individual,90431070,9,10563.6
CAR04806,Volkswagen,Polo,2017,Petrol,Automatic,136853,1,999,17.8,64,5,Dealer,48435370,8,15205.89
CAR04807,Toyota,Urban Cruiser,2022,Petrol,Manual,61413,1,1462,15.7,78,5,Dealer,149136890,3,15353.25
CAR04808,Renault,Triber,2020,CNG,Automatic,57881,3,999,21.2,50,5,Individual,70800840,5,9646.83
CAR04809,Honda,City,2016,Diesel,Automatic,108869,2,1498,20.4,86,5,Dealer,57775770,9,10886.9
CAR04810,Renault,Triber,2020,Petrol,Automatic,126306,1,999,21.2,69,5,Dealer,77532160,5,21051
CAR04811,Tata,Safari,2023,CNG,Automatic,40211,1,1956,16.8,144,5,Dealer,318358680,2,13403.67
CAR04812,Tata,Harrier,2014,Petrol,Manual,156283,2,1956,15.3,113,5,Dealer,69542090,11,13023.58
CAR04813,Mahindra,XUV700,2014,Petrol,Manual,135994,1,1997,14.8,171,7,Individual,108467200,11,11332.83
CAR04814,Mahindra,Bolero,2025,Petrol,Automatic,9795,2,1493,15.7,75,5,Individual,187425690,0,9795
CAR04815,Volkswagen,Taigun,2022,Diesel,Manual,77298,1,1498,15.2,102,5,Individual,152877420,3,19324.5
CAR04816,Tata,Nexon,2020,Petrol,Automatic,61616,1,1199,23.9,86,5,Dealer,111184960,5,10269.33
CAR04817,Renault,Kwid,2024,CNG,Automatic,37464,2,999,23.6,45,5,Individual,83460730,1,18732
CAR04818,Honda,Jazz,2021,Diesel,Manual,36858,1,1199,17,60,5,Individual,95787170,4,7371.6
CAR04819,Mahindra,Scorpio,2020,Petrol,Manual,48527,1,2179,17.5,140,5,Dealer,207518000,5,8087.83
CAR04820,Skoda,Rapid,2016,CNG,Automatic,102675,1,1498,19.7,59,7,Individual,61678560,9,10267.5
CAR04821,Mahindra,Thar,2023,Petrol,Manual,52455,2,1997,18,95,7,Individual,163757390,2,17485
CAR04822,Kia,Seltos,2023,Petrol,Automatic,41388,1,1497,15.2,102,5,Individual,198768690,2,13796
CAR04823,Skoda,Rapid,2017,Petrol,Automatic,120529,2,1498,12.9,76,5,Individual,48535120,8,13392.11
CAR04824,Skoda,Kushaq,2022,Petrol,Manual,51170,1,1498,15.8,74,5,Individual,204053920,3,12792.5
CAR04825,Toyota,Innova,2022,Petrol,Manual,43432,1,2393,21.6,153,7,Individual,218436160,3,10858
CAR04826,Toyota,Fortuner,2015,Petrol,Manual,80067,3,2755,13,246,5,Dealer,182222540,10,7278.82
CAR04827,Hyundai,i10,2015,Diesel,Automatic,120157,2,1197,22.6,45,5,Individual,26083580,10,10923.36
CAR04828,Mahindra,Bolero,2021,Petrol,Manual,74767,2,1493,19.2,67,5,Individual,79848260,4,14953.4
CAR04829,Skoda,Octavia,2021,Petrol,Manual,49854,1,1984,16.3,195,5,Dealer,246357040,4,9970.8
CAR04830,Toyota,Fortuner,2021,Diesel,Manual,25593,1,2755,21.6,266,5,Individual,391799000,4,5118.6
CAR04831,Honda,City,2018,Petrol,Manual,80293,1,1498,18.1,70,7,Individual,91550360,7,10036.62
CAR04832,Hyundai,Verna,2024,Diesel,Manual,30079,1,1497,12.9,80,5,Individual,174998360,1,15039.5
CAR04833,Honda,Amaze,2019,Diesel,Manual,56887,1,1199,18.1,56.5,5,Dealer,63507310,6,8126.71
CAR04834,Tata,Tiago,2016,Petrol,Automatic,113262,1,1199,16.4,46,5,Individual,41125880,9,11326.2
CAR04835,Skoda,Rapid,2015,Petrol,Manual,205645,1,1498,21.8,49,5,Dealer,38626240,10,18695
CAR04836,Mahindra,Thar,2024,Petrol,Automatic,20435,1,1997,16.3,121,5,Dealer,292004350,1,10217.5
CAR04837,Hyundai,Grand i10,2022,Petrol,Automatic,31059,1,1197,16.9,45,5,Dealer,87738770,3,7764.75
CAR04838,Maruti,Celerio,2019,Petrol,Manual,114748,1,998,14,47,5,Individual,49119750,6,16392.57
CAR04839,Renault,Kwid,2016,Diesel,Manual,157552,1,999,19.1,45,5,Dealer,28717550,9,15755.2
CAR04840,Skoda,Kushaq,2015,Diesel,Manual,194301,1,1498,15.7,110,5,Individual,67339800,10,17663.73
CAR04841,Volkswagen,Virtus,2015,Petrol,Manual,131206,1,1498,20.8,96,5,Individual,85899760,10,11927.82
CAR04842,Hyundai,Venue,2015,CNG,Manual,92000,2,1197,19.7,64,7,Individual,57205580,10,8363.64
CAR04843,Maruti,Brezza,2020,Petrol,Manual,61475,1,1462,13.9,73,7,Individual,96179140,5,10245.83
CAR04844,Hyundai,i20,2016,CNG,Manual,150790,2,1197,24.7,64,5,Dealer,44017110,9,15079
CAR04845,Volkswagen,Taigun,2015,Diesel,Manual,188290,1,1498,15.4,116,5,Individual,60889110,10,17117.27
CAR04846,Volkswagen,Vento,2017,Petrol,Manual,80875,2,1498,18.3,62,5,Individual,61844810,8,8986.11
CAR04847,Renault,Duster,2022,Petrol,Manual,22229,2,1498,13,56,5,Individual,112546880,3,5557.25
CAR04848,Maruti,Celerio,2019,Petrol,Manual,75331,2,998,18.4,49,5,Individual,60897850,6,10761.57
CAR04849,Hyundai,Grand i10,2015,CNG,Manual,101283,2,1197,24.2,54,5,Dealer,31054550,10,9207.55
CAR04850,Skoda,Kushaq,2022,Petrol,Manual,31856,1,1498,15.6,97,5,Individual,210781820,3,7964
CAR04851,Skoda,Rapid,2019,CNG,Manual,78629,1,1498,17.5,67,5,Dealer,60783660,6,11232.71
CAR04852,Volkswagen,Vento,2016,Petrol,Manual,132920,1,1498,14.1,64,7,Individual,49455290,9,13292
CAR04853,Hyundai,i10,2022,Petrol,Manual,30045,1,1197,17.3,48,5,Dealer,69069370,3,7511.25
CAR04854,Maruti,Baleno,2025,Diesel,Manual,24143,2,1197,25.1,52,5,Dealer,133756010,0,24143
CAR04855,Maruti,Brezza,2020,Petrol,Manual,70723,2,1462,20.7,70,5,Individual,83955300,5,11787.17
CAR04856,Kia,Sonet,2015,Petrol,Automatic,31542,1,1197,21,54,5,Dealer,86007680,10,2867.45
CAR04857,Renault,Kwid,2017,CNG,Manual,124760,1,999,19.05,46,5,Individual,32394050,8,13862.22
CAR04858,Kia,Carens,2021,Petrol,Manual,42296,1,1497,20.8,98,5,Individual,148468090,4,8459.2
CAR04859,Tata,Altroz,2025,CNG,Manual,15687,1,1199,24,69,5,Individual,131890020,0,15687
CAR04860,Volkswagen,Vento,2025,Electric,Automatic,16494,1,1498,23.4,61,5,Individual,167578480,0,16494
CAR04861,Maruti,Dzire,2025,Petrol,Automatic,24813,1,1197,15.6,52,5,Dealer,151999620,0,24813
CAR04862,Renault,Triber,2023,Diesel,Manual,38008,2,999,22.2,54,7,Dealer,121263510,2,12669.33
CAR04863,Renault,Triber,2020,Petrol,Manual,93911,1,999,15.5,52,5,Individual,65637590,5,15651.83
CAR04864,Volkswagen,Taigun,2021,Diesel,Manual,80449,2,1498,21.3,101,5,Dealer,134076540,4,16089.8
CAR04865,Renault,Duster,2022,Electric,Automatic,29618,1,1498,21.4,69,5,Individual,120675650,3,7404.5
CAR04866,Mahindra,Thar,2022,CNG,Manual,8105,1,1997,18,107,5,Individual,204229860,3,2026.25
CAR04867,Toyota,Fortuner,2021,CNG,Automatic,68555,1,2755,19.8,197,5,Dealer,445363610,4,13711
CAR04868,Honda,Amaze,2015,Petrol,Manual,152237,1,1199,23.4,58,5,Individual,37233160,10,13839.73
CAR04869,Skoda,Kushaq,2024,Diesel,Manual,30540,1,1498,15.8,79,5,Dealer,248457300,1,15270
CAR04870,Kia,Sonet,2014,Petrol,Manual,159182,2,1197,20.5,70,5,Individual,42787430,11,13265.17
CAR04871,Hyundai,Grand i10,2019,CNG,Manual,48414,1,1197,23.5,45,5,Individual,54999300,6,6916.29
CAR04872,Skoda,Rapid,2019,Petrol,Manual,82154,1,1498,16.9,70,5,Individual,64677140,6,11736.29
CAR04873,Maruti,Ertiga,2025,Petrol,Automatic,10103,1,1462,15.8,89,5,Individual,194504520,0,10103
CAR04874,Mahindra,XUV700,2015,Petrol,Manual,160495,1,1997,13.8,166,7,Individual,105957870,10,14590.45
CAR04875,Hyundai,i10,2019,Petrol,Manual,64624,1,1197,21.4,45,7,Individual,50327200,6,9232
CAR04876,Kia,Carens,2018,Petrol,Automatic,150277,1,1497,13.9,95,5,Individual,99994150,7,18784.62
CAR04877,Toyota,Urban Cruiser,2015,Petrol,Automatic,108896,1,1462,9.1,71,5,Dealer,67581480,10,9899.64
CAR04878,Toyota,Glanza,2016,CNG,Automatic,139668,2,1197,21.9,59,5,Individual,45526850,9,13966.8
CAR04879,Kia,Sonet,2019,Diesel,Automatic,69506,1,1197,15.2,78,7,Individual,93433070,6,9929.43
CAR04880,Volkswagen,Polo,2024,Petrol,Manual,35641,1,999,17.2,59,5,Individual,100559400,1,17820.5
CAR04881,Honda,Amaze,2018,Diesel,Automatic,124944,1,1199,15.3,45,5,Individual,64603800,7,15618
CAR04882,Skoda,Octavia,2024,Petrol,Manual,20432,1,1984,15.8,190,5,Individual,382542580,1,10216
CAR04883,Toyota,Fortuner,2022,Diesel,Automatic,55699,1,2755,19.5,257,5,Individual,423691830,3,13924.75
CAR04884,Hyundai,i20,2023,Petrol,Automatic,45198,2,1197,18.3,57,5,Individual,118873690,2,15066
CAR04885,Maruti,Baleno,2024,Diesel,Manual,28834,3,1197,23.3,49,5,Dealer,125486260,1,14417
CAR04886,Tata,Harrier,2022,Petrol,Manual,34384,1,1956,17.5,127,5,Individual,244683140,3,8596
CAR04887,Kia,Sonet,2022,Petrol,Automatic,38681,1,1197,17.8,75,7,Individual,133799520,3,9670.25
CAR04888,Mahindra,Bolero,2015,Diesel,Automatic,91835,1,1493,18.6,63,5,Dealer,67813850,10,8348.64
CAR04889,Honda,WR-V,2022,Diesel,Manual,43007,1,1498,22.1,67,5,Individual,129185560,3,10751.75
CAR04890,Toyota,Glanza,2014,Diesel,Automatic,107977,2,1197,15.9,61,5,Individual,42262080,11,8998.08
CAR04891,Renault,Duster,2022,Petrol,Manual,57327,1,1498,16.2,78,5,Individual,118318890,3,14331.75
CAR04892,Mahindra,Bolero,2021,Petrol,Manual,31515,2,1493,17.5,72,5,Individual,87703050,4,6303
CAR04893,Maruti,Swift,2023,Diesel,Manual,23584,1,1197,16.6,45,5,Dealer,114234650,2,7861.33
CAR04894,Maruti,Brezza,2021,Petrol,Manual,41794,1,1462,21.7,72,5,Individual,99110080,4,8358.8
CAR04895,Toyota,Fortuner,2018,Petrol,Manual,88275,2,2755,18.5,192,5,Dealer,203537120,7,11034.38
CAR04896,Toyota,Urban Cruiser,2018,Petrol,Automatic,54381,1,1462,13.8,65,5,Individual,74854680,7,6797.62
CAR04897,Renault,Triber,2021,Petrol,Manual,40046,2,999,18.7,49,5,Dealer,83679040,4,8009.2
CAR04898,Mahindra,Thar,2019,Petrol,Automatic,111985,2,1997,21.4,119,5,Individual,128134670,6,15997.86
CAR04899,Volkswagen,Taigun,2018,Petrol,Automatic,119676,1,1498,19.25,90,5,Dealer,126783390,7,14959.5
CAR04900,Mahindra,Thar,2019,Diesel,Manual,21682,1,1997,23.4,126,5,Individual,158525740,6,3097.43
CAR04901,Honda,Jazz,2020,Diesel,Automatic,64020,1,1199,20.1,51,5,Individual,102397840,5,10670
CAR04902,Kia,Seltos,2016,Diesel,Automatic,156285,1,1497,19.9,73,5,Individual,72034700,9,15628.5
CAR04903,Kia,Seltos,2021,Diesel,Manual,69535,1,1497,22.9,94,5,Dealer,146608750,4,13907
CAR04904,Volkswagen,Taigun,2017,Petrol,Manual,130090,1,1498,18.1,87,5,Individual,72449090,8,14454.44
CAR04905,Hyundai,Grand i10,2017,CNG,Manual,138569,1,1197,22.2,53,5,Individual,35427020,8,15396.56
CAR04906,Kia,Seltos,2019,Diesel,Manual,62920,2,1497,19.6,89,5,Dealer,93708950,6,8988.57
CAR04907,Tata,Safari,2015,Diesel,Manual,116713,2,1956,14,161,5,Dealer,85923130,10,10610.27
CAR04908,Volkswagen,Virtus,2021,Petrol,Manual,61295,1,1498,18.7,101,5,Dealer,174604680,4,12259
CAR04909,Volkswagen,Taigun,2022,Diesel,Automatic,49232,1,1498,20.1,110,5,Individual,160647090,3,12308
CAR04910,Kia,Seltos,2025,Diesel,Automatic,13415,1,1497,18.2,91,5,Individual,219581100,0,13415
CAR04911,Skoda,Octavia,2017,Diesel,Automatic,99157,1,1984,11.7,228,5,Dealer,150603500,8,11017.44
CAR04912,Mahindra,XUV700,2020,Diesel,Automatic,44189,2,1997,21.2,131,5,Individual,238514980,5,7364.83
CAR04913,Maruti,Dzire,2020,CNG,Manual,83557,2,1197,18.4,45,5,Dealer,76484120,5,13926.17
CAR04914,Kia,Carens,2022,CNG,Manual,34791,2,1497,17.6,109,5,Individual,171545870,3,8697.75
CAR04915,Volkswagen,Taigun,2021,Diesel,Manual,53299,1,1498,15.6,91,7,Dealer,183396550,4,10659.8
CAR04916,Hyundai,Creta,2023,Electric,Manual,49457,2,1497,16.6,101,5,Individual,151265460,2,16485.67
CAR04917,Hyundai,i20,2024,CNG,Manual,23658,2,1197,22.4,62,5,Individual,144560360,1,11829
CAR04918,Tata,Altroz,2015,Petrol,Automatic,113378,1,1199,24.6,55,5,Dealer,45789810,10,10307.09
CAR04919,Renault,Triber,2018,Diesel,Manual,49875,1,999,17.6,56,5,Dealer,76836760,7,6234.38
CAR04920,Mahindra,Thar,2021,Petrol,Manual,70858,1,1997,20,118,5,Dealer,170478830,4,14171.6
CAR04921,Skoda,Rapid,2020,Petrol,Manual,58582,1,1498,17.2,60,5,Individual,70099550,5,9763.67
CAR04922,Renault,Kwid,2019,Petrol,Manual,87384,1,999,18.3,45,5,Individual,40738850,6,12483.43
CAR04923,Mahindra,Thar,2016,Petrol,Manual,96893,1,1997,17.3,105,5,Dealer,100789680,9,9689.3
CAR04924,Kia,Seltos,2020,Petrol,Manual,36050,1,1497,19.8,119,7,Individual,116223000,5,6008.33
CAR04925,Honda,City,2022,Petrol,Automatic,28999,2,1498,13.9,94,5,Individual,149386740,3,7249.75
CAR04926,Maruti,Dzire,2014,Petrol,Automatic,119562,2,1197,17.8,45,5,Individual,29900110,11,9963.5
CAR04927,Honda,Jazz,2021,Diesel,Manual,71243,2,1199,22.7,60,5,Individual,85727620,4,14248.6
CAR04928,Mahindra,XUV700,2024,CNG,Manual,30049,2,1997,23.1,138,7,Individual,267822860,1,15024.5
CAR04929,Hyundai,Creta,2020,Electric,Manual,57203,1,1497,23.5,82,5,Individual,141391350,5,9533.83
CAR04930,Tata,Punch,2025,Petrol,Manual,23904,2,1199,17.8,45,5,Dealer,150367140,0,23904
CAR04931,Maruti,Wagon R,2018,Petrol,Manual,139378,1,1197,16.4,45,7,Dealer,38932710,7,17422.25
CAR04932,Volkswagen,Polo,2014,CNG,Manual,150990,2,999,19.9,54,5,Individual,30925920,11,12582.5
CAR04933,Renault,Kwid,2022,Petrol,Manual,55728,2,999,12.8,45,5,Individual,69157530,3,13932
CAR04934,Renault,Duster,2016,Electric,Manual,94853,1,1498,24,79,5,Individual,55179230,9,9485.3
CAR04935,Honda,City,2014,Diesel,Manual,154481,1,1498,23.4,86,5,Dealer,46775530,11,12873.42
CAR04936,Mahindra,XUV700,2016,Petrol,Automatic,115124,1,1997,18.4,169,5,Dealer,148600710,9,11512.4
CAR04937,Skoda,Slavia,2025,Petrol,Manual,26151,1,1498,17.5,116,5,Individual,262111650,0,26151
CAR04938,Mahindra,XUV500,2023,Petrol,Manual,58635,1,2179,19.3,104,5,Dealer,182104930,2,19545
CAR04939,Tata,Harrier,2017,Diesel,Manual,101903,1,1956,12.9,148,5,Individual,102063630,8,11322.56
CAR04940,Honda,Jazz,2021,Petrol,Automatic,59825,1,1199,16,50,5,Dealer,110723450,4,11965
CAR04941,Volkswagen,Taigun,2018,CNG,Manual,76197,1,1498,20.8,98,5,Dealer,104126080,7,9524.62
CAR04942,Toyota,Glanza,2016,Diesel,Manual,52290,2,1197,14.2,55,5,Dealer,67804920,9,5229
CAR04943,Renault,Triber,2025,Petrol,Manual,31043,1,999,18,55,5,Individual,124040740,0,31043
CAR04944,Renault,Kwid,2023,Petrol,Automatic,39992,2,999,11.9,45,5,Individual,66116580,2,13330.67
CAR04945,Maruti,Baleno,2018,Petrol,Automatic,60922,1,1197,19.6,68,5,Individual,70789630,7,7615.25
CAR04946,Volkswagen,Vento,2018,Petrol,Manual,164656,1,1498,18.2,74,5,Individual,58472690,7,20582
CAR04947,Honda,Jazz,2023,Diesel,Manual,54153,1,1199,18.7,69,5,Individual,99419780,2,18051
CAR04948,Mahindra,Bolero,2019,Diesel,Manual,64496,2,1493,21.6,73,5,Individual,98853200,6,9213.71
CAR04949,Tata,Safari,2018,Diesel,Manual,158332,1,1956,19.7,138,7,Individual,123169970,7,19791.5
CAR04950,Honda,Jazz,2018,Petrol,Manual,85180,1,1199,18.9,64,5,Individual,61624600,7,10647.5
CAR04951,Honda,Amaze,2019,Petrol,Manual,95582,1,1199,18.4,59,5,Individual,66012650,6,13654.57
CAR04952,Maruti,Wagon R,2020,CNG,Manual,84698,1,1197,18.4,45,7,Dealer,62994880,5,14116.33
CAR04953,Volkswagen,Polo,2014,Diesel,Automatic,113774,1,999,24,73,5,Individual,47046660,11,9481.17
CAR04954,Hyundai,Venue,2019,Diesel,Manual,75500,1,1197,23,79,5,Dealer,93415210,6,10785.71
CAR04955,Honda,Jazz,2019,Diesel,Manual,110467,1,1199,20.6,53,5,Dealer,58766240,6,15781
CAR04956,Hyundai,Creta,2017,CNG,Automatic,141771,2,1497,21.5,89,5,Individual,70571700,8,15752.33
CAR04957,Hyundai,Verna,2018,Petrol,Automatic,86163,1,1497,19.8,85,7,Individual,75620760,7,10770.38
CAR04958,Honda,WR-V,2019,Petrol,Manual,37144,1,1498,21.3,73,5,Dealer,85443380,6,5306.29
CAR04959,Skoda,Kushaq,2018,Diesel,Manual,101019,1,1498,25,118,5,Individual,107135110,7,12627.38
CAR04960,Skoda,Octavia,2024,Petrol,Manual,19857,3,1984,15.9,187,5,Individual,341860920,1,9928.5
CAR04961,Honda,City,2020,Diesel,Automatic,78101,1,1498,22.4,70,5,Dealer,131730610,5,13016.83
CAR04962,Mahindra,Bolero,2020,Petrol,Manual,61132,1,1493,17.2,88,5,Dealer,82913910,5,10188.67
CAR04963,Skoda,Octavia,2017,Petrol,Automatic,88666,1,1984,12.7,205,5,Individual,180616470,8,9851.78
CAR04964,Tata,Punch,2024,Petrol,Manual,21921,2,1199,20,57,7,Individual,127691590,1,10960.5
CAR04965,Skoda,Slavia,2014,CNG,Manual,178870,1,1498,25.4,110,5,Dealer,42588310,11,14905.83
CAR04966,Hyundai,Creta,2020,Diesel,Manual,27098,2,1497,22.2,100,5,Individual,142006950,5,4516.33
CAR04967,Tata,Tiago,2016,Petrol,Manual,157502,2,1199,17,45,5,Dealer,39698220,9,15750.2
CAR04968,Honda,City,2023,Petrol,Manual,37521,1,1498,18.7,69,5,Individual,167217480,2,12507
CAR04969,Maruti,Baleno,2018,Petrol,Automatic,92763,1,1197,19.6,60,5,Individual,64850230,7,11595.38
CAR04970,Renault,Kwid,2017,Petrol,Manual,83451,1,999,19.2,45,5,Individual,36334840,8,9272.33
CAR04971,Renault,Kwid,2014,Diesel,Automatic,150859,1,999,23,45,5,Dealer,26433560,11,12571.58
CAR04972,Honda,Amaze,2023,Petrol,Manual,48094,1,1199,20.3,68,5,Individual,121413610,2,16031.33
CAR04973,Renault,Duster,2018,Petrol,Manual,85240,1,1498,15.8,74,5,Dealer,74652140,7,10655
CAR04974,Volkswagen,Taigun,2017,Petrol,Manual,108358,1,1498,17.6,110,5,Dealer,110686970,8,12039.78
CAR04975,Renault,Duster,2024,Diesel,Manual,43679,1,1498,17.8,67,5,Dealer,159196820,1,21839.5
CAR04976,Renault,Kwid,2014,Diesel,Manual,75623,1,999,19.8,45,5,Dealer,34698940,11,6301.92
CAR04977,Mahindra,XUV700,2019,Diesel,Automatic,105661,1,1997,13.7,162,7,Individual,203451620,6,15094.43
CAR04978,Hyundai,i10,2015,Diesel,Manual,123859,1,1197,25.1,45,5,Individual,28050460,10,11259.91
CAR04979,Skoda,Kushaq,2015,Electric,Manual,114117,1,1498,20.2,116,5,Individual,78256820,10,10374.27
CAR04980,Kia,Seltos,2014,Petrol,Manual,67318,1,1497,16,93,5,Individual,72280370,11,5609.83
CAR04981,Skoda,Kushaq,2016,CNG,Manual,52320,2,1498,21.2,99,5,Individual,102812230,9,5232
CAR04982,Skoda,Rapid,2025,Diesel,Manual,25108,1,1498,15.2,68,5,Dealer,148085050,0,25108
CAR04983,Hyundai,Venue,2019,Petrol,Manual,53453,1,1197,16.5,62,5,Dealer,98081420,6,7636.14
CAR04984,Toyota,Urban Cruiser,2025,Diesel,Manual,22777,2,1462,19.8,81,5,Individual,162286790,0,22777
CAR04985,Hyundai,Creta,2017,Diesel,Automatic,79032,1,1497,24.2,96,5,Individual,89982290,8,8781.33
CAR04986,Maruti,Brezza,2023,Diesel,Manual,38098,1,1462,19.7,73,5,Dealer,143318140,2,12699.33
CAR04987,Skoda,Kushaq,2015,Petrol,Manual,104075,1,1498,16.3,136,5,Dealer,70157500,10,9461.36
CAR04988,Skoda,Kushaq,2015,Petrol,Manual,98889,1,1498,14.1,101,7,Dealer,80244600,10,8989.91
CAR04989,Skoda,Slavia,2014,CNG,Manual,99498,2,1498,27.4,107,7,Individual,72931120,11,8291.5
CAR04990,Renault,Duster,2024,Petrol,Automatic,39676,2,1498,17.7,70,5,Individual,151243420,1,19838
CAR04991,Kia,Seltos,2022,Petrol,Automatic,59763,1,1497,17.7,73,5,Dealer,185573950,3,14940.75
CAR04992,Mahindra,XUV700,2022,Petrol,Automatic,50204,1,1997,13.4,166,5,Individual,258303100,3,12551
CAR04993,Skoda,Octavia,2025,Petrol,Automatic,16141,2,1984,19.1,122,5,Dealer,496688120,0,16141
CAR04994,Mahindra,XUV500,2017,CNG,Manual,106829,1,2179,19.2,108,5,Individual,81204100,8,11869.89
CAR04995,Kia,Carens,2022,Diesel,Manual,36835,3,1497,23.7,96,5,Individual,170855980,3,9208.75
CAR04996,Tata,Altroz,2020,CNG,Manual,84733,2,1199,22.4,54,7,Individual,80625170,5,14122.17
CAR04997,Volkswagen,Virtus,2020,Petrol,Automatic,65988,1,1498,17.9,104,5,Dealer,134997090,5,10998
CAR04998,Renault,Duster,2021,Petrol,Automatic,17308,1,1498,13.5,58,5,Individual,121247930,4,3461.6
CAR04999,Kia,Sonet,2019,Petrol,Manual,87690,1,1197,17.2,72,5,Dealer,84279440,6,12527.14
CAR05000,Toyota,Glanza,2014,Petrol,Manual,72067,1,1197,16.9,51,5,Dealer,47826610,11,6005.58
CAR01502,Tata,Safari,2014,Petrol,Automatic,94459,3,1956,20,131,5,Dealer,77285350,11,7871.58
CAR02587,Honda,WR-V,2025,Diesel,Manual,22564,3,1498,26.9,77,5,Individual,124487430,0,22564
CAR02654,Honda,Amaze,2024,Petrol,Manual,39907,2,1199,15.4,49,5,Dealer,108110950,1,19953.5
CAR01056,Skoda,Octavia,2016,Petrol,Manual,94649,2,1984,12.2,159,5,Individual,168406880,9,9464.9
CAR00706,Mahindra,Bolero,2021,Petrol,Manual,84055,1,1493,21.7,69,5,Individual,92735390,4,16811
CAR00107,Volkswagen,Virtus,2023,Diesel,Manual,49565,2,1498,20.9,96,5,Individual,159411710,2,16521.67
CAR00590,Renault,Triber,2023,Petrol,Automatic,42333,1,999,14.3,49,5,Individual,126912590,2,14111
CAR02469,Maruti,Celerio,2019,Petrol,Automatic,76851,1,998,15.5,49,5,Individual,59201340,6,10978.71
CAR02414,Kia,Seltos,2018,Petrol,Manual,107719,2,1497,21.2,95,5,Individual,94183570,7,13464.88
CAR01601,Honda,City,2024,Petrol,Manual,33809,1,1498,21.5,86,5,Dealer,201791400,1,16904.5
CAR02465,Toyota,Fortuner,2025,Petrol,Manual,10022,1,2755,21.1,276,5,Individual,562620020,0,10022
CAR00229,Mahindra,XUV500,2014,Diesel,Manual,85650,3,2179,15.1,107,5,Dealer,62963150,11,7137.5
CAR00916,Toyota,Innova,2021,CNG,Manual,80466,1,2393,22.9,166,5,Individual,190874380,4,16093.2
CAR00795,Toyota,Fortuner,2017,Diesel,Manual,63262,3,2755,20.2,250,5,Individual,219865150,8,7029.11
CAR03022,Hyundai,Creta,2023,Diesel,Manual,54441,1,1497,21.8,110,5,Dealer,202061580,2,18147
